1499,1563,0
1500,1563,1499
1500,159,1563
1,1500,1499
159,1500,158
1521,157,158
92,790,789
1521,158,1500
1521,1500,1562
1478,1479,1501
1478,1501,1521
1343,6,7
1419,1420,1439
846,805,806
275,300,274
46,167,45
50,172,49
177,172,50
831,790,93
1521,156,157
1522,154,155
153,1523,152
1501,155,156
1501,1522,155
1521,1501,156
1562,1458,1478
1,1562,1500
1521,1562,1478
1459,1479,1478
1458,1459,1478
1561,2,3
1561,1458,2
2,1562,1
1562,2,1458
1326,1309,1310
1343,1559,6
1559,5,6
5,1559,1380
1346,1328,1347
1365,1346,1347
1283,1262,1263
1262,1283,1282
1296,1283,1297
1283,1296,1282
1296,1295,1282
1309,1295,1310
1295,1296,1310
1296,1311,1310
1311,1296,1297
1522,1523,153
1522,153,154
1479,1522,1501
1480,1523,1522
1366,1365,1347
1527,143,1507
1507,143,144
1262,1236,1263
1552,17,951
805,764,806
764,805,763
805,804,763
301,300,275
1544,29,331
1544,331,332
1544,365,400
368,367,334
273,249,274
273,30,31
29,1543,331
30,273,299
669,1548,629
1548,23,629
1548,22,23
44,164,43
164,44,45
286,287,312
177,176,172
177,178,53
51,177,50
177,51,52
178,177,52
176,175,172
1538,36,37
1541,232,32
233,249,1542
250,275,274
250,249,233
249,250,274
225,224,214
247,264,263
1438,1419,1439
1438,1458,1561
1438,1459,1458
1459,1438,1439
37,38,169
1418,1399,1419
1438,1418,1419
1418,1438,1561
3,1418,1561
3,4,1418
1400,1420,1419
1399,1400,1419
1399,1560,1380
1560,5,1380
5,1560,4
1560,1418,4
1418,1560,1399
1343,1325,1344
1326,1325,1309
1325,1326,1344
1549,20,21
19,20,1550
1362,1343,1344
1363,1362,1344
1362,1559,1343
1559,1362,1380
1101,1135,1100
1345,1363,1344
1326,1345,1344
1294,1295,1309
1523,1503,152
1503,1523,1502
1479,1480,1522
1480,1502,1523
1527,1507,1508
1506,144,145
1402,1403,1422
1442,1443,1463
1503,151,152
1508,141,142
142,1527,1508
1508,1509,141
1515,1516,130
709,750,1549
22,709,21
709,22,1548
709,1548,669
1551,912,951
1551,17,18
17,1551,951
872,1550,832
19,872,18
1551,872,912
1551,18,872
919,879,880
917,877,878
1101,1066,1102
1031,1066,1030
994,1030,993
994,1031,1030
1031,994,995
914,953,913
602,601,562
641,680,640
241,228,242
228,229,242
229,243,242
1160,1161,1195
102,1277,1257
921,881,882
804,762,763
276,301,275
365,332,366
1544,332,365
27,400,436
1544,28,29
27,28,400
28,1544,400
259,243,260
243,259,242
549,1546,510
24,25,549
1546,25,26
23,1547,629
24,549,589
162,1537,39
1536,41,162
1536,40,41
160,162,41
42,161,164
163,160,42
160,163,162
42,164,163
161,43,164
70,248,247
69,247,246
247,248,264
70,247,69
69,246,68
246,247,263
67,245,66
229,230,243
184,53,54
184,177,53
179,36,1538
48,46,47
48,168,46
168,167,46
171,168,49
171,49,172
168,48,49
32,1542,31
232,1542,32
233,1542,232
1542,273,31
273,1542,249
220,234,233
234,250,233
215,225,214
58,207,199
211,212,222
239,238,225
238,224,225
364,397,363
364,363,85
86,398,397
86,397,364
362,330,85
362,85,363
329,330,362
330,329,84
82,325,324
325,83,326
846,847,887
847,846,806
847,888,887
271,79,80
298,323,297
81,298,297
82,324,323
82,323,298
356,323,324
288,287,263
264,288,263
586,588,626
170,168,171
175,171,172
1325,1308,1309
1308,1294,1309
1558,1343,7
1558,1325,1343
8,1558,7
1308,1558,8
1558,1308,1325
1381,1363,1382
1381,1399,1380
1400,1381,1382
1381,1400,1399
1381,1362,1363
1362,1381,1380
1401,1400,1382
1400,1401,1420
1401,1383,1402
1383,1401,1382
1030,1029,993
1136,1101,1102
1136,1135,1101
1135,1136,1170
1235,1236,1262
1167,1200,1166
13,1554,1166
12,13,1166
1363,1364,1382
1364,1346,1365
1364,1383,1382
1383,1364,1365
1364,1345,1346
1345,1364,1363
1346,1327,1328
1311,1327,1310
1327,1326,1310
1327,1311,1328
1327,1345,1326
1345,1327,1346
1295,1281,1282
1294,1281,1295
1482,1463,1464
1459,1460,1479
1460,1459,1439
1460,1480,1479
1507,1486,1508
1506,145,1526
1505,1526,146
146,147,1505
1506,1507,144
1384,1383,1365
1383,1384,1402
1366,1384,1365
1384,1403,1402
1497,1535,125
1353,1372,1371
1372,1390,1371
674,675,715
675,674,635
800,758,759
758,800,799
879,839,880
756,755,715
755,756,797
794,834,793
877,837,878
918,919,958
918,958,957
918,879,919
879,918,878
918,917,878
917,918,957
632,633,672
633,632,592
550,511,551
476,514,513
1204,1203,1170
955,994,993
1026,1552,990
16,1026,15
1552,16,17
1026,1553,15
952,912,913
912,952,951
953,952,913
991,952,953
874,914,913
599,598,559
764,723,724
723,764,763
681,680,641
680,681,721
241,257,240
1161,1196,1195
1279,1278,1257
1278,1279,101
1194,1160,1195
1228,1194,1195
939,978,938
978,939,979
1110,1145,1144
919,959,958
846,845,805
845,804,805
367,333,334
333,301,334
301,333,300
333,367,366
333,332,300
332,333,366
1543,299,331
300,299,274
299,273,274
30,299,1543
300,331,299
300,332,331
553,552,513
552,553,592
514,553,513
368,369,404
406,370,371
550,589,549
24,589,1547
1547,589,629
164,45,167
169,166,165
164,167,166
170,166,167
285,261,286
261,285,260
374,373,340
66,245,231
246,67,68
67,246,245
262,287,286
287,262,263
262,246,263
246,262,245
262,261,245
261,262,286
184,190,189
190,184,54
182,175,176
196,188,189
188,196,195
202,194,195
232,219,209
232,220,233
219,232,1541
232,209,220
221,211,222
221,234,220
251,276,275
250,251,275
276,251,252
234,251,250
191,55,56
198,191,199
191,56,57
190,191,198
55,191,190
55,190,54
226,239,225
239,226,240
215,226,225
191,57,199
57,58,199
58,59,207
236,253,252
223,236,222
212,223,222
238,255,254
255,238,239
398,399,434
399,398,86
468,469,505
434,399,87
87,435,470
541,542,581
397,396,363
396,397,432
396,362,363
431,396,432
502,465,466
888,927,887
928,927,888
78,270,77
78,79,271
271,272,81
272,271,80
271,81,296
296,81,297
571,570,531
322,323,355
296,322,321
322,296,297
322,354,321
357,326,358
464,463,428
615,576,616
499,536,498
530,570,569
570,530,531
529,530,569
565,564,525
564,565,604
487,488,525
489,488,452
347,314,315
290,265,266
72,265,71
248,70,71
248,71,265
289,248,265
707,749,748
749,708,92
871,831,93
667,666,626
627,667,626
91,668,627
91,627,628
668,667,627
708,668,91
588,627,626
587,90,588
587,548,90
628,588,90
627,588,628
666,625,626
470,469,434
87,470,434
665,625,666
625,665,624
984,944,945
174,171,175
791,20,1549
20,791,1550
992,991,953
1029,992,993
1065,1101,1100
1066,1065,1030
1065,1066,1101
1065,1029,1030
1202,1203,1236
1235,1202,1236
1098,1063,1099
1502,1480,1461
1503,1502,1481
1481,1482,1504
1442,1441,1422
1505,147,1525
1505,1506,1526
1524,1525,148
148,149,1524
1423,1442,1422
1403,1423,1422
1442,1423,1443
1404,1423,1403
1385,1384,1366
1385,1366,1367
1384,1385,1403
1385,1404,1403
1066,1067,1102
1067,1066,1031
1137,1136,1102
1267,1266,1240
1328,1329,1347
1175,1141,1176
1109,1110,1144
1503,1504,150
149,1504,1524
1481,1504,1503
1524,1482,1483
1524,1483,1505
124,1519,123
1497,1519,124
1497,125,1518
1497,124,1535
126,1518,125
1516,129,130
1518,1496,1497
136,1512,1530
1511,136,137
1454,1475,1474
1515,1494,1516
1475,1494,1474
131,1515,130
1409,1408,1390
1412,1411,1393
1432,1452,1451
677,638,678
638,677,637
676,677,717
677,676,637
800,840,799
840,881,880
839,840,880
840,839,799
713,712,672
758,757,717
757,758,799
796,755,797
837,796,797
838,879,878
838,839,879
837,838,878
838,837,797
835,794,795
794,835,834
591,552,592
632,591,592
552,591,551
631,591,632
792,751,793
671,632,672
631,671,670
712,671,672
671,631,632
711,671,712
671,711,670
674,634,635
634,594,635
367,402,366
27,436,1545
512,552,551
552,512,513
512,511,474
511,512,551
510,550,549
549,25,1546
510,511,550
477,440,441
514,477,515
476,477,514
477,476,440
1236,1237,1263
1203,1237,1236
1204,1237,1203
1237,1204,1238
956,917,957
995,956,957
994,956,995
955,956,994
990,1552,951
1026,990,1027
1026,16,1552
990,991,1027
990,952,991
952,990,951
874,833,834
834,833,793
833,792,793
847,848,888
606,647,646
647,606,607
645,684,644
604,645,644
684,645,685
645,646,685
765,764,724
764,765,806
677,718,717
718,677,678
758,718,759
718,758,717
719,718,678
718,719,759
679,719,678
680,679,640
762,761,721
643,683,682
684,683,644
683,684,724
683,643,644
683,723,682
723,683,724
642,601,602
601,642,641
643,642,602
642,643,682
681,642,682
642,681,641
762,722,763
723,722,682
722,762,721
722,723,763
681,722,721
722,681,682
259,258,242
258,241,242
258,257,241
257,258,282
1229,1228,1195
1196,1229,1195
1127,1092,1128
99,1199,1164
1164,1131,1165
1165,1131,98
103,1256,1277
1227,103,1255
1256,1227,1228
1226,1227,1255
1227,1226,1193
1227,1256,103
1227,1194,1228
1194,1227,1193
939,940,979
940,980,979
1057,1020,1021
1191,1225,1224
1179,1178,1144
1145,1179,1144
1111,1145,1110
959,960,998
886,846,887
886,845,846
554,514,515
555,554,515
554,555,594
554,553,514
555,595,594
594,595,635
335,368,334
335,369,368
373,339,340
370,337,371
281,257,282
281,306,280
440,405,441
405,440,404
369,405,404
405,369,370
406,405,370
405,406,441
630,631,670
630,669,629
669,630,670
589,630,629
37,169,1538
449,414,450
487,486,450
486,449,450
522,523,562
284,259,260
285,284,260
311,286,312
311,285,286
230,65,231
66,231,65
261,244,231
243,244,260
244,261,260
230,244,243
261,231,245
230,64,65
231,244,230
64,230,229
64,229,63
63,229,218
62,218,61
63,218,62
218,229,228
217,218,228
217,60,61
207,206,199
206,215,214
206,198,199
215,206,207
206,205,198
205,206,214
186,194,193
184,183,177
177,183,176
183,184,189
188,183,189
182,183,188
183,182,176
205,197,198
190,197,189
197,190,198
197,205,204
197,196,189
196,197,204
203,212,211
212,203,204
196,203,195
203,196,204
202,203,211
203,202,195
194,201,193
202,201,194
219,208,200
219,33,208
219,1541,33
185,179,180
192,185,193
185,186,193
186,185,180
235,221,222
236,235,222
235,236,252
221,235,234
235,251,234
251,235,252
241,227,228
227,241,240
227,217,228
226,227,240
216,226,215
216,215,207
59,216,207
216,227,226
216,59,60
227,216,217
217,61,218
216,60,217
224,213,214
213,212,204
213,205,214
205,213,204
213,223,212
223,213,224
253,237,254
237,238,254
238,237,224
237,253,236
223,237,236
237,223,224
279,255,280
255,279,254
396,395,362
395,396,431
329,328,84
503,541,540
503,502,466
502,503,540
397,433,432
433,398,434
398,433,397
469,433,434
468,433,469
433,468,432
620,661,660
469,506,505
469,470,471
1004,1040,1003
1149,1114,1115
733,773,732
773,815,814
772,773,814
773,772,732
813,772,814
854,813,814
813,854,853
978,977,938
656,615,616
899,939,938
977,937,938
777,819,818
270,294,269
648,647,607
570,609,569
424,460,459
535,497,498
536,535,498
495,458,459
532,495,533
532,571,531
354,353,321
356,355,323
355,356,389
322,355,354
322,297,323
359,358,326
357,356,324
326,324,325
326,357,324
502,501,465
501,464,465
463,427,428
537,576,536
499,537,536
527,489,490
528,527,490
568,529,569
568,528,529
563,602,562
523,563,562
451,416,452
451,487,450
451,488,487
488,451,452
72,266,265
288,313,287
287,313,312
313,345,312
314,313,288
264,289,314
289,290,315
314,289,315
264,314,288
289,265,290
289,264,248
492,530,529
416,417,452
455,454,419
454,418,419
1080,1116,1115
698,739,738
779,739,780
739,779,738
94,950,910
94,910,911
911,871,94
950,949,910
749,707,668
668,707,667
749,668,708
786,828,827
828,786,787
831,871,911
586,587,588
625,586,626
705,665,666
665,664,624
697,698,738
578,579,618
617,578,618
983,1022,1021
1022,983,984
983,944,984
944,983,943
1162,1196,1161
1162,1127,1128
1127,1162,1161
1163,1162,1128
1022,1058,1021
1058,1057,1021
1058,1022,1059
1094,1058,1059
1129,1163,1128
1128,1130,1129
985,984,945
954,955,993
954,914,915
914,954,953
955,954,915
954,992,953
992,954,993
991,1028,1027
1028,1063,1027
1028,992,1029
992,1028,991
1261,1235,1262
1261,1262,1282
1281,1261,1282
1261,1234,1235
1280,1281,1294
1401,1421,1420
1421,1402,1422
1421,1401,1402
1441,1421,1422
1481,1463,1482
1462,1442,1463
1481,1462,1463
1462,1441,1442
1443,1464,1463
1482,1464,1483
1486,1487,1508
1487,1509,1508
1387,1368,1369
1104,1105,1139
1105,1070,1106
1138,1104,1139
1171,1204,1170
1136,1171,1170
1137,1171,1136
1209,1175,1176
1209,1243,1242
1266,1239,1240
1243,1269,1242
1269,1243,1270
1269,1290,1289
1290,1269,1270
1241,1267,1240
1267,1287,1266
1319,1318,1304
1370,1352,1371
1352,1353,1371
1312,1311,1297
1311,1312,1328
1329,1312,1313
1312,1329,1328
1366,1348,1367
1348,1366,1347
1329,1348,1347
1314,1315,1331
1315,1314,1300
1107,1141,1106
1073,1109,1108
1177,1210,1176
1209,1210,1243
1210,1209,1176
1143,1109,1144
1178,1143,1144
1109,1143,1108
1177,1143,1178
1524,1505,1525
1524,1504,1482
149,150,1504
1503,150,151
122,1520,121
122,123,1519
122,1519,1520
121,1520,120
126,1534,1518
1533,129,1516
128,1517,127
1517,1496,1518
1516,128,1533
1516,1517,128
1517,1534,127
1534,1517,1518
1519,119,1520
1519,1498,119
1498,1519,1497
118,1498,1497
1437,1417,117
1437,1436,1416
116,1417,1416
1398,1379,1361
1379,1398,1397
140,1509,1510
1509,1528,141
1511,1512,136
1398,1361,116
1453,1454,1474
1454,1453,1434
1453,1473,1452
1473,1453,1474
1473,1472,1452
1452,1472,1451
131,1532,1515
1514,1532,132
1514,1515,1532
1493,1473,1474
1494,1493,1474
1493,1494,1515
1514,1493,1515
1513,1512,1491
1512,1513,135
1512,135,1530
1513,133,1531
1468,1448,1469
1354,1372,1353
1410,1411,1430
1431,1450,1430
1450,1431,1451
1411,1431,1430
1431,1411,1412
1432,1431,1412
1431,1432,1451
1378,1379,1397
596,597,637
638,597,598
597,638,637
714,674,715
755,714,715
794,753,795
713,753,712
716,756,715
675,716,715
716,676,717
676,716,675
716,757,756
757,716,717
757,798,756
839,798,799
756,798,797
798,757,799
838,798,839
798,838,797
914,875,915
875,876,915
875,874,834
874,875,914
875,835,876
835,875,834
796,836,795
876,836,877
836,837,877
836,796,837
836,835,795
835,836,876
710,669,670
711,710,670
710,709,669
751,710,711
403,367,368
403,368,404
403,402,367
365,401,400
401,365,366
402,401,366
401,402,437
436,401,437
401,436,400
472,1546,26
473,1546,472
1545,472,26
436,472,1545
876,916,915
916,876,877
917,916,877
916,955,915
916,956,955
956,916,917
872,873,912
912,873,913
873,874,913
873,833,874
971,1009,970
726,767,766
767,726,727
1009,1008,970
889,929,928
889,928,888
889,848,849
848,889,888
606,605,566
605,565,566
565,605,604
605,606,646
645,605,646
605,645,604
646,686,685
647,686,646
726,686,727
686,726,685
725,684,685
684,725,724
726,725,685
725,726,766
765,725,766
725,765,724
807,848,847
807,847,806
765,807,806
807,765,766
599,639,598
639,599,640
638,639,678
639,638,598
639,679,678
679,639,640
803,762,804
803,761,762
720,679,680
720,680,721
679,720,719
761,720,721
1259,1231,100
101,1279,1258
101,1258,1259
100,1231,1198
99,1232,1199
102,1257,1278
1229,1279,1257
1256,1257,1277
1256,1229,1257
1256,1228,1229
1230,1279,1229
1126,1127,1161
1126,1161,1160
1088,1124,1123
1123,1124,1158
1090,1054,1055
1092,1056,1057
1056,1020,1057
941,940,901
980,941,981
941,980,940
941,942,981
1226,1192,1193
1193,1192,1158
104,1191,1192
1111,1076,1112
999,1035,998
960,999,998
881,920,880
920,919,880
920,881,921
920,959,919
920,960,959
960,920,921
553,593,592
593,634,633
593,633,592
634,593,594
554,593,553
593,554,594
636,676,675
636,675,635
636,596,637
676,636,637
636,595,596
595,636,635
372,339,373
256,239,240
257,256,240
255,256,280
256,255,239
281,256,257
256,281,280
339,307,340
307,308,340
308,307,282
307,339,306
281,307,306
307,281,282
516,555,515
406,442,441
374,409,373
590,589,550
591,590,551
590,550,551
590,591,631
590,630,589
630,590,631
1537,38,39
1537,169,38
162,39,1536
170,167,168
174,170,171
345,379,378
379,414,378
413,377,378
377,413,412
413,414,449
414,413,378
601,561,562
561,522,562
485,486,523
486,485,449
522,485,523
187,188,195
187,182,188
194,187,195
186,187,194
209,210,220
210,221,220
210,202,211
221,210,211
210,201,202
201,210,209
34,208,33
1540,193,200
200,201,209
201,200,193
219,200,209
179,1539,36
179,185,192
1539,192,35
179,192,1539
306,305,280
305,337,304
279,305,304
305,279,280
328,327,84
328,360,359
328,359,327
359,83,327
359,326,83
467,431,432
468,467,432
431,467,466
467,503,466
541,580,540
580,579,540
580,541,581
620,580,581
662,701,661
542,582,581
733,774,773
774,815,773
855,815,856
815,855,814
854,855,895
855,854,814
935,975,974
975,1013,974
975,935,936
975,1014,1013
1052,1051,1015
1051,1014,1015
695,656,696
695,735,694
692,733,732
692,652,653
652,612,653
612,652,611
898,899,938
937,898,938
735,776,775
776,817,775
817,776,818
776,777,818
295,296,321
296,295,271
294,295,320
271,295,270
271,270,78
267,75,268
496,495,459
495,496,533
496,460,497
460,496,459
425,424,389
425,460,424
423,424,459
458,423,459
458,494,457
494,458,495
532,494,495
494,532,531
384,350,351
420,455,419
384,420,419
420,385,421
385,384,351
385,420,384
462,499,498
499,462,463
427,462,426
462,427,463
358,359,360
427,392,428
500,501,538
500,499,463
464,500,463
501,500,464
500,537,499
537,500,538
565,526,566
488,526,525
526,565,525
526,488,489
527,526,489
526,527,566
606,567,607
527,567,566
567,606,566
567,527,528
568,567,528
567,568,607
564,524,525
524,487,525
486,524,523
524,486,487
563,524,564
524,563,523
603,643,602
603,604,644
643,603,644
603,564,604
563,603,602
603,563,564
381,417,416
491,528,490
528,491,529
491,492,529
492,491,455
491,454,455
454,491,490
489,453,490
453,489,452
417,453,452
453,417,418
454,453,418
453,454,490
1117,1151,1116
1151,1117,1152
1222,1223,106
1114,1079,1115
1080,1079,1044
1079,1080,1115
777,778,819
779,778,738
904,944,943
949,95,989
949,950,95
785,786,827
785,744,745
786,785,745
744,785,784
785,826,784
826,785,827
548,547,89
547,548,587
546,587,586
585,625,624
585,586,625
746,786,745
705,746,745
786,746,787
744,704,745
704,705,745
704,744,703
705,704,665
704,664,665
664,704,703
659,658,618
658,617,618
658,659,698
697,658,698
539,502,540
579,539,540
501,539,538
539,501,502
578,539,579
539,578,538
577,617,616
576,577,616
577,537,538
537,577,576
577,578,617
578,577,538
942,982,981
1020,982,1021
982,1020,981
982,942,943
983,982,943
982,983,1021
1197,1162,1163
1162,1197,1196
99,1164,1165
1164,1130,1131
1199,1129,1164
1164,1129,1130
1092,1093,1128
1058,1093,1057
1093,1092,1057
1093,1058,1094
1130,1093,1094
1128,1093,1130
1095,1061,1096
1096,1061,97
1024,1061,1060
97,1024,986
1024,97,1061
1060,1095,1059
1095,1094,1059
1131,1094,1095
1131,1130,1094
1095,1060,1061
1131,1095,98
1095,1096,98
1023,1022,984
1023,1060,1059
1022,1023,1059
1023,1024,1060
1023,985,1024
985,1023,984
97,986,1025
985,986,1024
1064,1065,1100
1099,1064,1100
1063,1064,1099
1065,1064,1029
1064,1028,1029
1028,1064,1063
1203,1169,1170
1169,1135,1170
1202,1169,1203
1168,1169,1202
1133,1098,1099
1133,1168,1167
1167,1201,1200
1201,1202,1235
1234,1201,1235
1201,1234,1200
1168,1201,1167
1201,1168,1202
14,1097,1554
1097,14,1553
1553,14,15
14,1554,13
1062,1026,1027
1063,1062,1027
1062,1553,1026
1098,1062,1063
1062,1097,1553
1097,1062,1098
1280,9,10
1555,11,12
1200,1555,1166
1555,12,1166
1261,1260,1234
1260,1261,1281
1280,1260,1281
1420,1440,1439
1440,1460,1439
1440,1421,1441
1421,1440,1420
1408,1389,1390
1390,1389,1371
1389,1370,1371
1407,1389,1408
1424,1423,1404
1423,1424,1443
1427,1407,1408
1487,1467,1468
1467,1487,1486
1488,1468,1469
1488,1510,1509
1487,1488,1509
1488,1487,1468
1368,1350,1369
1385,1386,1404
1386,1385,1367
1386,1368,1387
1368,1386,1367
997,959,998
959,997,958
1140,1174,1139
1141,1140,1106
1140,1141,1175
1174,1140,1175
1105,1140,1139
1140,1105,1106
1207,1241,1240
1138,1172,1137
1172,1171,1137
1322,1323,1339
1357,1338,1339
1338,1322,1339
1320,1305,1306
1305,1319,1304
1305,1320,1319
1305,1292,1306
1264,1237,1238
1237,1264,1263
1269,1268,1242
1268,1269,1289
1241,1268,1267
1268,1241,1242
1287,1286,1266
1286,1287,1300
1290,1303,1289
1303,1290,1304
1303,1318,1317
1318,1303,1304
1318,1334,1317
1352,1334,1353
1312,1298,1313
1298,1312,1297
1330,1329,1313
1330,1348,1329
1330,1314,1331
1314,1330,1313
1287,1301,1300
1301,1315,1300
1035,1071,1070
1070,1071,1106
1071,1107,1106
963,1002,1001
883,922,882
922,921,882
1211,1177,1178
1211,1210,1177
1142,1107,1108
1141,1142,1176
1142,1177,1176
1107,1142,1141
1142,1143,1177
1143,1142,1108
1496,1495,1476
1495,1475,1476
1494,1495,1516
1495,1494,1475
1517,1495,1496
1495,1517,1516
1477,1457,118
1477,1496,1476
1496,1477,118
1496,118,1497
1414,1415,1434
1475,1455,1476
1454,1455,1475
1512,1490,1491
1511,1490,1512
133,1514,132
1513,1514,133
1513,134,135
134,1513,1531
1492,1472,1473
1472,1492,1491
1493,1492,1473
1492,1493,1514
1513,1492,1514
1492,1513,1491
1450,1449,1430
1449,1470,1469
1470,1449,1450
1448,1449,1469
1376,1375,1357
1374,1375,1393
1336,1320,1337
1355,1336,1337
1320,1336,1319
1354,1336,1355
1374,1373,1355
1373,1354,1355
1354,1373,1372
1453,1433,1434
1432,1433,1452
1433,1453,1452
1433,1414,1434
673,713,672
633,673,672
673,634,674
634,673,633
673,714,713
714,673,674
752,711,712
752,794,793
751,752,793
752,751,711
752,753,794
753,752,712
714,754,713
754,796,795
796,754,755
754,714,755
754,753,713
753,754,795
750,791,1549
709,1549,21
791,750,792
750,751,792
750,710,751
710,750,709
475,476,513
475,512,474
512,475,513
511,473,474
437,473,472
473,437,474
510,473,511
473,510,1546
437,472,436
832,791,792
872,19,1550
791,832,1550
833,832,792
873,832,833
832,873,872
1013,1012,974
1047,1082,1046
894,854,895
854,894,853
971,932,972
932,933,972
810,769,811
852,851,811
851,810,811
851,852,892
891,851,892
1045,1009,1046
1045,1080,1044
1045,1008,1009
1008,1045,1044
890,891,930
929,890,930
889,890,929
890,889,849
687,728,727
648,687,647
687,686,647
686,687,727
843,884,883
1159,1193,1158
1194,1159,1160
1159,1194,1193
1124,1159,1158
1017,978,979
1089,1124,1088
1089,1054,1090
1091,1090,1055
1126,1091,1127
1091,1092,1127
1091,1126,1090
1091,1056,1092
1056,1091,1055
1019,980,981
1020,1019,981
1056,1019,1020
1019,1056,1055
941,902,942
902,941,901
104,1192,1226
104,1225,1191
104,1226,1255
1146,1111,1112
1111,1146,1145
1146,1147,1181
1147,1146,1112
1183,1149,1184
1211,1212,1245
1179,1212,1178
1212,1211,1178
1271,1272,1292
1272,1271,1245
1214,1248,1273
1075,1111,1110
1075,1076,1111
1076,1075,1040
965,1004,1003
886,885,845
884,885,924
925,885,886
885,925,924
1275,1276,109
1251,1253,1252
1252,1253,107
1220,1253,1219
107,1253,1220
107,1220,1254
1185,1218,1184
1218,1219,1253
1218,1185,1219
276,302,301
301,302,334
302,335,334
302,303,335
279,278,254
278,279,304
278,253,254
303,278,304
369,336,370
337,336,304
335,336,369
336,337,370
336,303,304
303,336,335
595,556,596
556,595,555
516,556,555
519,520,559
408,372,373
409,408,373
444,408,409
166,163,164
1537,163,166
1537,162,163
169,1537,166
165,170,174
170,165,166
179,173,180
173,174,180
173,179,1538
169,173,1538
165,174,173
165,173,169
313,346,345
346,314,347
346,313,314
346,379,345
415,451,450
414,415,450
451,415,416
379,415,414
600,601,641
600,641,640
599,600,640
600,561,601
484,485,522
308,341,340
341,374,340
375,341,342
341,375,374
309,341,308
341,309,342
283,308,282
258,283,282
283,258,259
284,283,259
309,283,284
283,309,308
310,284,285
309,310,342
311,310,285
310,309,284
343,310,311
310,343,342
345,344,312
344,345,378
377,344,378
344,311,312
343,344,377
344,343,311
376,377,412
376,375,342
343,376,342
376,343,377
376,411,375
411,376,412
375,410,374
411,410,375
410,409,374
182,181,175
174,181,180
181,174,175
181,186,180
181,187,186
187,181,182
34,1540,208
1540,200,208
1540,192,193
192,1540,35
1540,34,35
339,338,306
337,338,371
338,372,371
372,338,339
305,338,337
338,305,306
430,431,466
465,430,466
430,395,431
430,394,395
395,361,329
395,329,362
361,328,329
328,361,360
393,361,394
394,361,395
542,504,505
504,468,505
504,542,541
503,504,541
467,504,503
504,467,468
619,659,618
659,619,660
579,619,618
619,620,660
619,580,620
580,619,579
744,743,703
743,744,784
743,783,742
783,743,784
825,865,824
826,825,784
783,825,824
825,783,784
783,782,742
782,783,824
739,740,780
740,781,780
543,542,505
506,543,505
543,582,542
929,968,928
1041,1076,1040
1004,1041,1040
1005,1041,1004
815,816,856
816,857,856
817,816,775
816,817,857
774,816,815
816,774,775
734,735,775
735,734,694
734,774,733
774,734,775
652,651,611
1192,1157,1158
1157,1123,1158
1157,1192,1191
1157,1122,1123
896,935,895
935,896,936
855,896,895
896,855,856
976,977,1015
937,976,936
1014,976,1015
976,937,977
975,976,1014
976,975,936
1087,1052,1088
1087,1088,1123
1122,1087,1123
1087,1122,1086
1051,1087,1086
1087,1051,1052
572,532,533
571,572,611
573,572,533
532,572,571
612,572,573
572,612,611
535,575,574
576,575,536
575,576,615
575,535,536
614,575,615
575,614,574
613,612,573
613,573,574
613,654,653
612,613,653
613,614,654
614,613,574
654,655,694
656,655,615
655,695,694
695,655,656
614,655,654
655,614,615
821,779,780
940,900,901
900,940,939
899,900,939
900,860,901
817,858,857
858,817,818
898,858,899
858,898,857
736,695,696
695,736,735
776,736,777
736,776,735
353,320,321
320,352,319
294,270,295
320,295,321
266,72,73
266,73,267
292,267,268
267,73,74
267,74,75
293,269,294
293,292,268
75,76,268
268,76,269
609,608,569
608,648,607
608,568,569
568,608,607
649,608,609
608,649,648
534,535,574
573,534,574
534,573,533
535,534,497
534,496,497
496,534,533
357,390,356
356,390,389
425,390,426
390,425,389
387,353,354
530,493,531
492,493,530
494,493,457
493,494,531
497,461,498
461,425,426
460,461,497
425,461,460
462,461,426
461,462,498
393,360,361
360,393,392
358,360,392
392,393,428
1150,1149,1115
1116,1150,1115
1149,1150,1184
1151,1150,1116
1150,1185,1184
1185,1150,1151
1187,1221,1220
1254,1221,106
1221,1254,1220
1221,1187,1188
1221,1222,106
1222,1221,1188
1185,1186,1219
1186,1220,1219
1186,1151,1152
1186,1185,1151
1186,1187,1220
1187,1186,1152
1222,1189,1223
1189,1222,1188
1118,1117,1082
1117,1118,1152
865,864,824
948,987,947
987,986,947
987,96,1025
986,987,1025
988,948,909
988,989,96
989,988,949
987,988,96
988,987,948
831,789,790
92,789,749
789,748,749
830,788,789
830,789,831
789,788,748
830,911,870
870,911,910
831,911,830
869,870,910
869,868,828
828,868,827
547,509,89
707,706,667
667,706,666
706,705,666
706,746,705
617,657,616
657,656,616
656,657,696
657,697,696
657,658,697
658,657,617
1230,1258,1279
1230,1229,1196
1258,1230,1231
1258,1231,1259
1230,1197,1231
1197,1230,1196
1197,1198,1231
1232,1198,1199
100,1198,1232
1198,1197,1163
1199,1163,1129
1199,1198,1163
946,907,947
946,985,945
906,946,945
946,906,907
946,986,985
986,946,947
1554,1132,1166
1132,1167,1166
1097,1132,1554
1132,1097,1098
1133,1132,1098
1132,1133,1167
1134,1099,1100
1169,1134,1135
1135,1134,1100
1134,1169,1168
1133,1134,1168
1134,1133,1099
1557,1308,8
9,1557,8
1308,1557,1294
1557,1280,1294
1557,9,1280
1260,1233,1234
1234,1233,1200
1233,1555,1200
1555,1233,11
1556,1280,10
1556,1260,1280
11,1556,10
1233,1556,11
1556,1233,1260
1502,1462,1481
1460,1461,1480
1502,1461,1462
1462,1461,1441
1461,1440,1441
1440,1461,1460
1484,1505,1483
1505,1484,1506
1465,1483,1464
1465,1484,1483
1370,1388,1369
1387,1388,1406
1388,1387,1369
1388,1407,1406
1388,1389,1407
1389,1388,1370
1444,1465,1464
1444,1425,1445
1444,1464,1443
1465,1444,1445
1424,1444,1443
1444,1424,1425
1407,1426,1406
1425,1426,1445
1426,1425,1406
1426,1446,1445
1426,1427,1446
1427,1426,1407
1409,1428,1408
1428,1427,1408
1466,1465,1445
1446,1466,1445
1466,1467,1486
1467,1466,1446
1351,1370,1369
1351,1352,1370
1350,1351,1369
1405,1387,1406
1405,1424,1404
1425,1405,1406
1424,1405,1425
1405,1386,1387
1386,1405,1404
1138,1103,1104
1067,1103,1102
1103,1137,1102
1103,1138,1137
1068,1103,1067
1103,1068,1104
1032,1031,995
1032,1067,1031
1068,1032,1033
1032,1068,1067
1069,1105,1104
1105,1069,1070
1069,1068,1033
1068,1069,1104
1208,1174,1175
1208,1209,1242
1209,1208,1175
1241,1208,1242
1207,1208,1241
1208,1207,1174
1171,1205,1204
1204,1205,1238
1205,1239,1238
1172,1205,1171
1173,1138,1139
1174,1173,1139
1207,1173,1174
1173,1172,1138
1321,1320,1306
1320,1321,1337
1338,1321,1322
1321,1338,1337
1291,1290,1270
1290,1291,1304
1271,1291,1270
1291,1271,1292
1305,1291,1292
1291,1305,1304
1239,1265,1238
1265,1264,1238
1265,1239,1266
1264,1265,1285
1265,1286,1285
1286,1265,1266
1284,1264,1285
1284,1283,1263
1283,1284,1297
1264,1284,1263
1298,1284,1285
1284,1298,1297
1314,1299,1300
1286,1299,1285
1299,1314,1313
1299,1286,1300
1298,1299,1313
1299,1298,1285
1349,1368,1367
1348,1349,1367
1350,1349,1331
1349,1350,1368
1330,1349,1348
1349,1330,1331
1301,1316,1315
1288,1268,1289
1288,1287,1267
1268,1288,1267
1288,1301,1287
1107,1072,1108
1072,1073,1108
1071,1072,1107
962,963,1001
1243,1244,1270
1244,1271,1270
1210,1244,1243
1271,1244,1245
1211,1244,1210
1244,1211,1245
1437,1416,1417
1398,1416,1397
116,1416,1398
1416,1415,1397
1456,1477,1476
1456,1436,1437
1477,1456,1457
1455,1456,1476
1456,1455,1436
1457,1456,117
1456,1437,117
140,1528,1509
139,140,1510
138,1511,137
1471,1450,1451
1472,1471,1451
1471,1470,1450
1471,1472,1491
1471,1490,1470
1490,1471,1491
1489,1511,1510
1470,1489,1469
1489,1488,1469
1488,1489,1510
1489,1490,1511
1490,1489,1470
1356,1374,1355
1356,1355,1337
1338,1356,1337
1356,1338,1357
1356,1375,1374
1375,1356,1357
1335,1354,1353
1334,1335,1353
1335,1318,1319
1335,1334,1318
1335,1336,1354
1336,1335,1319
1391,1410,1409
1372,1391,1390
1391,1409,1390
1373,1391,1372
1375,1394,1393
1394,1412,1393
1394,1375,1376
1395,1394,1376
1415,1396,1397
1396,1378,1397
1396,1415,1414
1395,1396,1414
114,1341,1324
1342,1341,114
1358,1357,1339
1358,1376,1357
476,439,440
440,439,404
439,403,404
475,439,476
973,1011,972
933,973,972
973,1012,1011
1012,973,974
1009,1010,1046
1010,971,972
971,1010,1009
1011,1010,972
1047,1010,1011
1010,1047,1046
931,971,970
931,970,930
931,891,892
891,931,930
931,932,971
932,931,892
893,852,853
852,893,892
893,894,933
894,893,853
932,893,933
893,932,892
771,772,813
808,807,766
848,808,849
767,808,766
807,808,848
809,808,767
808,809,849
728,768,727
768,767,727
768,769,810
769,768,728
809,768,810
768,809,767
1081,1117,1116
1082,1081,1046
1080,1081,1116
1117,1081,1082
1045,1081,1080
1081,1045,1046
809,850,849
851,850,810
850,809,810
850,851,891
890,850,891
850,890,849
688,649,689
649,688,648
687,688,728
688,687,648
801,800,759
977,1016,1015
1016,1052,1015
1016,977,978
1017,1016,978
1126,1125,1090
1159,1125,1160
1125,1126,1160
1125,1159,1124
1089,1125,1124
1125,1089,1090
1018,1017,979
980,1018,979
1054,1018,1055
1017,1018,1054
1019,1018,980
1018,1019,1055
942,903,943
903,904,943
902,903,942
903,902,862
1147,1182,1181
1146,1180,1145
1180,1179,1145
1180,1146,1181
1214,1180,1181
1212,1246,1245
1246,1272,1245
1307,1292,1272
111,1307,1272
1002,1038,1001
964,963,924
925,964,924
1002,964,1003
964,1002,963
965,964,925
964,965,1003
926,925,886
927,926,887
926,886,887
926,965,925
843,844,884
845,844,804
844,803,804
844,843,803
844,885,884
885,844,845
1251,1218,1253
1252,108,1251
1250,108,1276
277,302,276
277,276,252
253,277,252
302,277,303
277,278,303
278,277,253
477,478,515
478,477,441
478,516,515
442,478,441
479,478,442
478,479,516
372,407,371
407,406,371
407,442,406
408,407,372
381,380,347
380,346,347
380,381,416
346,380,379
380,415,379
415,380,416
520,560,559
560,599,559
600,560,561
560,600,599
448,413,449
413,448,412
485,448,449
484,448,485
445,444,409
410,445,409
701,702,742
702,701,662
702,743,742
743,702,703
906,866,907
866,906,865
866,825,826
825,866,865
699,659,660
659,699,698
699,739,698
699,740,739
782,741,742
741,701,742
741,782,781
740,741,781
621,620,581
620,621,661
621,662,661
582,621,581
621,622,662
622,621,582
1007,1008,1044
967,927,928
968,967,928
1078,1079,1114
654,693,653
693,692,653
693,654,694
692,693,733
693,734,733
734,693,694
691,692,732
692,691,652
651,691,690
691,651,652
610,571,611
571,610,570
610,609,570
651,610,611
857,897,856
898,897,857
897,937,936
897,898,937
896,897,936
897,896,856
820,860,819
778,820,819
820,778,779
821,820,779
859,900,899
860,859,819
819,859,818
900,859,860
858,859,899
859,858,818
737,697,738
697,737,696
778,737,738
737,778,777
736,737,777
737,736,696
352,385,351
319,352,351
352,320,353
320,319,294
270,269,77
269,76,77
293,294,319
268,269,293
392,391,358
391,427,426
391,357,358
391,392,427
391,390,357
390,391,426
424,388,389
388,355,389
355,388,354
423,388,424
387,388,423
388,387,354
422,458,457
421,422,457
422,423,458
422,387,423
456,492,455
456,420,421
456,421,457
420,456,455
456,493,492
493,456,457
349,317,350
350,318,351
318,319,351
318,293,319
293,318,292
317,318,350
318,317,292
267,291,266
291,290,266
291,267,292
317,291,292
429,430,465
429,464,428
464,429,465
430,429,394
429,393,394
393,429,428
1154,1189,1188
1190,1191,1224
105,1190,1224
105,1223,1189
105,1189,1190
1047,1083,1082
1118,1083,1119
1083,1118,1082
821,822,862
781,822,780
822,821,780
944,905,945
905,906,945
904,905,944
906,905,865
864,905,904
905,864,865
788,829,787
829,828,787
829,788,830
829,869,828
829,870,869
870,829,830
869,910,949
869,949,909
988,909,949
909,868,869
788,747,748
747,707,748
747,788,787
746,747,787
706,747,746
747,706,707
1429,1410,1430
1449,1429,1430
1410,1429,1409
1429,1449,1448
1428,1429,1448
1429,1428,1409
1427,1447,1446
1467,1447,1468
1447,1448,1468
1447,1467,1446
1428,1447,1427
1447,1428,1448
1484,1485,1506
1485,1507,1506
1485,1486,1507
1485,1484,1465
1466,1485,1465
1485,1466,1486
996,997,1033
958,996,957
996,995,957
997,996,958
1032,996,1033
996,1032,995
1034,997,998
1035,1034,998
1034,1035,1070
997,1034,1033
1034,1069,1033
1069,1034,1070
1205,1206,1239
1239,1206,1240
1206,1207,1240
1206,1205,1172
1173,1206,1172
1206,1173,1207
1333,1334,1352
1334,1333,1317
1351,1333,1352
1333,1316,1317
1302,1303,1317
1303,1302,1289
1316,1302,1317
1302,1316,1301
1288,1302,1301
1302,1288,1289
1036,1071,1035
999,1036,1035
1036,1072,1071
923,884,924
884,923,883
963,923,924
923,922,883
923,962,922
962,923,963
961,999,960
961,960,921
922,961,921
962,961,922
1415,1435,1434
1435,1455,1454
1435,1454,1434
1455,1435,1436
1416,1435,1415
1435,1416,1436
138,1510,1511
1529,139,1510
138,1529,1510
1392,1374,1393
1411,1392,1393
1410,1392,1411
1392,1373,1374
1392,1391,1373
1391,1392,1410
1413,1395,1414
1413,1433,1432
1413,1432,1412
1433,1413,1414
1413,1394,1395
1394,1413,1412
115,1379,1360
1378,1360,1379
1359,1360,1378
1341,1360,1359
1360,1341,1342
1360,1342,115
115,1361,1379
113,1339,1323
1340,1341,1359
1341,1340,1324
1358,1340,1359
1340,1358,1339
1340,113,1324
113,1340,1339
1377,1395,1376
1377,1359,1378
1396,1377,1378
1377,1396,1395
1358,1377,1376
1377,1358,1359
402,438,437
437,438,474
403,438,402
438,475,474
438,439,475
439,438,403
934,935,974
935,934,895
934,894,895
894,934,933
934,973,933
973,934,974
1049,1012,1013
690,730,689
812,813,853
852,812,853
812,852,811
812,771,813
841,840,800
881,841,882
840,841,881
801,841,800
720,760,719
719,760,759
760,720,761
760,801,759
1052,1053,1088
1053,1017,1054
1053,1089,1088
1089,1053,1054
1053,1016,1017
1016,1053,1052
1149,1148,1114
1183,1148,1149
1182,1148,1183
1148,1182,1147
1215,1214,1181
1248,1215,1249
1215,1248,1214
1182,1215,1181
1213,1212,1179
1213,1214,1247
1180,1213,1179
1213,1180,1214
1213,1246,1212
1246,1213,1247
111,1246,1247
1246,111,1272
111,1293,1307
1073,1074,1109
1109,1074,1110
1074,1075,1110
1038,1074,1073
1275,1250,1276
1250,1275,1249
1250,1251,108
597,558,598
598,558,559
558,519,559
558,518,519
517,479,480
479,517,516
517,556,516
518,517,480
479,443,480
443,479,442
443,444,480
444,443,408
443,407,408
407,443,442
484,521,483
521,520,483
561,521,522
521,484,522
521,560,520
560,521,561
447,411,412
447,484,483
447,448,484
448,447,412
481,518,480
444,481,480
518,481,519
445,481,444
622,663,662
663,664,703
663,702,662
702,663,703
868,867,827
867,826,827
866,867,907
867,866,826
700,699,660
661,700,660
701,700,661
699,700,740
700,741,740
741,700,701
584,545,585
584,585,624
508,547,546
546,547,587
585,546,586
545,546,585
970,969,930
969,929,930
1008,969,970
969,968,929
969,1007,968
1007,969,1008
966,1005,1004
965,966,1004
966,926,927
926,966,965
966,967,1005
967,966,927
1007,1006,968
967,1006,1005
1006,967,968
1076,1077,1112
1041,1077,1076
650,690,689
649,650,689
650,649,609
650,651,690
650,610,651
610,650,609
860,861,901
861,902,901
902,861,862
861,821,862
861,820,821
820,861,860
387,386,353
386,352,353
385,386,421
352,386,385
422,386,387
386,422,421
383,384,419
383,350,384
418,383,419
383,349,350
348,347,315
348,381,347
1120,1154,1119
1153,1187,1152
1153,1118,1119
1187,1153,1188
1118,1153,1152
1154,1153,1119
1153,1154,1188
1157,1156,1122
1156,1157,1191
1190,1156,1191
782,823,781
823,782,824
864,823,824
823,822,781
471,470,435
88,471,435
1274,1275,109
1275,1274,1248
1275,1248,1249
112,1323,1322
1332,1350,1331
1315,1332,1331
1332,1351,1350
1316,1332,1315
1333,1332,1316
1332,1333,1351
1037,1038,1073
1038,1037,1001
1072,1037,1073
1036,1037,1072
1051,1050,1014
1050,1051,1086
1014,1050,1013
1085,1050,1086
1049,1050,1085
1050,1049,1013
1048,1047,1011
1012,1048,1011
1048,1083,1047
1049,1048,1012
771,731,772
772,731,732
731,691,732
691,731,690
730,731,771
731,730,690
729,769,728
729,688,689
688,729,728
730,729,689
842,883,882
842,843,883
842,841,801
841,842,882
1273,111,1247
111,1273,110
1214,1273,1247
1248,1274,110
1248,110,1273
1039,1002,1003
1040,1039,1003
1075,1039,1040
1039,1038,1002
1039,1074,1038
1074,1039,1075
1218,1217,1184
1217,1183,1184
1251,1217,1218
1250,1217,1251
557,558,597
557,597,596
556,557,596
558,557,518
557,517,518
517,557,556
446,445,410
446,410,411
447,446,411
446,447,483
907,908,947
908,909,948
908,948,947
909,908,868
908,867,868
867,908,907
543,583,582
583,622,582
508,546,545
507,88,508
508,88,509
508,509,547
1043,1007,1044
1079,1043,1044
1078,1043,1079
1043,1006,1007
1148,1113,1114
1113,1147,1112
1113,1078,1114
1113,1148,1147
1113,1077,1078
1077,1113,1112
382,383,418
417,382,418
381,382,417
383,382,349
382,348,349
348,382,381
349,316,317
291,316,290
290,316,315
316,291,317
316,348,315
348,316,349
1121,1085,1086
1121,1120,1085
1122,1121,1086
1156,1121,1122
863,864,904
863,903,862
903,863,904
822,863,862
823,863,822
863,823,864
1306,112,1321
1321,112,1322
1293,1306,1307
1307,1306,1292
1293,112,1306
1000,1036,999
961,1000,999
1000,962,1001
1000,961,962
1000,1037,1036
1037,1000,1001
1084,1120,1119
1084,1049,1085
1083,1084,1119
1120,1084,1085
1084,1048,1049
1048,1084,1083
770,730,771
770,812,811
769,770,811
812,770,771
770,729,730
729,770,769
843,802,803
802,760,761
803,802,761
760,802,801
802,842,801
842,802,843
1216,1182,1183
1215,1216,1249
1216,1215,1182
1216,1250,1249
1216,1217,1250
1217,1216,1183
520,482,483
481,482,519
482,520,519
482,481,445
446,482,445
482,446,483
584,544,545
544,543,506
583,544,584
544,583,543
663,623,664
664,623,624
623,663,622
623,584,624
583,623,622
623,583,584
1006,1042,1005
1077,1042,1078
1042,1041,1005
1042,1077,1041
1043,1042,1006
1042,1043,1078
1155,1190,1189
1154,1155,1189
1120,1155,1154
1155,1156,1190
1155,1121,1156
1121,1155,1120
507,508,545
469,471,506
471,507,506
507,471,88
544,507,545
507,544,506
