2514,2462,2515
33,32,3352
3353,33,3352
3353,34,33
106,105,179
106,177,107
1713,1762,1761
1666,1713,1761
1683,1729,1682
1923,1872,1873
1713,1714,1762
1724,1773,1772
1098,1045,1046
1045,1098,1097
142,3378,1880
3378,141,1832
2567,151,150
536,589,535
166,165,115
166,167,219
167,166,115
118,117,163
1538,138,137
1485,137,3374
1485,1538,137
135,1379,3373
135,1326,1379
3350,32,31
34,3354,35
3354,3353,3300
3353,3354,34
3246,3299,3298
3298,3299,3352
3353,3299,3300
3299,3353,3352
3149,43,3202
3094,3042,3095
44,3043,45
3042,3043,3095
3039,3091,3038
2985,3039,3038
2985,2932,2933
2932,2879,2933
2879,2932,2878
2879,2880,2933
3356,36,35
2984,2985,3038
2985,2984,2932
2928,2981,2980
3141,3194,3193
2348,2402,2401
2715,2767,2714
789,842,788
842,789,843
1054,1053,1000
1053,1054,1106
787,840,786
178,106,179
178,177,106
186,239,238
290,342,289
111,171,112
172,225,224
172,111,110
171,172,224
172,171,111
96,191,97
192,96,95
96,192,191
57,1983,58
2035,1983,57
2035,57,2036
1734,1782,1733
1724,1677,1678
1475,1476,1528
1002,1056,1055
1056,1002,1003
1107,1054,1055
1054,1107,1106
2343,2397,2396
2235,2289,2288
2289,2235,2236
2289,2341,2288
2235,2183,2236
2183,2235,2182
2450,2397,2398
1634,1683,1682
1582,1581,1528
1681,1727,1680
1775,1727,1776
1976,1923,1977
1822,1775,1776
1775,1822,1821
2604,2550,2551
1762,1808,1761
1819,1773,1820
1773,1819,1772
1820,1774,1821
1774,1775,1821
1773,1774,1820
1869,1820,1821
1918,1919,1972
1771,1817,1770
1864,1865,1915
1098,1151,1097
996,1049,995
996,1050,1049
1361,1308,1362
1258,1310,1257
1416,1363,1364
1363,1310,1364
1049,1048,995
1417,1416,1364
1312,1260,1313
1260,1312,1259
2943,2944,2997
3322,11,10
3104,3051,3105
3053,3000,3001
2946,3000,2999
2789,2842,2841
2788,2789,2841
1785,1832,141
1785,141,3377
2197,2144,2145
2090,3380,2037
3380,144,2037
143,142,1931
2357,2410,2409
2410,2357,2358
1880,3378,1832
142,1880,1931
151,2620,3385
151,2567,2620
2673,3385,2620
3385,2673,152
150,2514,2567
150,3384,2514
2408,148,2355
2251,2250,2197
2463,2462,2409
2462,2463,2515
2463,2410,2464
2410,2463,2409
2683,2684,2736
114,167,115
114,113,168
167,114,168
169,113,112
113,169,168
376,322,323
117,164,163
165,116,115
164,116,165
116,164,117
1738,1737,1690
1737,1738,1785
1737,3377,140
3377,1737,1785
1738,1786,1785
1786,1738,1739
1738,1691,1739
1691,1738,1690
1283,1230,1231
1432,1433,1485
3374,1432,1485
1432,3374,136
1433,1432,1379
1432,3373,1379
3373,1432,136
1591,3375,138
1591,138,1538
1642,3375,1591
139,3375,1642
1380,1433,1379
1380,1328,1381
1326,3372,1273
3372,1326,135
2301,54,53
2301,2353,2300
2247,54,2301
2353,53,2354
2353,2301,53
2248,2195,55
2141,55,2195
2141,2142,55
2036,2089,2035
2089,2036,56
2142,2089,56
2089,2142,2141
3350,3351,32
3351,3298,3352
32,3351,3352
3355,3356,35
3354,3355,35
3358,38,37
3358,3304,3305
42,3255,3201
3255,3308,3307
3308,3255,42
3340,24,23
3180,3181,3234
3181,3235,3234
3183,3184,3237
3184,3238,3237
3245,3246,3298
3140,3141,3193
2650,2651,2704
3149,3096,43
3096,3149,3095
3095,3043,44
3095,44,3096
3149,3148,3095
3148,3094,3095
3325,13,12
2956,2903,2904
2790,2789,2736
2789,2790,2842
2685,2631,2632
2631,2685,2684
1848,1800,1801
1800,1848,1847
3091,3090,3038
3041,3094,3093
3094,3041,3042
3040,3041,3093
36,3357,37
3357,3358,37
3358,3357,3304
3357,36,3356
3251,3250,3197
2932,2931,2878
2984,2931,2932
2767,2766,2714
3089,3090,3143
3035,2981,2982
3036,3035,2982
3299,3247,3300
3247,3246,3193
3247,3299,3246
3194,3247,3193
2831,2884,2883
2830,2831,2883
2989,45,3043
2830,2829,2776
2347,2294,2295
2294,2347,2346
2347,2348,2401
2348,2347,2295
2399,2345,2346
2345,2399,2398
2402,2454,2401
2454,2453,2401
2406,2352,2353
2352,2406,2405
2353,2352,2300
2351,2352,2405
2981,2929,2982
2929,2928,2875
2928,2929,2981
2876,2929,2875
2717,2663,2664
2663,2717,2716
316,369,368
208,84,83
84,207,85
259,207,260
207,208,260
208,207,84
313,259,260
314,313,260
526,525,472
525,471,472
1375,1376,1428
1377,1376,1323
954,71,70
1006,70,1007
1006,954,70
846,792,793
792,846,845
792,845,791
792,740,793
682,630,683
736,682,683
736,789,788
845,844,791
844,896,843
897,844,845
844,897,896
733,734,786
734,787,786
252,305,251
201,89,88
199,252,251
199,91,90
89,200,90
252,200,253
200,201,253
201,200,89
200,199,90
199,200,252
109,108,175
109,173,110
173,172,110
172,173,225
447,446,394
234,288,287
288,340,287
446,393,394
393,340,394
186,185,100
237,185,238
185,186,238
185,237,184
401,348,402
348,401,347
187,186,100
186,187,239
239,292,238
288,235,289
235,288,234
386,439,438
171,170,112
170,169,112
169,170,222
1197,1251,1250
988,987,935
1144,1145,1197
1249,1196,1250
1196,1197,1250
1196,1144,1197
1851,1852,1899
920,867,921
1392,1445,1391
1445,1392,1446
243,190,191
191,190,97
190,243,242
189,190,242
190,189,97
562,510,563
511,510,457
510,511,563
1638,1686,1637
1924,1978,1977
1924,1923,1873
1923,1924,1977
1828,1782,1829
1586,1585,1532
1375,1427,1374
1427,1375,1428
1427,1481,1480
1481,1427,1428
1533,1586,1532
1480,1533,1532
1533,1481,1534
1481,1533,1480
1769,1721,1770
1721,1769,1720
1418,1419,1472
1475,1422,1476
1479,1480,1532
1476,1529,1528
1529,1582,1528
1054,1001,1055
1001,1054,1000
1001,1002,1055
1002,1001,949
1057,1056,1003
1056,1108,1055
1108,1107,1055
2290,2289,2236
2343,2290,2291
2448,2395,2396
2341,2395,2394
2606,2552,2553
2499,2552,2551
2552,2500,2553
2500,2552,2499
2023,2076,2022
2076,2023,2077
1919,1973,1972
1973,2025,1972
2185,2184,2131
2183,2184,2236
2449,2448,2396
2397,2449,2396
2450,2449,2397
2344,2345,2398
2397,2344,2398
2344,2343,2291
2343,2344,2397
2292,2344,2291
2344,2292,2345
1681,1633,1682
1633,1634,1682
1630,1679,1678
1629,1677,1628
1677,1629,1678
1629,1630,1678
1527,1475,1528
1475,1527,1474
1527,1581,1580
1581,1527,1528
1686,1685,1637
1872,1824,1873
1728,1681,1682
1729,1728,1682
1728,1777,1776
1777,1728,1729
1728,1727,1681
1727,1728,1776
1975,1976,2028
2136,2137,2190
2029,2082,2028
2029,1976,1977
1976,2029,2028
2139,2087,2140
2603,2549,2550
2604,2603,2550
2269,2268,2215
2224,2278,2277
1910,1859,1860
1809,1808,1762
2119,2172,2118
2172,2119,2173
2068,2067,2014
2179,2180,2232
2234,2235,2288
2235,2234,2182
2550,2498,2551
2498,2499,2551
1921,1975,1974
1971,1918,1972
1869,1868,1820
1868,1819,1820
1819,1868,1867
1868,1869,1919
1918,1868,1919
1868,1918,1867
1818,1819,1867
1819,1818,1772
1771,1818,1817
1818,1771,1772
992,993,1046
940,992,939
1045,992,1046
992,940,993
991,992,1045
992,991,939
1044,991,1045
1044,1045,1097
991,1044,990
840,839,786
838,839,891
991,938,939
938,991,990
886,940,939
1267,1213,1214
1105,1158,1104
1105,1053,1106
1105,1159,1158
1159,1105,1106
1159,1211,1158
1264,1211,1265
1360,1359,1306
1202,1255,1201
1204,1258,1257
1308,1309,1362
1310,1309,1257
1363,1309,1310
1309,1363,1362
993,1047,1046
1417,1470,1416
1310,1311,1364
1311,1258,1259
1258,1311,1310
1312,1311,1259
3316,6,5
3315,3316,5
3316,3315,3262
3314,3315,5
3263,3316,3262
3387,2779,2832
2942,2941,2889
2890,2942,2889
2942,2890,2943
3158,3157,3105
3157,3104,3105
3159,3213,3212
3158,3159,3212
11,3324,12
3325,3324,3271
3324,3325,12
9,3321,10
3321,3322,10
3321,9,3320
2944,2998,2997
3051,2998,2999
2846,2900,2899
2900,2846,2847
2842,2895,2841
2896,2895,2842
3054,3108,3107
3053,3054,3107
3054,3053,3001
3000,3052,2999
3052,3051,2999
3051,3052,3105
3053,3052,3000
2840,2788,2841
2840,2893,2839
2568,2514,2515
2567,2568,2620
2568,2567,2514
2568,2621,2620
2621,2674,2620
2674,2621,2675
2674,2673,2620
2673,2674,2726
2144,2143,2090
145,3380,2090
145,2090,2143
2091,2144,2090
2144,2091,2145
144,3379,2037
3379,1984,2037
1984,3379,143
1984,143,1931
2357,2304,2358
2356,2357,2409
2048,1994,1995
1882,1881,1834
1882,1933,1881
3384,2461,2514
2461,3384,149
2514,2461,2462
3383,2461,149
2733,2732,2680
2101,2100,2048
169,221,168
221,169,222
539,487,540
487,539,486
590,589,536
590,591,643
481,480,427
376,375,322
430,378,431
378,379,431
379,378,325
482,483,535
483,536,535
483,482,429
430,483,429
122,266,319
480,426,427
372,123,3363
903,902,849
162,118,163
217,164,165
1881,1833,1834
1785,1833,1832
1833,1880,1832
1880,1833,1881
1786,1833,1785
1833,1786,1834
1643,1642,1591
1642,1643,1690
1691,1643,1644
1643,1691,1690
1433,1486,1485
1389,1337,1390
1443,1389,1390
1895,1848,1896
1848,1895,1847
1690,3376,139
1690,139,1642
1737,3376,1690
3376,1737,140
131,3369,1008
130,902,955
3370,131,1008
132,3370,1061
1326,1327,1379
1327,1326,1273
1380,1327,1328
1327,1380,1379
3371,132,1114
957,1010,956
132,1061,1114
1061,3370,1008
1274,1327,1273
1327,1274,1328
1067,1014,1015
1014,1067,1066
1064,1065,1118
1119,1065,1066
1065,1119,1118
1064,1117,1063
1117,1064,1118
1382,1435,1381
1492,1546,1545
492,439,493
439,492,438
433,487,486
2406,2407,2459
52,2459,2407
52,2460,2459
2407,2406,2353
2354,2407,2353
52,2407,2354
2566,2513,51
2513,2566,2565
2460,2513,2459
51,2513,2460
2777,2830,2776
2777,2831,2830
2509,2561,2508
2561,2509,2562
2406,2458,2405
2458,2406,2459
2141,2194,2140
2195,2194,2141
3359,3358,3305
3358,3359,38
3306,3359,3305
39,3361,40
3307,3308,41
3360,3306,3307
3360,3361,39
3361,3360,3307
3360,3359,3306
38,3360,39
3359,3360,38
3253,3199,3200
3253,3306,3305
22,21,3337
3282,3281,3229
24,3341,25
3341,24,3340
30,3349,31
3349,3350,31
3349,30,3348
30,29,3348
29,3347,3348
29,3346,3347
3346,29,28
3024,3023,2970
27,26,3344
27,3345,28
3346,3345,3292
3345,3346,28
3345,27,3344
3289,3342,3288
3342,3341,3288
3341,3342,25
3342,26,25
3183,3131,3184
3131,3183,3130
3235,3236,3288
3289,3236,3237
3236,3289,3288
3236,3183,3237
3290,3289,3237
3238,3290,3237
3297,3351,3350
3351,3297,3298
3297,3245,3298
3246,3192,3193
3245,3192,3246
3192,3245,3191
3192,3140,3193
3190,3243,3189
3137,3190,3189
2924,2923,2870
2871,2819,2872
2871,2924,2870
3132,3131,3078
3131,3132,3184
2873,2926,2872
2977,2978,3031
19,18,3333
3175,3174,3122
3329,16,15
16,3330,17
3330,3329,3276
3329,3330,16
3223,3222,3169
2800,2801,2853
2759,2707,2760
3023,2969,2970
2969,2917,2970
42,3201,3202
3201,3149,3202
3201,3148,3149
3148,3201,3200
3326,14,13
3325,3326,13
2801,2747,2748
2747,2801,2800
3010,3062,3009
2956,3010,3009
2739,2687,2740
2737,2685,2738
2684,2737,2736
2685,2737,2684
2737,2790,2736
2266,2265,2212
2265,2318,2317
2318,2265,2266
2366,2367,2419
2420,2367,2368
2367,2420,2419
2472,2525,2524
3144,3090,3091
3090,3144,3143
3147,3148,3200
3094,3147,3093
3199,3147,3200
3148,3147,3094
3146,3147,3199
3147,3146,3093
3040,3092,3039
3092,3040,3093
3092,3091,3039
3146,3092,3093
2880,2934,2933
2719,2665,2666
3198,3146,3199
3198,3251,3197
3303,3357,3356
3357,3303,3304
3251,3303,3250
3303,3251,3304
2931,2877,2878
2983,3036,2982
2983,2931,2984
2606,2659,2658
2820,2873,2872
2819,2820,2872
2821,2820,2767
2820,2821,2873
2766,2820,2819
2820,2766,2767
2822,2823,2875
2823,2876,2875
2928,2874,2875
2821,2874,2873
2822,2874,2821
2874,2822,2875
2768,2821,2767
2715,2768,2767
2768,2715,2716
2768,2822,2821
3142,3194,3141
3142,3089,3143
3140,3087,3141
3301,3355,3354
3301,3354,3300
2831,47,2884
2990,2937,46
2937,2936,2883
46,2883,2884
46,2937,2883
2936,2882,2883
2882,2830,2883
2882,2829,2830
2402,2349,2403
2349,2350,2403
2349,2402,2348
2349,2297,2350
2453,2400,2401
2347,2400,2346
2400,2347,2401
2400,2399,2346
315,316,368
370,78,371
370,318,78
318,265,78
82,209,83
209,208,83
211,82,81
212,81,80
212,211,81
468,416,469
628,574,575
87,86,204
418,364,365
473,526,472
313,366,365
366,313,314
631,630,577
630,631,683
740,686,687
525,524,471
524,525,577
68,1112,1113
68,1166,1112
1218,1166,1219
1166,68,1219
1060,1007,69
1007,1060,1006
1060,1059,1006
1059,1060,1112
1060,1113,1112
1113,1060,69
1059,1005,1006
1324,1377,1323
72,794,795
72,848,794
742,795,794
795,742,73
741,794,793
740,741,793
741,740,687
741,742,794
742,689,73
74,689,688
582,583,636
583,74,636
635,582,636
94,193,95
245,193,246
193,245,192
193,192,95
354,301,302
194,247,246
193,194,246
194,193,94
410,462,409
515,462,516
629,682,681
628,629,681
629,628,575
629,630,682
840,841,893
841,787,788
842,841,788
841,840,787
894,841,842
841,894,893
895,896,949
895,842,843
896,895,843
895,894,842
1053,999,1000
787,735,788
682,735,681
735,736,788
736,735,682
734,735,787
735,734,681
680,733,679
680,628,681
680,734,733
734,680,681
196,195,93
194,195,247
195,94,93
195,194,94
249,196,197
250,249,197
92,91,197
92,196,93
196,92,197
357,305,358
306,252,253
307,306,253
306,305,252
305,306,358
408,355,409
355,354,302
355,408,354
198,199,251
199,198,91
250,198,251
198,250,197
91,198,197
678,731,677
178,230,177
174,109,175
174,173,109
606,552,553
181,104,103
340,341,394
342,341,289
288,341,340
341,288,289
185,101,100
102,101,184
101,185,184
401,400,347
400,453,452
453,400,401
243,296,242
98,189,188
189,98,97
241,189,242
189,241,188
293,292,239
291,237,238
237,291,290
291,292,344
292,291,238
396,397,449
102,183,103
183,102,184
279,332,331
332,280,333
332,279,280
386,332,333
1303,1251,1304
1251,1303,1250
1357,1303,1304
1619,1618,1568
1569,1619,1568
1087,1088,1141
1088,1087,1035
878,931,877
929,930,982
931,930,877
987,1041,1040
1040,1041,1093
988,1041,987
987,934,935
1092,1040,1093
1040,1092,1039
1198,1251,1197
1145,1198,1197
981,929,982
929,981,928
1035,981,982
981,980,928
1800,1753,1801
397,450,449
925,926,978
980,927,928
927,926,873
921,868,922
867,868,921
869,868,816
868,869,922
762,763,816
762,761,709
761,708,709
920,866,867
1392,1393,1446
1339,1285,1286
1339,1392,1391
192,244,191
244,243,191
245,244,192
244,245,298
613,666,665
560,613,559
666,719,665
719,666,720
719,772,771
772,719,720
875,929,928
560,508,561
510,456,457
456,404,457
514,515,567
514,513,460
404,405,457
408,407,354
407,408,460
666,667,720
667,721,720
773,772,720
721,773,720
723,722,669
722,723,775
1929,1930,58
1929,58,1983
1930,1929,1879
59,1930,1879
1831,1784,60
1784,1831,1830
1830,1831,59
1830,59,1879
1782,1783,1829
1783,1830,1829
1783,1782,1734
1783,1784,1830
1784,1736,60
1735,61,1736
63,62,1590
1482,1481,1428
1481,1482,1534
1482,1535,1534
1535,1588,1534
1638,1588,1639
1687,1734,1733
1686,1687,1733
1638,1687,1686
1687,1638,1639
2088,2141,2140
2089,2088,2035
2087,2088,2140
2088,2089,2141
2034,2088,2087
2088,2034,2035
2033,2034,2087
2033,2032,1980
1827,1828,1876
1924,1925,1978
1585,1635,1584
1634,1635,1683
1635,1634,1584
1671,1622,1623
1573,1624,1623
1767,1766,1718
1813,1767,1814
1767,1813,1766
1719,1767,1718
1771,1723,1772
1723,1724,1772
1723,1677,1724
1419,1473,1472
1368,1314,1315
1366,1312,1313
1366,1419,1418
1585,1531,1532
1531,1585,1584
1479,1531,1478
1531,1479,1532
1424,1425,1478
1425,1479,1478
1423,1422,1370
1422,1423,1476
1111,1059,1112
1321,1375,1374
1217,1270,1216
1270,1269,1216
2816,2762,2763
2762,2710,2763
2765,2766,2819
2817,2816,2763
2764,2817,2763
2136,2189,2135
2189,2188,2135
2189,2136,2190
2242,2189,2190
2293,2294,2346
2293,2292,2239
2345,2293,2346
2292,2293,2345
2293,2240,2294
2240,2293,2239
2290,2342,2289
2342,2343,2396
2342,2341,2289
2342,2290,2343
2342,2395,2341
2395,2342,2396
2605,2604,2551
2605,2606,2658
2605,2552,2606
2552,2605,2551
2500,2501,2553
2123,2124,2177
2124,2123,2071
2021,2074,2020
1968,2021,2020
2128,2129,2182
2129,2183,2182
2129,2076,2077
2076,2129,2128
2134,2082,2135
2188,2134,2135
2292,2238,2239
2238,2292,2291
2186,2238,2185
2238,2186,2239
1632,1681,1680
1632,1581,1582
1632,1633,1681
1633,1632,1582
1634,1583,1584
1529,1583,1582
1633,1583,1634
1583,1633,1582
1726,1727,1775
1727,1726,1680
1774,1726,1775
1726,1679,1680
1630,1579,1580
1629,1579,1630
1635,1684,1683
1732,1686,1733
1732,1685,1686
1824,1825,1873
1823,1822,1776
1777,1823,1776
1871,1823,1872
1822,1823,1871
1824,1823,1777
1823,1824,1872
2137,2084,2085
2084,2137,2136
2138,2137,2085
2138,2139,2192
2705,2757,2704
2651,2705,2704
2757,2705,2758
2652,2705,2651
2546,2599,2545
2599,2546,2600
2652,2599,2600
2599,2652,2651
2601,2653,2600
2654,2653,2601
2653,2654,2707
2653,2652,2600
2546,2547,2600
2547,2601,2600
2547,2494,2495
2547,2546,2494
2547,2548,2601
2548,2547,2495
2711,2764,2763
2710,2711,2763
2548,2602,2601
2654,2602,2655
2602,2654,2601
2602,2548,2549
2603,2602,2549
2602,2603,2655
2603,2656,2655
2656,2603,2604
2268,2214,2215
2643,2590,2591
2223,2224,2277
1959,2012,2011
2066,2119,2118
2119,2066,2067
2269,2216,2270
2216,2269,2215
1950,2002,1949
1951,1950,1899
1859,1909,1858
1962,1909,1963
1910,1909,1859
1909,1910,1963
1859,1811,1860
1622,1670,1621
1670,1622,1671
1714,1763,1762
1763,1809,1762
1808,1856,1761
1961,1962,2014
2015,1962,1963
2016,2015,1963
1962,2015,2014
2015,2068,2014
2119,2120,2173
2120,2119,2067
2068,2120,2067
2120,2068,2121
2120,2174,2173
2174,2120,2121
2283,2230,2284
2180,2126,2127
2126,2074,2127
2179,2126,2180
2126,2179,2125
2180,2233,2232
2340,2341,2394
2341,2340,2288
2340,2393,2339
2393,2340,2394
2446,2393,2394
2446,2500,2499
2549,2497,2550
2497,2498,2550
1870,1822,1871
1822,1870,1821
1870,1869,1821
1921,1870,1871
1922,1871,1872
1923,1922,1872
1976,1922,1923
1975,1922,1976
1921,1922,1975
1922,1921,1871
1865,1916,1915
2023,2024,2077
2025,2024,1972
2024,2078,2077
2078,2024,2025
1971,2024,2023
2024,1971,1972
940,941,993
838,837,784
1151,1150,1097
785,733,786
785,838,784
785,839,838
839,785,786
829,828,775
833,832,779
1160,1159,1106
1107,1160,1106
1147,1200,1199
1200,1147,1148
1200,1148,1201
1200,1253,1199
1358,1357,1304
1358,1359,1411
1360,1307,1361
1307,1308,1361
1307,1360,1306
1307,1255,1308
1363,1415,1362
1415,1363,1416
1524,1577,1523
1626,1674,1625
1674,1721,1720
1152,1204,1151
1152,1151,1098
1256,1255,1202
1255,1256,1308
1256,1309,1308
1309,1256,1257
1101,1048,1049
1260,1206,1207
1206,1260,1259
1154,1206,1153
1206,1154,1207
1261,1314,1313
1261,1260,1207
1260,1261,1313
1157,1103,1104
1158,1157,1104
1103,1157,1156
1157,1209,1156
1263,1316,1315
1316,1263,1264
1471,1418,1472
1471,1417,1418
1524,1471,1472
1471,1524,1523
1471,1470,1417
1470,1471,1523
1575,1626,1625
1,3310,2
3311,3310,3257
3310,3311,2
3258,3311,3257
3205,3151,3152
3205,3258,3257
4,3314,5
3209,3208,3155
158,3203,3391
158,3390,3150
158,3150,3203
3310,3256,3257
3203,3256,3391
3101,3047,3048
153,2779,3387
2885,2886,2938
2886,2885,2832
2832,2885,154
2832,154,3387
2779,2780,2832
2780,2779,2726
2996,3049,3048
2996,2943,2997
3049,2996,2997
2996,2942,2943
8,3319,3320
9,8,3320
3266,3213,3214
3319,3266,3320
3209,3210,3262
3210,3263,3262
3213,3160,3214
3108,3160,3107
3159,3160,3213
3160,3159,3107
3324,3270,3271
3321,3268,3322
3102,3101,3048
3049,3102,3048
3103,3102,3049
3102,3103,3155
2998,3050,2997
3050,3049,2997
3050,3051,3104
3050,2998,3051
3103,3050,3104
3050,3103,3049
3060,3059,3007
2900,2952,2899
3008,3060,3007
3163,3164,3217
3164,3163,3111
2946,2947,3000
3000,2947,3001
3106,3053,3107
3159,3106,3107
3106,3158,3105
3106,3159,3158
3106,3052,3053
3052,3106,3105
2998,2945,2999
2945,2946,2999
2945,2998,2944
2945,2893,2946
2621,2622,2675
2143,3381,145
1986,2040,2039
1986,1985,1933
1985,1986,2039
2092,2091,2039
2091,2092,2145
2092,2040,2093
2040,2092,2039
2095,2042,2043
2040,2041,2093
1989,1990,2043
2042,1989,2043
2304,2303,2251
2303,2250,2251
2303,2304,2357
2356,2303,2357
1984,2038,2037
2038,2090,2037
2038,2091,2090
2091,2038,2039
1985,2038,1984
2038,1985,2039
1933,1932,1881
1932,1984,1931
1932,1880,1881
1880,1932,1931
1985,1932,1933
1932,1985,1984
2462,2408,2409
2408,2356,2409
2408,3383,148
2356,2408,2355
2408,2461,3383
2461,2408,2462
3382,2355,148
2735,2789,2788
2789,2735,2736
2735,2683,2736
2734,2735,2788
2787,2840,2839
2840,2787,2788
2734,2787,2733
2787,2734,2788
2681,2733,2680
2627,2681,2680
2681,2627,2628
2681,2734,2733
2732,2679,2680
2574,2520,2521
2520,2574,2573
2411,2410,2358
2410,2411,2464
2627,2575,2628
2522,2575,2521
2574,2575,2627
2575,2574,2521
1990,2044,2043
1994,2047,1993
2047,1994,2048
2100,2047,2048
2154,2100,2101
2200,2254,2253
2092,2146,2145
2146,2092,2093
273,272,219
272,273,325
223,171,224
170,223,222
223,170,171
277,223,224
279,278,225
225,278,224
278,279,331
278,277,224
590,537,591
537,590,536
696,748,695
642,590,643
590,642,589
642,696,695
696,642,643
275,221,222
482,428,429
428,481,427
428,376,429
481,428,482
428,375,376
375,428,427
376,377,429
377,430,429
377,376,323
377,378,430
119,160,120
160,121,120
266,3362,213
121,213,3362
121,160,213
3362,266,122
3365,531,584
126,3365,584
374,375,427
426,374,427
426,479,425
479,426,480
372,3364,123
3364,372,425
637,126,584
3366,690,127
129,902,130
3367,690,743
690,3367,127
161,119,118
162,161,118
161,162,214
161,214,213
160,161,213
161,160,119
162,215,214
215,162,163
166,218,165
218,166,219
272,218,219
218,272,271
217,218,271
218,217,165
270,271,323
322,270,323
269,270,322
270,217,271
1693,1646,1694
1692,1691,1644
1691,1692,1739
1541,1542,1594
1542,1541,1488
1541,1593,1540
1593,1541,1594
1592,1643,1591
1643,1592,1644
1592,1593,1644
1593,1592,1540
1174,1227,1173
1699,1746,1698
1895,1894,1847
1894,1846,1847
1846,1894,1893
1796,1797,1844
955,903,956
903,955,902
130,955,3369
3369,955,1008
133,3371,1167
133,1220,134
1273,3372,134
1273,134,1220
1011,1064,1063
1010,1011,1063
957,1011,1010
1062,1010,1063
1223,1222,1169
1174,1122,1175
1170,1223,1169
1117,1170,1169
1170,1117,1118
850,903,849
850,797,798
797,850,849
851,850,798
1380,1434,1433
1434,1380,1381
1434,1486,1433
1435,1434,1381
1489,1542,1488
1542,1489,1543
1492,1491,1439
1491,1492,1545
1337,1336,1283
1336,1337,1389
1440,1387,1441
1440,1492,1439
541,594,540
597,649,596
597,598,650
649,597,650
598,597,544
543,597,596
597,543,544
545,598,544
598,545,599
492,545,544
545,492,493
491,543,490
491,437,438
437,491,490
543,491,544
492,491,438
491,492,544
433,434,487
379,432,431
432,485,431
485,432,486
432,379,380
433,432,380
432,433,486
542,543,596
543,542,490
542,489,490
489,542,541
49,2619,50
2618,2619,2671
2619,2618,2565
50,2619,2565
50,2565,2566
2618,2670,2617
2670,2618,2671
2505,2558,2557
2663,2611,2664
2558,2611,2557
2564,2618,2617
2618,2564,2565
2564,2563,2511
2563,2564,2617
2350,2404,2403
2404,2351,2405
2351,2404,2350
2404,2456,2403
2455,2402,2403
2455,2509,2508
2454,2455,2508
2455,2454,2402
2455,2456,2509
2456,2455,2403
2510,2563,2562
2563,2510,2511
2509,2510,2562
2456,2510,2509
3361,41,40
3307,41,3361
3336,21,20
3283,3336,3282
3336,3283,3337
21,3336,3337
3334,19,3333
19,3334,20
3235,3287,3234
3287,3286,3234
3286,3287,3340
3287,3235,3288
3341,3287,3288
3287,3341,3340
22,3338,23
3338,22,3337
3347,3294,3348
3129,3076,3130
3024,3076,3023
3286,3233,3234
3233,3285,3232
3233,3180,3234
3285,3233,3286
3233,3179,3180
3179,3233,3232
3182,3129,3130
3183,3182,3130
3182,3235,3181
3129,3182,3181
3236,3182,3183
3182,3236,3235
3290,3343,3289
3343,3342,3289
3342,3343,26
3343,3290,3344
26,3343,3344
3345,3291,3292
3291,3345,3344
3291,3290,3238
3290,3291,3344
3349,3296,3350
3296,3297,3350
2926,2979,2978
3192,3139,3140
3139,3192,3191
3026,3079,3078
3079,3132,3078
3084,3083,3031
3083,3084,3137
2977,2976,2924
2976,2923,2924
2926,2925,2872
2925,2871,2872
2871,2925,2924
2925,2926,2978
2977,2925,2978
2925,2977,2924
3332,18,17
3279,3332,3278
3332,3279,3333
18,3332,3333
3174,3227,3173
3277,3330,3276
3172,3120,3173
14,3328,15
3328,3329,15
3017,3069,3016
3019,3071,3018
2801,2854,2853
2852,2800,2853
2850,2903,2849
2797,2850,2849
2903,2850,2904
2850,2797,2798
2851,2850,2798
2850,2851,2904
2960,3013,2959
2917,2918,2970
2813,2759,2760
2703,2650,2704
2278,2330,2277
3254,3253,3200
3306,3254,3307
3254,3255,3307
3253,3254,3306
3254,3201,3255
3201,3254,3200
2903,2902,2849
2902,2848,2849
2474,2475,2527
2527,2475,2528
2747,2695,2748
2746,2747,2800
2957,2956,2904
2957,3010,2956
2687,2686,2633
2633,2686,2632
2686,2685,2632
2685,2686,2738
2739,2686,2687
2686,2739,2738
2843,2896,2842
2790,2843,2842
2898,2845,2899
2845,2846,2899
2577,2523,2524
2470,2523,2522
2264,2265,2317
2318,2371,2317
2319,2318,2266
2417,2470,2416
2366,2313,2367
2631,2579,2632
2420,2473,2419
2473,2420,2474
2473,2472,2419
2473,2525,2472
2107,2055,2108
1947,1895,1896
2002,2001,1949
2055,2001,2002
2262,2209,2263
3249,3196,3250
3250,3196,3197
3144,3196,3143
3196,3144,3197
3041,2988,3042
2986,3040,3039
2986,2985,2933
2985,2986,3039
2934,2986,2933
2718,2719,2771
2718,2717,2664
2718,2665,2719
2665,2718,2664
3092,3145,3091
3144,3145,3197
3145,3144,3091
3145,3092,3146
3198,3145,3146
3145,3198,3197
3251,3252,3304
3252,3253,3305
3304,3252,3305
3253,3252,3199
3198,3252,3251
3252,3198,3199
3037,3089,3036
3037,2984,3038
3090,3037,3038
3089,3037,3090
2983,3037,3036
3037,2983,2984
2877,2930,2876
2929,2930,2982
2930,2929,2876
2930,2877,2931
2983,2930,2931
2930,2983,2982
2824,2877,2876
2823,2824,2876
2769,2823,2822
2717,2769,2716
2768,2769,2822
2769,2768,2716
3086,3087,3140
3086,3139,3085
3139,3086,3140
3088,3142,3141
3089,3088,3036
3088,3035,3036
3142,3088,3089
3088,3087,3035
3087,3088,3141
3302,3249,3250
3302,3303,3356
3355,3302,3356
3303,3302,3250
3302,3301,3249
3301,3302,3355
3247,3248,3300
3248,3247,3194
3248,3301,3300
3301,3248,3249
2778,47,2831
2777,2778,2831
2777,2725,48
2777,48,2778
2881,2934,2880
2882,2881,2829
2243,2242,2190
2243,2244,2297
2298,2351,2350
2297,2298,2350
2244,2298,2297
2503,2449,2450
2662,2663,2716
2715,2662,2716
316,317,369
317,316,263
317,370,369
317,318,370
370,423,369
75,582,530
476,76,530
476,477,76
530,76,75
75,583,582
210,209,82
210,211,263
211,210,82
261,315,314
261,314,260
208,261,260
209,261,208
79,265,264
79,212,80
627,574,628
680,627,628
627,680,679
522,468,469
523,522,469
522,523,575
468,522,521
522,574,521
574,522,575
87,203,88
256,203,204
203,87,204
205,86,85
86,205,204
364,312,365
312,313,365
312,364,311
313,312,259
312,258,259
258,312,311
254,307,253
201,254,253
254,308,307
416,417,469
418,417,364
419,418,365
418,419,471
471,419,472
366,419,365
367,315,368
421,367,368
315,367,314
367,366,314
736,737,789
737,736,683
739,686,740
739,792,791
792,739,740
686,739,685
739,738,685
738,739,791
64,1537,1484
1537,1536,1484
1536,1537,63
1536,63,1590
1378,1430,1377
1324,1378,1377
1378,1325,65
1378,1324,1325
65,1431,1430
65,1430,1378
1430,1431,1484
1431,64,1484
66,1272,67
67,1272,1218
67,1218,1219
1324,66,1325
1324,1272,66
71,900,901
71,954,900
901,900,848
72,901,848
635,581,582
688,741,687
74,688,636
741,688,742
688,689,742
688,635,636
635,688,687
301,300,247
247,300,246
618,619,671
619,672,671
463,462,410
462,463,516
523,576,575
630,576,577
524,576,523
576,524,577
629,576,630
576,629,575
1001,948,949
948,1001,1000
895,948,894
948,895,949
896,950,949
1002,950,1003
950,1002,949
897,950,896
951,950,897
950,951,1003
1005,1004,952
1004,1057,1003
1004,951,952
951,1004,1003
1105,1052,1053
1052,1105,1104
1052,999,1053
945,944,891
839,892,891
892,840,893
946,892,893
892,839,840
945,892,946
892,945,891
195,248,247
301,248,302
248,301,247
248,195,196
249,248,196
248,249,302
305,304,251
304,250,251
357,304,305
520,572,519
360,308,361
308,360,307
731,730,677
625,677,624
625,678,677
176,108,107
177,176,107
176,228,175
108,176,175
280,281,333
281,228,282
231,178,179
231,230,178
286,233,287
233,234,287
233,181,234
340,339,287
339,393,392
393,339,340
339,286,287
226,279,225
173,226,225
279,226,280
174,226,173
501,554,553
448,501,447
448,396,449
439,440,493
453,506,452
348,349,402
296,349,348
187,99,188
99,98,188
99,187,100
294,295,347
296,295,242
295,348,347
295,296,348
241,295,294
295,241,242
292,345,344
293,345,292
187,240,239
240,241,294
240,187,188
241,240,188
293,240,294
240,293,239
291,343,290
343,342,290
343,396,342
343,291,344
343,397,396
397,343,344
182,183,235
183,182,103
182,235,234
182,181,103
181,182,234
237,236,184
236,290,289
236,237,290
235,236,289
183,236,235
236,183,184
1615,1614,1562
1509,1457,1510
1405,1353,1406
1511,1564,1510
1564,1511,1565
1356,1303,1357
1667,1714,1713
1617,1713,1666
1617,1667,1713
1667,1618,1619
1668,1667,1619
1667,1668,1714
1620,1668,1619
1569,1620,1619
1515,1463,1516
1569,1515,1516
1515,1569,1568
1088,1142,1141
772,825,771
825,878,877
1044,1043,990
932,878,879
933,932,879
878,932,931
985,932,933
986,987,1040
986,1040,1039
985,986,1039
986,985,933
934,986,933
986,934,987
880,933,879
880,934,933
1251,1252,1304
1253,1252,1199
1198,1252,1251
1252,1198,1199
1146,1147,1199
1146,1092,1093
1147,1146,1093
1092,1146,1145
1146,1198,1145
1198,1146,1199
1243,1189,1190
1140,1087,1141
1140,1139,1086
1139,1140,1192
1087,1140,1086
1140,1193,1192
1193,1140,1141
1193,1246,1192
1244,1243,1190
1353,1352,1299
1352,1353,1405
1032,1031,978
974,921,922
869,923,922
923,869,870
1848,1849,1896
1849,1848,1801
1897,1849,1850
1849,1897,1896
2064,2010,2011
2010,2064,2063
1457,1456,1403
1456,1457,1509
1759,1807,1806
1855,1807,1760
1807,1759,1760
598,651,650
651,598,599
651,652,705
652,651,599
600,652,599
652,600,653
918,971,970
1022,1074,1021
657,656,604
765,818,764
765,766,819
818,765,819
712,765,764
818,871,870
871,818,819
817,869,816
817,818,870
869,817,870
818,817,764
817,763,764
763,817,816
868,815,816
815,762,816
815,868,867
815,761,762
707,760,759
761,760,708
760,707,708
1391,1444,1390
1444,1443,1390
1445,1444,1391
1443,1444,1496
1497,1444,1445
1444,1497,1496
1606,1607,1658
1704,1703,1656
1284,1283,1231
1284,1337,1283
1284,1232,1285
1232,1284,1231
1285,1233,1286
1232,1233,1285
1233,1232,1179
1340,1393,1392
1393,1340,1341
1339,1340,1392
1340,1339,1286
1184,1237,1183
1081,1080,1028
1080,1081,1134
1237,1290,1289
876,930,929
930,876,877
875,876,929
874,875,928
927,874,928
874,927,873
875,874,822
874,821,822
821,874,873
766,820,819
820,821,873
719,718,665
718,719,771
768,769,822
821,768,822
455,454,402
454,401,402
454,453,401
508,454,455
509,562,561
562,509,510
508,509,561
509,508,455
456,509,455
509,456,510
564,511,512
511,564,563
617,564,618
564,617,563
670,618,671
670,723,669
617,670,669
670,617,618
408,461,460
462,461,409
461,408,409
461,462,515
514,461,515
461,514,460
458,511,457
511,458,512
458,405,406
405,458,457
350,351,404
351,350,298
351,405,404
562,615,561
828,774,775
774,773,721
774,722,775
722,774,721
1926,1927,1980
1927,1926,1876
2034,1982,2035
1982,1983,2035
1982,1929,1983
1982,1928,1929
1830,1878,1829
1878,1830,1879
1929,1878,1879
1928,1878,1929
1735,1783,1734
1783,1735,1784
1735,1736,1784
1735,1689,61
1641,61,1689
1640,1641,1689
1640,1590,62
1640,62,1641
1429,1376,1377
1376,1429,1428
1430,1429,1377
1429,1482,1428
1587,1638,1637
1586,1587,1637
1587,1533,1534
1533,1587,1586
1587,1588,1638
1588,1587,1534
1589,1536,1590
1640,1589,1590
1589,1640,1639
1536,1589,1535
1589,1588,1535
1588,1589,1639
2032,1979,1980
1979,1926,1980
1979,1925,1926
1925,1979,1978
1926,1875,1876
1925,1875,1926
1875,1827,1876
1572,1573,1623
1622,1572,1623
1911,1910,1860
1967,1968,2020
2019,1967,2020
1967,2019,1966
1672,1719,1718
1671,1672,1718
1672,1671,1623
1624,1672,1623
1677,1676,1628
1723,1676,1677
1816,1865,1864
1817,1816,1770
1865,1816,1817
1816,1769,1770
1816,1815,1769
1815,1816,1864
1767,1768,1814
1768,1719,1720
1769,1768,1720
1768,1767,1719
1768,1815,1814
1815,1768,1769
1473,1420,1474
1420,1473,1419
1422,1369,1370
1316,1369,1315
1369,1316,1370
1369,1368,1315
1417,1365,1418
1311,1365,1364
1365,1417,1364
1365,1311,1312
1366,1365,1312
1365,1366,1418
1317,1264,1265
1316,1317,1370
1317,1316,1264
1318,1317,1265
1266,1318,1265
1266,1213,1267
1426,1427,1480
1427,1426,1374
1479,1426,1480
1425,1426,1479
1426,1373,1374
1373,1426,1425
1477,1529,1476
1477,1424,1478
1423,1477,1476
1477,1423,1424
1057,1109,1056
1109,1057,1110
1163,1109,1110
1109,1108,1056
1109,1162,1108
1162,1109,1163
1215,1163,1216
1269,1215,1216
1162,1215,1214
1215,1162,1163
1164,1163,1110
1163,1164,1216
1164,1217,1216
1111,1164,1110
1322,1376,1375
1376,1322,1323
1321,1322,1375
1322,1321,1269
1270,1322,1269
1322,1270,1323
2815,2816,2868
2815,2762,2816
2708,2654,2655
2707,2708,2760
2654,2708,2707
2816,2869,2868
2923,2869,2870
2817,2869,2816
2869,2817,2870
2818,2765,2819
2818,2871,2870
2871,2818,2819
2765,2818,2764
2818,2817,2764
2817,2818,2870
2240,2241,2294
2294,2241,2295
2241,2242,2295
2241,2240,2188
2241,2189,2242
2189,2241,2188
2068,2069,2121
2015,2069,2068
2069,2015,2016
2281,2228,2282
2074,2075,2127
2075,2128,2127
2076,2075,2022
2075,2076,2128
2021,2075,2074
2075,2021,2022
2184,2130,2131
2130,2078,2131
2078,2130,2077
2130,2184,2183
2129,2130,2183
2130,2129,2077
2240,2187,2188
2187,2240,2239
2186,2187,2239
2187,2134,2188
2184,2237,2236
2237,2290,2236
2290,2237,2291
2237,2184,2185
2238,2237,2185
2237,2238,2291
1631,1630,1580
1679,1631,1680
1581,1631,1580
1631,1679,1630
1632,1631,1581
1631,1632,1680
1725,1773,1724
1725,1724,1678
1725,1774,1773
1679,1725,1678
1726,1725,1679
1725,1726,1774
1526,1527,1580
1527,1526,1474
1526,1473,1474
1579,1526,1580
1730,1729,1683
1684,1730,1683
1636,1586,1637
1636,1585,1586
1685,1636,1637
1636,1635,1585
1636,1684,1635
1684,1636,1685
1782,1781,1733
1781,1827,1780
1828,1781,1782
1827,1781,1828
1732,1781,1780
1781,1732,1733
2083,2136,2135
2082,2083,2135
2029,2083,2082
2083,2084,2136
2086,2033,2087
2032,2086,2085
2139,2086,2087
2033,2086,2032
2138,2086,2139
2086,2138,2085
2650,2598,2651
2597,2598,2650
2598,2599,2651
2599,2598,2545
2759,2706,2707
2705,2706,2758
2706,2759,2758
2706,2705,2652
2653,2706,2652
2706,2653,2707
2712,2765,2764
2659,2712,2658
2711,2712,2764
2712,2711,2658
2711,2657,2658
2657,2605,2658
2605,2657,2604
2657,2711,2710
2657,2656,2604
2656,2657,2710
2493,2546,2545
2546,2493,2494
2492,2493,2545
2493,2492,2439
2440,2493,2439
2493,2440,2494
2281,2333,2280
2438,2492,2491
2492,2438,2439
2438,2386,2439
2386,2438,2385
2109,2162,2108
2214,2162,2215
2322,2269,2270
2171,2172,2224
2172,2171,2118
2223,2171,2224
2012,2065,2011
2065,2064,2011
2065,2066,2118
2066,2065,2012
2055,2056,2108
2056,2109,2108
2056,2055,2002
2056,2057,2109
1898,1850,1851
1898,1897,1850
1898,1851,1899
1897,1898,1949
1898,1950,1949
1950,1898,1899
2225,2278,2224
2225,2172,2173
2172,2225,2224
2225,2279,2278
2216,2217,2270
1765,1811,1764
1716,1765,1764
1810,1859,1858
1810,1811,1859
1809,1810,1858
1811,1810,1764
1763,1810,1809
1810,1763,1764
1857,1809,1858
1809,1857,1808
1857,1907,1906
1906,1808,1857
1906,1959,1905
1906,1856,1808
1856,1906,1905
2066,2013,2067
2067,2013,2014
2013,2066,2012
2013,1961,2014
2283,2335,2282
2440,2441,2494
2494,2441,2495
2441,2440,2388
2285,2337,2284
2179,2178,2125
2178,2124,2125
2124,2178,2177
2178,2230,2177
2181,2128,2182
2128,2181,2127
2181,2180,2127
2234,2181,2182
2233,2181,2234
2181,2233,2180
2286,2285,2232
2233,2286,2232
2447,2395,2448
2395,2447,2394
2501,2447,2448
2447,2501,2500
2446,2447,2500
2447,2446,2394
2548,2496,2549
2496,2548,2495
2496,2497,2549
1869,1920,1919
1973,1920,1974
1920,1973,1919
1920,1921,1974
1920,1870,1921
1870,1920,1869
2021,1969,2022
1969,2021,1968
1969,1968,1915
1916,1969,1915
1866,1865,1817
1866,1818,1867
1818,1866,1817
1866,1916,1865
994,942,995
1048,994,995
994,1047,993
1047,994,1048
994,941,942
941,994,993
1148,1149,1201
1149,1150,1202
1149,1202,1201
732,678,679
733,732,679
731,732,784
678,732,731
785,732,733
732,785,784
882,829,830
832,778,779
776,829,775
723,776,775
829,776,830
776,777,830
885,886,939
938,885,939
885,884,832
884,885,938
885,833,886
833,885,832
727,780,779
780,727,728
780,833,779
1108,1161,1107
1213,1161,1214
1162,1161,1108
1161,1162,1214
1160,1161,1213
1161,1160,1107
1413,1360,1361
1463,1464,1516
1255,1254,1201
1253,1254,1306
1254,1200,1201
1200,1254,1253
1307,1254,1255
1254,1307,1306
1578,1579,1629
1578,1629,1628
1578,1577,1524
1577,1578,1628
1047,1099,1046
1099,1098,1046
1152,1099,1153
1099,1152,1098
1203,1150,1151
1203,1204,1257
1204,1203,1151
1150,1203,1202
1203,1256,1202
1256,1203,1257
1102,1103,1156
1050,1102,1049
1103,1102,1050
1102,1101,1049
1258,1205,1259
1205,1152,1153
1204,1205,1258
1152,1205,1204
1206,1205,1153
1205,1206,1259
1209,1208,1156
1208,1261,1207
1210,1157,1158
1211,1210,1158
1210,1211,1264
1157,1210,1209
1210,1263,1209
1263,1210,1264
1468,1521,1520
1577,1576,1523
1575,1576,1626
159,3309,0
3309,1,0
159,3391,3256
159,3256,3309
1,3309,3310
3309,3256,3310
2,3312,3
3311,3312,2
3312,3311,3258
3312,3258,3259
3153,3206,3152
3258,3206,3259
3205,3206,3258
3206,3205,3152
3313,4,3
3312,3313,3
3313,3312,3259
4,3313,3314
3315,3261,3262
3261,3209,3262
3261,3315,3314
3261,3208,3209
3389,3097,157
157,3097,3390
3097,3150,3390
3204,3150,3151
3204,3205,3257
3205,3204,3151
3150,3204,3203
3204,3256,3203
3256,3204,3257
3318,8,7
8,3318,3319
6,3317,7
3264,3317,3263
3317,6,3316
3263,3317,3316
3318,3317,3264
3317,3318,7
2991,2938,2992
156,2991,3044
2991,156,155
2939,2886,2887
2939,2887,2940
2938,2939,2992
2886,2939,2938
2939,2993,2992
2993,2939,2940
3100,3153,3152
3153,3100,3101
3047,3100,3046
3100,3047,3101
2941,2994,2940
2994,2993,2940
2993,2994,3046
2994,3047,3046
153,3386,2779
2779,3386,2726
2726,3386,152
2726,152,2673
2885,3388,154
3388,2885,2938
2938,155,3388
2938,2991,155
2833,2834,2887
2886,2833,2887
2833,2886,2832
2834,2833,2781
2833,2780,2781
2780,2833,2832
2728,2727,2675
2674,2727,2726
2727,2674,2675
2727,2728,2781
2727,2780,2726
2780,2727,2781
2837,2785,2838
2890,2891,2943
2891,2944,2943
2837,2891,2890
2891,2837,2838
3156,3209,3155
3157,3156,3104
3103,3156,3155
3156,3103,3104
3210,3156,3157
3156,3210,3209
3211,3158,3212
3264,3211,3212
3211,3157,3158
3211,3264,3263
3210,3211,3263
3211,3210,3157
3109,3161,3108
3161,3160,3108
3160,3161,3214
3323,11,3322
3323,3324,11
3323,3270,3324
3164,3218,3217
3218,3270,3217
3270,3218,3271
3267,3266,3214
3267,3321,3320
3266,3267,3320
3267,3268,3321
3208,3154,3155
3154,3153,3101
3102,3154,3101
3154,3102,3155
2951,2898,2899
2951,2952,3005
2952,2951,2899
2952,3006,3005
3059,3006,3007
3272,3325,3271
3272,3326,3325
3326,3272,3273
3165,3218,3164
3110,3057,3111
3163,3110,3111
2893,2894,2946
2895,2894,2841
2894,2840,2841
2894,2893,2840
2947,2894,2895
2894,2947,2946
2517,2571,2570
2572,2519,2573
2519,2520,2573
2516,2463,2464
2463,2516,2515
2516,2517,2570
2517,2516,2464
2250,2196,2197
2196,2144,2197
2196,2143,2144
2196,3381,2143
1882,1934,1933
1934,1986,1933
2094,2095,2148
2095,2094,2042
2094,2041,2042
2041,2094,2093
2041,1988,2042
1988,1989,2042
1744,1791,1743
2302,147,2249
2249,147,146
2249,2196,2250
146,3381,2196
146,2196,2249
2630,2631,2684
2683,2630,2684
2630,2629,2577
2629,2630,2683
2629,2682,2628
2735,2682,2683
2682,2629,2683
2682,2735,2734
2681,2682,2734
2682,2681,2628
2574,2626,2573
2626,2627,2680
2626,2574,2627
2679,2626,2680
2465,2517,2464
2411,2465,2464
2095,2149,2148
2202,2149,2150
2097,2045,2098
2097,2044,2045
1991,2044,1990
2044,1991,2045
1991,1992,2045
1992,1991,1939
1940,1992,1939
1888,1940,1939
1992,1940,1993
2045,2046,2098
2046,1992,1993
1992,2046,2045
2047,2046,1993
2099,2047,2100
2099,2046,2047
2046,2099,2098
2359,2411,2358
2199,2200,2253
220,167,168
167,220,219
221,220,168
220,273,219
379,326,380
326,379,325
273,326,325
538,485,486
539,538,486
538,537,485
537,538,591
483,484,536
485,484,431
484,430,431
484,483,430
484,537,536
537,484,485
223,276,222
276,277,329
328,276,329
276,223,277
275,276,328
276,275,222
272,324,271
324,272,325
271,324,323
378,324,325
377,324,378
324,377,323
124,478,125
531,125,478
531,3365,125
478,479,531
479,478,425
124,425,478
124,3364,425
122,319,3363
319,372,3363
589,588,535
690,691,743
849,902,129
849,129,3368
217,216,164
216,215,163
164,216,163
215,216,269
270,216,217
216,270,269
1646,1645,1594
1593,1645,1644
1645,1593,1594
1645,1646,1693
1692,1645,1693
1645,1692,1644
1595,1542,1543
1542,1595,1594
1595,1646,1594
1596,1595,1543
1539,1538,1485
1538,1539,1591
1486,1539,1485
1539,1486,1540
1592,1539,1540
1539,1592,1591
1228,1174,1175
1229,1228,1175
1228,1227,1174
1227,1228,1280
1278,1332,1331
1334,1333,1280
1746,1745,1698
1745,1746,1793
1546,1598,1545
1695,1696,1743
1696,1744,1743
1696,1695,1648
1649,1696,1648
1653,1701,1700
1699,1747,1746
1747,1699,1700
1443,1442,1389
1442,1494,1441
1943,1996,1995
1891,1892,1943
1892,1891,1844
1841,1840,1793
1841,1888,1840
1845,1892,1844
1797,1845,1844
1892,1845,1893
1845,1846,1893
1796,1749,1797
1167,3371,1114
133,1167,1220
1012,1065,1064
1011,1012,1064
1009,1061,1008
1010,1009,956
1009,955,956
955,1009,1008
1009,1062,1061
1062,1009,1010
1116,1117,1169
1117,1116,1063
1116,1062,1063
1277,1278,1331
1329,1382,1381
1328,1329,1381
1121,1174,1173
1121,1122,1174
1226,1172,1173
1227,1226,1173
909,961,908
1014,961,1015
961,960,908
960,961,1014
903,904,956
904,957,956
904,905,957
850,904,903
851,904,850
904,851,905
1487,1435,1488
1486,1487,1540
1541,1487,1488
1487,1541,1540
1487,1434,1435
1434,1487,1486
1435,1436,1488
1383,1436,1382
1436,1435,1382
1436,1383,1437
1489,1436,1437
1436,1489,1488
1490,1489,1437
1489,1490,1543
1494,1493,1441
1492,1493,1546
1440,1493,1492
1493,1440,1441
753,754,807
697,696,643
804,856,803
856,804,857
382,328,329
383,382,329
382,383,435
434,382,435
487,488,540
489,488,435
488,541,540
488,489,541
434,488,487
488,434,435
2671,2619,49
2671,49,2672
2672,2725,2671
2725,2672,48
2725,2724,2671
2723,2724,2776
2724,2777,2776
2724,2725,2777
2724,2670,2671
2670,2724,2723
2826,2879,2878
2775,2723,2776
2829,2775,2776
2616,2563,2617
2563,2616,2562
2614,2667,2666
2667,2668,2721
2560,2561,2614
2561,2560,2508
2400,2452,2399
2452,2400,2453
2559,2612,2558
2612,2665,2664
2612,2611,2558
2611,2612,2664
2513,2512,2459
2512,2458,2459
2512,2513,2565
2458,2512,2511
2512,2564,2511
2564,2512,2565
2457,2458,2511
2457,2404,2405
2458,2457,2405
2404,2457,2456
2457,2510,2456
2510,2457,2511
2247,2248,54
2247,2301,2300
2247,2195,2248
2247,2194,2195
2247,2246,2194
2246,2247,2300
2139,2193,2192
2193,2139,2140
2194,2193,2140
2246,2193,2194
3335,3334,3281
3334,3335,20
3335,3281,3282
3335,3336,20
3336,3335,3282
3177,3124,3125
3124,3071,3125
3339,3338,3285
3338,3339,23
3339,3285,3286
3339,3340,23
3339,3286,3340
3346,3293,3347
3293,3346,3292
3294,3293,3241
3293,3294,3347
3077,3131,3130
3131,3077,3078
3077,3076,3024
3076,3077,3130
3179,3127,3180
3076,3075,3023
3075,3076,3129
3294,3295,3348
3295,3349,3348
3295,3296,3349
3296,3295,3243
3245,3244,3191
3297,3244,3245
3244,3190,3191
3190,3244,3243
3296,3244,3297
3244,3296,3243
2874,2927,2873
2927,2928,2980
2927,2926,2873
2927,2874,2928
2927,2979,2926
2979,2927,2980
3027,3079,3026
3138,3190,3137
3190,3138,3191
3139,3138,3085
3138,3139,3191
3138,3084,3085
3084,3138,3137
2979,3032,2978
2978,3032,3031
3032,3084,3031
3084,3032,3085
3331,3332,17
3332,3331,3278
3331,3277,3278
3330,3331,17
3277,3331,3330
3228,3175,3229
3281,3228,3229
3175,3228,3174
3228,3227,3174
3174,3121,3122
3121,3174,3173
3120,3121,3173
3223,3224,3276
3224,3277,3276
3226,3279,3278
3227,3226,3173
3226,3227,3279
3226,3172,3173
3116,3117,3169
3119,3172,3171
3172,3119,3120
3120,3119,3066
3118,3119,3171
3328,3327,3274
3327,3328,14
3274,3327,3273
3327,3326,3273
3326,3327,14
3275,3223,3276
3329,3275,3276
3223,3275,3222
3275,3274,3222
3275,3328,3274
3328,3275,3329
3017,2964,3018
2916,2862,2863
2917,2916,2863
2916,2969,2968
2969,2916,2917
2916,2915,2862
2915,2916,2968
2913,2914,2966
2914,2913,2860
2907,2960,2959
2854,2907,2853
3015,2962,3016
2962,3015,2961
2909,2962,2961
2962,2909,2910
2803,2856,2855
2856,2803,2804
2856,2909,2855
2909,2856,2910
2856,2857,2910
2857,2856,2804
3015,3014,2961
3014,2960,2961
3014,3013,2960
3013,3014,3066
2864,2917,2863
2864,2918,2917
2649,2597,2650
2703,2649,2650
2757,2756,2704
2756,2703,2704
2384,2331,2385
2279,2331,2278
2330,2331,2384
2331,2330,2278
2436,2490,2489
2476,2475,2422
2475,2476,2528
2581,2527,2528
2582,2581,2528
2954,3008,3007
2795,2848,2847
2315,2262,2263
2315,2369,2368
2369,2421,2368
2421,2420,2368
2420,2421,2474
2421,2369,2422
2475,2421,2422
2421,2475,2474
2638,2586,2639
2642,2590,2643
2642,2695,2641
2693,2746,2745
2799,2851,2798
2799,2798,2745
2852,2799,2800
2799,2852,2851
2799,2746,2800
2746,2799,2745
2854,2802,2855
2802,2801,2748
2802,2803,2855
2802,2854,2801
2802,2749,2803
2749,2802,2748
2852,2905,2851
2851,2905,2904
2905,2957,2904
2843,2897,2896
2739,2792,2738
2629,2576,2577
2575,2576,2628
2576,2629,2628
2576,2575,2522
2576,2523,2577
2523,2576,2522
2265,2211,2212
2264,2211,2265
2369,2370,2422
2371,2370,2317
2373,2319,2320
2374,2373,2320
2373,2374,2426
2267,2268,2320
2267,2214,2268
2267,2319,2266
2319,2267,2320
2523,2471,2524
2471,2472,2524
2471,2523,2470
2417,2471,2470
2526,2579,2525
2526,2474,2527
2473,2526,2525
2526,2473,2474
2213,2266,2212
2267,2213,2214
2213,2267,2266
2159,2211,2158
2211,2159,2212
1999,2000,2053
1999,1947,2000
2000,2054,2053
2107,2054,2055
2001,2054,2000
2054,2001,2055
1948,1947,1896
1948,1897,1949
1897,1948,1896
1947,1948,2000
2001,1948,1949
1948,2001,2000
2937,2989,2936
2989,3043,3042
2989,2990,45
2989,2937,2990
2988,2989,3042
2989,2988,2936
2987,2988,3041
2987,3041,3040
2987,2986,2934
2986,2987,3040
2607,2606,2553
2607,2659,2606
2607,2660,2659
2660,2607,2608
2824,2770,2771
2770,2718,2771
2718,2770,2717
2770,2824,2823
2769,2770,2823
2770,2769,2717
3087,3034,3035
2981,3034,2980
3035,3034,2981
3086,3034,3087
3196,3195,3143
3195,3142,3143
3142,3195,3194
3195,3196,3249
3248,3195,3249
3195,3248,3194
2296,2349,2348
2242,2296,2295
2296,2348,2295
2349,2296,2297
2243,2296,2242
2296,2243,2297
2191,2138,2192
2137,2191,2190
2244,2191,2192
2138,2191,2137
2243,2191,2244
2191,2243,2190
2299,2246,2300
2352,2299,2300
2299,2352,2351
2298,2299,2351
2502,2501,2448
2449,2502,2448
2503,2502,2449
2661,2660,2608
2661,2715,2714
2609,2661,2608
2660,2661,2714
2661,2662,2715
2662,2661,2609
79,264,212
318,264,265
211,264,263
212,264,211
317,264,318
264,317,263
477,424,77
424,477,476
423,424,476
424,423,370
77,424,371
424,370,371
316,262,263
315,262,316
262,210,263
210,262,209
262,261,209
261,262,315
205,206,258
206,205,85
258,206,259
207,206,85
206,207,259
310,257,311
257,258,311
257,256,204
257,310,256
257,205,258
205,257,204
202,201,88
202,254,201
203,202,88
310,309,256
308,309,361
309,362,361
362,309,310
364,363,311
362,363,416
363,310,311
363,362,310
417,363,364
363,417,416
470,523,469
524,470,471
470,418,471
470,524,523
470,417,418
417,470,469
473,420,421
419,420,472
420,473,472
420,419,366
367,420,366
420,367,421
844,790,791
789,790,843
790,844,843
790,738,791
790,737,738
737,790,789
738,684,685
632,684,631
631,684,683
684,632,685
684,737,683
737,684,738
1271,1324,1323
1271,1217,1218
1270,1271,1323
1271,1270,1217
1271,1272,1324
1272,1271,1218
898,951,897
846,898,845
898,897,845
951,898,952
899,898,846
898,899,952
847,794,848
794,847,793
847,846,793
900,847,848
899,847,900
847,899,846
953,1005,952
953,954,1006
1005,953,1006
953,900,954
953,899,900
899,953,952
686,634,687
634,635,687
634,581,635
581,634,580
474,473,421
529,530,582
530,529,476
581,529,582
407,353,354
353,301,354
353,407,406
353,300,301
514,566,513
566,514,567
894,947,893
999,947,1000
947,946,893
947,999,946
948,947,894
947,948,1000
1057,1058,1110
1058,1111,1110
1058,1005,1059
1111,1058,1059
1058,1004,1005
1004,1058,1057
1051,1103,1050
1103,1051,1104
1051,1052,1104
942,943,995
943,944,996
943,996,995
249,303,302
303,249,250
303,355,302
304,303,250
517,463,464
463,517,516
518,517,464
517,518,570
623,570,624
411,463,410
411,357,358
357,411,410
463,411,464
411,412,464
412,411,358
465,518,464
518,465,519
465,412,413
412,465,464
520,467,521
467,468,521
574,573,521
627,573,574
520,573,572
573,520,521
359,412,358
306,359,358
359,306,307
412,359,413
359,360,413
360,359,307
783,731,784
837,783,784
783,730,731
570,571,624
572,571,519
571,518,519
518,571,570
625,571,572
571,625,624
334,281,282
281,334,333
228,229,282
230,229,177
229,176,177
176,229,228
229,283,282
283,229,230
283,284,336
284,337,336
337,284,285
284,283,230
231,284,230
284,231,285
180,104,181
233,180,181
104,180,105
105,180,179
338,339,392
338,337,285
286,338,285
339,338,286
338,391,337
391,338,392
227,174,175
227,281,280
228,227,175
281,227,228
227,226,174
226,227,280
550,497,498
391,444,443
444,391,392
497,444,498
444,497,443
500,501,553
552,500,553
447,500,446
501,500,447
499,500,552
500,499,446
341,395,394
396,395,342
395,447,394
395,341,342
448,395,396
395,448,447
502,554,501
448,502,501
502,448,449
442,390,443
391,390,337
337,390,336
390,391,443
389,390,442
390,389,336
440,494,493
403,456,455
403,455,402
403,350,404
456,403,404
403,349,350
349,403,402
297,296,243
350,297,298
297,244,298
244,297,243
297,349,296
349,297,350
346,294,347
346,293,294
400,346,347
346,345,293
437,385,438
332,385,331
385,386,438
385,332,386
384,385,437
385,384,331
277,330,329
330,278,331
330,383,329
278,330,277
330,384,383
384,330,331
436,437,490
436,489,435
489,436,490
383,436,435
384,436,383
436,384,437
1614,1561,1562
1665,1614,1615
1509,1510,1563
1563,1615,1562
1509,1563,1562
1564,1563,1510
1353,1354,1406
1512,1566,1565
1457,1458,1510
1458,1511,1510
1302,1249,1250
1303,1302,1250
1356,1302,1303
1302,1356,1355
1356,1408,1355
1194,1193,1141
1142,1194,1141
878,826,879
773,826,772
825,826,878
826,825,772
1043,989,990
1095,1149,1148
1196,1143,1144
1038,985,1039
983,930,931
930,983,982
1305,1358,1304
1359,1305,1306
1305,1253,1306
1358,1305,1359
1305,1252,1253
1252,1305,1304
1246,1245,1192
1244,1245,1297
1087,1034,1035
1034,1087,1086
1034,981,1035
981,1034,980
1034,1033,980
1033,1034,1086
979,1032,978
926,979,978
979,927,980
927,979,926
979,1033,1032
1033,979,980
977,925,978
1031,977,978
1189,1137,1190
1137,1138,1190
1085,1033,1086
1033,1085,1032
1139,1085,1086
1138,1085,1139
1029,1081,1028
1081,1029,1082
973,920,921
974,973,921
1959,1958,1905
1958,2011,2010
1958,2010,1957
1958,1959,2011
1296,1244,1297
1244,1296,1243
1504,1558,1557
1349,1402,1401
1456,1402,1403
757,704,705
704,651,705
651,704,650
919,866,920
866,919,865
918,919,971
919,918,865
706,652,653
652,706,705
706,707,759
707,706,653
1233,1234,1286
1236,1237,1289
1237,1236,1183
1288,1236,1289
1180,1233,1179
1180,1234,1233
1234,1180,1181
858,911,857
1230,1177,1231
606,605,552
605,657,604
710,762,709
656,710,709
710,763,762
657,710,656
813,866,865
812,813,865
813,812,759
760,813,759
1753,1754,1801
1850,1803,1851
1606,1605,1553
1703,1655,1656
1704,1751,1703
1338,1391,1390
1337,1338,1390
1338,1339,1391
1339,1338,1285
1284,1338,1337
1338,1284,1285
1133,1080,1134
971,1024,970
823,875,822
769,823,822
823,876,875
926,872,873
925,872,926
871,872,925
872,871,819
872,820,873
820,872,819
714,767,766
767,820,766
820,767,821
767,768,821
506,507,559
507,560,559
507,508,560
507,506,453
507,454,508
454,507,453
513,459,460
407,459,406
459,513,512
459,407,460
459,458,406
458,459,512
299,245,246
245,299,298
300,299,246
299,351,298
614,560,561
613,614,666
614,613,560
614,667,666
614,615,667
615,614,561
616,617,669
616,562,563
617,616,563
616,615,562
1981,1927,1928
1981,2033,1980
2033,1981,2034
1927,1981,1980
1982,1981,1928
1981,1982,2034
1877,1927,1876
1877,1828,1829
1828,1877,1876
1927,1877,1928
1877,1878,1928
1878,1877,1829
1688,1640,1689
1640,1688,1639
1687,1688,1734
1688,1687,1639
1735,1688,1689
1688,1735,1734
1483,1536,1535
1483,1430,1484
1536,1483,1484
1482,1483,1535
1429,1483,1482
1483,1429,1430
2084,2031,2085
2031,2032,2085
2031,1979,2032
1979,2031,1978
1827,1826,1780
1826,1779,1780
1826,1825,1779
1875,1826,1827
1573,1519,1520
1572,1519,1573
1861,1911,1860
1910,1964,1963
1964,2016,1963
1911,1964,1910
1913,1967,1966
2124,2072,2125
2072,2124,2071
1719,1673,1720
1673,1624,1625
1674,1673,1625
1673,1674,1720
1673,1672,1624
1672,1673,1719
1675,1674,1626
1674,1675,1721
1314,1367,1313
1368,1367,1314
1367,1366,1313
1366,1367,1419
1420,1367,1368
1367,1420,1419
1421,1420,1368
1421,1475,1474
1421,1422,1475
1420,1421,1474
1369,1421,1368
1421,1369,1422
1371,1423,1370
1423,1371,1424
1371,1317,1318
1317,1371,1370
1211,1212,1265
1212,1160,1213
1212,1211,1159
1160,1212,1159
1266,1212,1213
1212,1266,1265
1266,1319,1318
1319,1266,1267
1583,1530,1584
1530,1531,1584
1531,1530,1478
1530,1583,1529
1477,1530,1529
1530,1477,1478
1321,1268,1269
1268,1267,1214
1268,1215,1269
1215,1268,1214
1217,1165,1218
1166,1165,1112
1165,1166,1218
1165,1111,1112
1165,1164,1111
1164,1165,1217
2813,2814,2866
2814,2813,2760
2762,2709,2710
2656,2709,2655
2709,2656,2710
2709,2708,2655
2922,2869,2923
2869,2922,2868
2123,2070,2071
2070,2069,2016
2175,2174,2121
2229,2230,2283
2230,2229,2177
2229,2283,2282
2228,2229,2282
1975,2027,1974
2027,1975,2028
2079,2078,2025
2078,2079,2131
2133,2187,2186
2187,2133,2134
1778,1777,1729
1778,1824,1777
1825,1778,1779
1778,1825,1824
1778,1730,1779
1730,1778,1729
1731,1684,1685
1731,1732,1780
1779,1731,1780
1732,1731,1685
1731,1730,1684
1730,1731,1779
2492,2544,2491
2544,2492,2545
2544,2598,2597
2598,2544,2545
2765,2713,2766
2766,2713,2714
2660,2713,2659
2713,2660,2714
2712,2713,2765
2713,2712,2659
2387,2440,2439
2440,2387,2388
2386,2387,2439
2333,2387,2386
2163,2216,2215
2163,2162,2109
2162,2163,2215
2427,2375,2428
2427,2480,2426
2427,2374,2375
2374,2427,2426
2322,2376,2375
2375,2376,2428
2268,2321,2320
2321,2268,2269
2374,2321,2375
2321,2374,2320
2321,2322,2375
2322,2321,2269
2590,2537,2591
2276,2223,2277
2004,2058,2057
2058,2004,2005
2004,2003,1951
1950,2003,2002
2003,1950,1951
2003,2004,2057
2056,2003,2057
2003,2056,2002
2174,2226,2173
2279,2226,2280
2225,2226,2279
2226,2225,2173
2167,2219,2166
2219,2167,2220
2008,1956,2009
1956,1955,1904
1668,1715,1714
1715,1763,1714
1763,1715,1764
1715,1716,1764
1717,1671,1718
1766,1717,1718
1717,1670,1671
1765,1717,1766
1716,1717,1765
1717,1716,1670
1961,1908,1962
1909,1908,1858
1908,1909,1962
1908,1961,1907
1857,1908,1907
1908,1857,1858
1961,1960,1907
1960,1906,1907
1959,1960,2012
1906,1960,1959
2013,1960,1961
1960,2013,2012
2335,2389,2388
2389,2441,2388
2393,2392,2339
2285,2231,2232
2231,2179,2232
2231,2285,2284
2230,2231,2284
2178,2231,2230
2231,2178,2179
2287,2233,2234
2340,2287,2288
2287,2234,2288
2287,2340,2339
2287,2286,2233
2286,2287,2339
1970,1971,2023
1970,2023,2022
1970,1969,1916
1969,1970,2022
941,888,942
881,880,828
934,881,935
829,881,828
880,881,934
882,881,829
881,882,935
884,831,832
777,831,830
778,831,777
831,778,832
726,727,779
726,672,673
727,726,673
778,726,779
724,670,671
670,724,723
776,724,777
724,776,723
781,728,729
781,780,728
1359,1412,1411
1412,1359,1360
1412,1413,1466
1413,1412,1360
1414,1415,1468
1414,1361,1362
1415,1414,1362
1414,1413,1361
1464,1517,1516
1410,1358,1411
1358,1410,1357
1410,1464,1463
1464,1410,1411
1525,1524,1472
1526,1525,1473
1473,1525,1472
1525,1526,1579
1578,1525,1579
1525,1578,1524
1100,1047,1048
1101,1100,1048
1100,1154,1153
1100,1101,1154
1100,1099,1047
1099,1100,1153
1154,1155,1207
1101,1155,1154
1155,1102,1156
1102,1155,1101
1208,1155,1156
1155,1208,1207
1261,1262,1314
1263,1262,1209
1314,1262,1315
1262,1263,1315
1208,1262,1261
1262,1208,1209
1574,1624,1573
1624,1574,1625
1574,1573,1520
1574,1575,1625
1574,1521,1575
1521,1574,1520
1469,1415,1416
1470,1469,1416
1415,1469,1468
1469,1521,1468
3260,3313,3259
3313,3260,3314
3261,3260,3208
3260,3261,3314
3150,3098,3151
3097,3098,3150
3266,3265,3213
3265,3264,3212
3213,3265,3212
3265,3266,3319
3265,3318,3264
3318,3265,3319
3047,2995,3048
2995,2996,3048
2942,2995,2941
2996,2995,2942
2994,2995,3047
2995,2994,2941
2888,2941,2940
2887,2888,2940
2941,2888,2889
2834,2888,2887
2888,2835,2889
2835,2888,2834
2836,2837,2890
2835,2836,2889
2836,2890,2889
2838,2786,2839
2786,2787,2839
2786,2732,2733
2787,2786,2733
2785,2786,2838
2786,2785,2732
2892,2945,2944
2893,2892,2839
2892,2838,2839
2945,2892,2893
2892,2891,2838
2891,2892,2944
3216,3163,3217
3057,3004,3005
3004,2951,3005
3057,3058,3111
3058,3057,3005
3058,3006,3059
3006,3058,3005
3113,3059,3060
3165,3113,3166
3219,3272,3271
3218,3219,3271
3165,3219,3218
3219,3165,3166
3116,3115,3062
3274,3221,3222
3221,3274,3273
2569,2622,2621
2569,2568,2515
2568,2569,2621
2622,2569,2570
2569,2516,2570
2516,2569,2515
2728,2782,2781
2782,2834,2781
2782,2835,2834
2729,2782,2728
1987,1934,1935
1986,1987,2040
1987,2041,2040
1934,1987,1986
1987,1988,2041
1988,1987,1935
1989,1937,1990
1791,1839,1838
2302,2356,2355
2303,2302,2250
2302,2303,2356
3382,2302,2355
2302,3382,147
2302,2249,2250
2578,2577,2524
2578,2579,2631
2525,2578,2524
2579,2578,2525
2578,2630,2577
2630,2578,2631
2624,2571,2572
2731,2679,2732
2785,2731,2732
2731,2678,2679
2678,2731,2730
2520,2468,2521
2308,2362,2361
2254,2201,2255
2201,2200,2148
2201,2202,2255
2201,2254,2200
2201,2149,2202
2149,2201,2148
2044,2096,2043
2096,2095,2043
2149,2096,2150
2096,2149,2095
2097,2096,2044
2096,2097,2150
1941,1994,1993
1940,1941,1993
2360,2361,2413
2304,2305,2358
2305,2359,2358
2147,2146,2093
2200,2147,2148
2147,2094,2148
2094,2147,2093
2147,2199,2146
2199,2147,2200
2198,2251,2197
2198,2197,2145
2146,2198,2145
2199,2198,2146
274,220,221
275,274,221
220,274,273
274,326,273
855,908,854
855,909,908
856,855,803
909,855,856
855,802,803
802,855,854
801,853,800
853,801,854
802,801,748
801,802,854
373,426,425
372,373,425
373,374,426
319,373,372
373,320,374
320,373,319
481,533,480
531,585,584
748,747,695
801,747,748
747,801,800
641,642,695
642,641,589
641,588,589
3368,796,849
796,3368,128
796,797,849
797,796,743
743,796,128
743,128,3367
1695,1647,1648
1646,1647,1694
1647,1695,1694
1647,1596,1648
1647,1595,1596
1595,1647,1646
1491,1438,1439
1490,1438,1491
1438,1490,1437
1282,1229,1230
1282,1230,1283
1336,1282,1283
1386,1440,1439
1440,1386,1387
1334,1386,1333
1386,1334,1387
1651,1699,1698
1596,1597,1648
1597,1649,1648
1597,1598,1649
1598,1597,1545
1745,1697,1698
1697,1745,1744
1697,1696,1649
1696,1697,1744
1550,1549,1496
1497,1550,1496
1549,1550,1602
1551,1550,1497
1498,1497,1445
1498,1445,1446
1499,1498,1446
1498,1551,1497
1387,1388,1441
1388,1336,1389
1442,1388,1389
1388,1442,1441
1495,1443,1496
1549,1495,1496
1494,1495,1548
1495,1549,1548
1442,1495,1494
1495,1442,1443
1944,1892,1893
1892,1944,1943
1996,1944,1997
1944,1996,1943
2049,2101,2048
2049,2048,1995
1996,2049,1995
2154,2155,2207
2155,2154,2101
1843,1842,1795
1843,1796,1844
1796,1843,1795
1891,1843,1844
1746,1794,1793
1794,1747,1795
1842,1794,1795
1747,1794,1746
1841,1794,1842
1794,1841,1793
1747,1748,1795
1748,1796,1795
1701,1748,1700
1748,1747,1700
1748,1749,1796
1749,1748,1701
1221,1222,1274
1221,1274,1273
1220,1221,1273
1167,1221,1220
1013,1014,1066
960,1013,959
1065,1013,1066
1013,960,1014
1012,1013,1065
1013,1012,959
1062,1115,1061
1061,1115,1114
1115,1167,1114
1116,1115,1062
1172,1171,1119
1119,1171,1118
1171,1170,1118
1330,1277,1331
1330,1383,1382
1383,1330,1331
1277,1330,1276
1330,1329,1276
1329,1330,1382
1222,1275,1274
1274,1275,1328
1276,1275,1223
1275,1222,1223
1275,1329,1328
1329,1275,1276
910,909,856
910,856,857
911,910,857
1120,1119,1066
1172,1120,1173
1067,1120,1066
1120,1172,1119
1121,1120,1067
1120,1121,1173
1016,1068,1015
1068,1067,1015
1121,1068,1122
1068,1121,1067
1279,1227,1280
1279,1332,1278
1333,1279,1280
1332,1279,1333
1279,1226,1227
1226,1279,1278
905,958,957
1012,958,959
958,1011,957
958,1012,1011
906,958,905
958,906,959
908,907,854
907,960,959
960,907,908
907,853,854
907,906,853
906,907,959
851,852,905
853,852,800
906,852,853
852,906,905
749,802,748
802,749,803
749,748,696
697,749,696
806,753,807
594,593,540
593,539,540
644,697,643
591,644,643
697,644,698
644,645,698
701,753,700
754,701,702
701,754,753
647,701,700
595,542,596
595,594,541
542,595,541
595,647,594
381,433,380
381,434,433
381,382,434
382,381,328
2719,2772,2771
2879,2827,2880
2826,2827,2879
2722,2774,2721
2668,2722,2721
2775,2722,2723
2722,2775,2774
2616,2615,2562
2615,2561,2562
2561,2615,2614
2615,2616,2668
2667,2615,2668
2615,2667,2614
2507,2454,2508
2454,2507,2453
2560,2507,2508
2507,2560,2559
2451,2450,2398
2399,2451,2398
2451,2452,2505
2452,2451,2399
2613,2614,2666
2613,2560,2614
2665,2613,2666
2560,2613,2559
2613,2612,2559
2612,2613,2665
3285,3284,3232
3284,3338,3337
3283,3284,3337
3338,3284,3285
3231,3284,3283
3284,3231,3232
3230,3283,3282
3230,3282,3229
3231,3230,3177
3230,3231,3283
3178,3179,3232
3178,3177,3125
3178,3231,3177
3231,3178,3232
3069,3123,3122
3123,3175,3122
3136,3083,3137
3136,3137,3189
3136,3188,3135
3188,3136,3189
3079,3133,3132
3239,3291,3238
3291,3239,3292
3187,3188,3241
3188,3187,3135
3071,3072,3125
3019,3072,3071
3128,3129,3181
3180,3128,3181
3127,3128,3180
3128,3127,3074
3075,3128,3074
3128,3075,3129
2969,3022,2968
3022,2969,3023
3022,3021,2968
3021,3022,3074
3075,3022,3023
3022,3075,3074
3242,3188,3189
3243,3242,3189
3242,3294,3241
3188,3242,3241
3242,3295,3294
3295,3242,3243
2921,2922,2974
2922,2921,2868
3077,3025,3078
3025,3026,3078
3025,3077,3024
3025,2972,3026
3028,3027,2974
3028,3029,3081
3030,2977,3031
3083,3030,3031
3030,2976,2977
3030,3029,2976
3280,3334,3333
3279,3280,3333
3334,3280,3281
3227,3280,3279
3228,3280,3227
3280,3228,3281
3068,3015,3016
3068,3069,3122
3069,3068,3016
3121,3068,3122
3172,3225,3171
3225,3224,3171
3277,3225,3278
3224,3225,3277
3226,3225,3172
3225,3226,3278
3224,3170,3171
3170,3223,3169
3170,3118,3171
3170,3224,3223
3170,3117,3118
3117,3170,3169
3013,3012,2959
2857,2911,2910
2964,2911,2912
2965,3019,3018
2913,2965,2912
3019,2965,2966
2965,2913,2966
2964,2965,3018
2965,2964,2912
2967,2915,2968
3021,2967,2968
2967,2914,2915
2914,2967,2966
2915,2861,2862
2808,2861,2860
2861,2914,2860
2914,2861,2915
2960,2908,2961
2909,2908,2855
2908,2854,2855
2908,2909,2961
2908,2907,2854
2907,2908,2960
2811,2757,2758
2811,2864,2863
2702,2649,2703
2332,2386,2385
2332,2279,2280
2333,2332,2280
2332,2333,2386
2332,2331,2279
2331,2332,2385
2541,2488,2489
2437,2384,2385
2438,2437,2385
2437,2438,2491
2490,2437,2491
2436,2437,2490
2437,2436,2384
2529,2582,2528
2476,2529,2528
2480,2479,2426
2479,2480,2532
2687,2688,2740
3008,2955,3009
2955,2956,3009
2956,2955,2903
2955,2902,2903
2955,2954,2902
2954,2955,3008
2848,2901,2847
2901,2900,2847
2902,2901,2848
2954,2901,2902
2796,2797,2849
2848,2796,2849
2796,2795,2742
2795,2796,2848
2846,2794,2847
2794,2795,2847
2586,2587,2639
2367,2314,2368
2262,2314,2261
2314,2313,2261
2313,2314,2367
2315,2314,2262
2314,2315,2368
2798,2744,2745
2797,2744,2798
2586,2585,2532
2585,2586,2638
2696,2749,2748
2695,2696,2748
2642,2696,2695
2696,2642,2643
2695,2694,2641
2694,2695,2747
2746,2694,2747
2693,2694,2746
2907,2906,2853
2906,2852,2853
2906,2907,2959
2906,2905,2852
2737,2791,2790
2791,2737,2738
2791,2843,2790
2792,2791,2738
2210,2264,2263
2209,2210,2263
2210,2211,2264
2211,2210,2158
2316,2264,2317
2316,2315,2263
2264,2316,2263
2315,2316,2369
2316,2370,2369
2370,2316,2317
2423,2371,2424
2423,2476,2422
2423,2370,2371
2370,2423,2422
2372,2371,2318
2371,2372,2424
2319,2372,2318
2373,2372,2319
2472,2418,2419
2418,2366,2419
2418,2471,2417
2471,2418,2472
2579,2580,2632
2580,2633,2632
2580,2581,2633
2581,2580,2527
2526,2580,2579
2580,2526,2527
2162,2161,2108
2161,2107,2108
2161,2162,2214
2213,2161,2214
1894,1945,1893
1944,1945,1997
1945,1944,1893
2106,2054,2107
2054,2106,2053
2988,2935,2936
2935,2882,2936
2881,2935,2934
2935,2881,2882
2987,2935,2988
2935,2987,2934
3033,3086,3085
3033,2979,2980
3032,3033,3085
3033,3032,2979
3033,3034,3086
3034,3033,2980
2245,2244,2192
2245,2298,2244
2193,2245,2192
2245,2193,2246
2245,2299,2298
2299,2245,2246
2611,2610,2557
2662,2610,2663
2610,2611,2663
2610,2662,2609
2556,2610,2609
2610,2556,2557
2554,2607,2553
2501,2554,2553
2607,2554,2608
2502,2554,2501
255,202,203
255,203,256
254,255,308
202,255,254
255,309,308
309,255,256
525,578,577
578,525,526
578,631,577
578,632,631
578,579,632
579,578,526
579,633,632
633,686,685
632,633,685
633,579,580
633,634,686
634,633,580
527,579,526
579,527,580
473,527,526
474,527,473
422,421,368
423,422,369
369,422,368
422,474,421
513,565,512
565,619,618
565,564,512
564,565,618
565,566,619
566,565,513
999,998,946
998,945,946
1052,998,999
1051,998,1052
890,837,838
890,838,891
944,890,891
943,890,944
356,357,410
356,410,409
355,356,409
356,304,357
356,303,304
303,356,355
566,620,619
672,620,673
619,620,672
620,566,567
620,621,673
621,620,567
515,568,567
568,515,516
621,568,622
568,621,567
727,674,728
674,727,673
674,621,622
621,674,673
677,676,624
676,730,729
730,676,677
676,623,624
360,414,413
414,360,361
626,627,679
678,626,679
626,625,572
625,626,678
626,573,627
573,626,572
387,386,333
386,387,439
387,440,439
440,387,388
387,334,388
334,387,333
389,335,336
283,335,282
335,283,336
335,389,388
335,334,282
334,335,388
232,286,285
232,231,179
231,232,285
232,233,286
232,180,233
180,232,179
496,442,443
497,496,443
393,445,392
445,393,446
499,445,446
445,499,498
444,445,498
445,444,392
713,712,659
713,714,766
765,713,766
713,765,712
713,660,714
660,713,659
606,607,659
607,606,553
554,607,553
607,660,659
389,441,388
441,389,442
441,440,388
441,494,440
545,546,599
546,600,599
546,545,493
600,546,547
546,494,547
494,546,493
398,397,344
398,450,397
345,398,344
398,451,450
1561,1560,1507
1508,1509,1562
1508,1456,1509
1508,1561,1507
1561,1508,1562
1759,1712,1760
1614,1712,1664
1712,1665,1760
1616,1617,1666
1667,1617,1618
1459,1405,1406
1460,1459,1406
1512,1459,1460
1459,1512,1511
1458,1459,1511
1459,1458,1405
1354,1301,1355
1301,1302,1355
1302,1301,1249
1407,1460,1406
1407,1461,1460
1354,1407,1406
1407,1354,1355
1407,1408,1461
1408,1407,1355
1515,1462,1463
1408,1462,1461
827,880,879
827,774,828
880,827,828
774,827,773
827,826,773
826,827,879
937,884,938
937,938,990
989,937,990
1094,1147,1093
1147,1094,1148
1041,1094,1093
1094,1095,1148
1150,1096,1097
1096,1044,1097
1096,1043,1044
1149,1096,1150
1095,1096,1149
1096,1095,1043
1089,1142,1088
1089,1143,1142
1195,1196,1249
1195,1194,1142
1195,1143,1196
1143,1195,1142
1091,1092,1145
1092,1091,1039
1091,1145,1144
1091,1038,1039
1038,984,985
932,984,931
984,932,985
984,1038,1037
983,984,1037
984,983,931
1135,1081,1082
1081,1135,1134
1191,1244,1190
1191,1139,1192
1138,1191,1190
1191,1138,1139
1191,1245,1244
1245,1191,1192
1458,1404,1405
1404,1457,1403
1404,1352,1405
1404,1458,1457
1404,1351,1352
1351,1404,1403
1352,1298,1299
1298,1246,1299
1245,1298,1297
1298,1245,1246
1298,1351,1297
1351,1298,1352
871,924,870
924,923,870
923,924,976
924,871,925
977,924,925
924,977,976
1031,1084,1083
1084,1137,1083
1084,1031,1032
1137,1084,1138
1084,1085,1138
1085,1084,1032
1030,1031,1083
1030,1083,1082
977,1030,976
1030,977,1031
1030,1029,976
1029,1030,1082
975,974,922
975,923,976
974,975,1028
923,975,922
975,1029,1028
1029,975,976
1027,974,1028
1080,1027,1028
1027,973,974
1952,2004,1951
2004,1952,2005
1505,1558,1504
1758,1759,1806
1350,1351,1403
1350,1296,1297
1351,1350,1297
1296,1350,1349
1350,1402,1349
1402,1350,1403
755,754,702
973,972,920
919,972,971
972,919,920
706,758,705
758,757,705
812,758,759
758,706,759
811,758,812
758,811,757
864,812,865
864,811,812
918,864,865
1287,1288,1341
1287,1340,1286
1340,1287,1341
1234,1287,1286
1127,1180,1179
913,966,965
966,1019,965
1232,1178,1179
1178,1232,1231
1178,1177,1125
1177,1178,1231
1229,1176,1230
1176,1229,1175
1176,1177,1230
499,551,498
550,551,604
551,499,552
551,550,498
605,551,552
551,605,604
712,658,659
658,606,659
605,658,657
658,605,606
814,815,867
866,814,867
815,814,761
814,760,761
814,813,760
813,814,866
1607,1659,1658
1659,1607,1608
1849,1802,1850
1802,1849,1801
1754,1802,1801
1802,1754,1755
1803,1802,1755
1802,1803,1850
1654,1653,1602
1653,1654,1701
1604,1605,1656
1655,1604,1656
1845,1798,1846
1798,1845,1797
1605,1657,1656
1657,1606,1658
1657,1704,1656
1657,1605,1606
1657,1705,1704
1705,1657,1658
1752,1753,1800
1752,1751,1704
1752,1705,1753
1705,1752,1704
1394,1393,1341
1503,1504,1557
1290,1343,1289
1023,969,970
969,1023,1022
1023,1024,1076
1024,1023,970
1236,1182,1183
1129,1182,1181
825,824,771
824,825,877
876,824,877
823,824,876
351,352,405
352,353,406
405,352,406
353,352,300
299,352,351
352,299,300
667,668,721
722,668,669
668,722,721
615,668,667
616,668,615
668,616,669
2030,2083,2029
1978,2030,1977
2030,2029,1977
2083,2030,2084
2030,2031,2084
2031,2030,1978
1874,1925,1924
1874,1924,1873
1825,1874,1873
1874,1875,1925
1874,1826,1875
1826,1874,1825
1813,1812,1766
1812,1765,1766
1811,1812,1860
1765,1812,1811
1861,1812,1813
1812,1861,1860
1964,2017,2016
2070,2017,2071
2017,2070,2016
1968,1914,1915
1914,1864,1915
1967,1914,1968
1913,1914,1967
1862,1861,1813
1862,1813,1814
2073,2126,2125
2074,2073,2020
2126,2073,2074
2073,2019,2020
2072,2073,2125
2073,2072,2019
1676,1627,1628
1627,1577,1628
1576,1627,1626
1627,1576,1577
1675,1627,1676
1627,1675,1626
1722,1723,1771
1722,1771,1770
1721,1722,1770
1722,1676,1723
1675,1722,1721
1722,1675,1676
1372,1373,1425
1371,1372,1424
1372,1425,1424
1372,1371,1318
1372,1319,1373
1319,1372,1318
1319,1320,1373
1373,1320,1374
1320,1321,1374
1320,1319,1267
1320,1268,1321
1268,1320,1267
2708,2761,2760
2814,2761,2815
2815,2761,2762
2761,2814,2760
2709,2761,2708
2761,2709,2762
2069,2122,2121
2122,2070,2123
2070,2122,2069
2122,2175,2121
2026,1973,1974
2027,2026,1974
1973,2026,2025
2026,2027,2080
2079,2026,2080
2026,2079,2025
2027,2081,2080
2082,2081,2028
2134,2081,2082
2081,2027,2028
2081,2133,2080
2133,2081,2134
2132,2079,2080
2132,2185,2131
2132,2186,2185
2079,2132,2131
2132,2133,2186
2133,2132,2080
2543,2490,2491
2543,2544,2597
2544,2543,2491
2335,2334,2282
2334,2333,2281
2334,2281,2282
2334,2335,2388
2334,2387,2333
2387,2334,2388
2427,2481,2480
2481,2427,2428
2170,2171,2223
2330,2329,2277
2329,2276,2277
2432,2485,2431
2273,2219,2220
2219,2273,2272
2110,2163,2109
2057,2110,2109
2110,2058,2111
2058,2110,2057
2175,2227,2174
2227,2281,2280
2227,2228,2281
2227,2175,2228
2227,2226,2174
2226,2227,2280
2219,2218,2166
2218,2219,2272
2165,2218,2217
2218,2165,2166
2115,2062,2063
2062,2115,2114
2010,2009,1957
2009,2010,2063
2062,2009,2063
2009,2062,2008
2008,1955,1956
2009,1956,1957
1903,1902,1854
1903,1855,1904
1955,1903,1904
2058,2059,2111
2059,2058,2005
2167,2113,2114
2113,2167,2166
2059,2006,2060
2006,2059,2005
1669,1620,1621
1670,1669,1621
1620,1669,1668
1716,1669,1670
1715,1669,1716
1669,1715,1668
2336,2335,2283
2336,2283,2284
2337,2336,2284
2336,2337,2390
2336,2389,2335
2389,2336,2390
2442,2496,2495
2441,2442,2495
2389,2442,2441
2442,2389,2390
2497,2444,2498
2338,2286,2339
2338,2337,2285
2286,2338,2285
2392,2338,2339
1917,1866,1867
1918,1917,1867
1971,1917,1918
1866,1917,1916
1917,1970,1916
1970,1917,1971
836,783,837
836,888,835
887,941,940
886,887,940
887,888,941
888,887,835
726,725,672
725,778,777
672,725,671
725,726,778
724,725,777
725,724,671
1413,1467,1466
1519,1467,1520
1467,1468,1520
1467,1519,1466
1414,1467,1413
1467,1414,1468
1465,1464,1411
1412,1465,1411
1465,1412,1466
1465,1517,1464
1570,1620,1569
1570,1569,1516
1620,1570,1621
1517,1570,1516
1521,1522,1575
1576,1522,1523
1522,1470,1523
1522,1576,1575
1469,1522,1521
1522,1469,1470
3206,3207,3259
3154,3207,3153
3207,3206,3153
3207,3154,3208
3260,3207,3208
3207,3260,3259
3045,2993,3046
2993,3045,2992
3215,3267,3214
3161,3215,3214
3267,3215,3268
3215,3216,3268
3270,3269,3217
3268,3269,3322
3269,3323,3322
3323,3269,3270
3269,3216,3217
3216,3269,3268
3056,3110,3109
3110,3056,3057
3056,3004,3057
2950,2897,2898
2951,2950,2898
3004,2950,2951
3112,3165,3164
3112,3164,3111
3058,3112,3111
3112,3058,3059
3112,3113,3165
3113,3112,3059
3061,3008,3009
3062,3061,3009
3008,3061,3060
3115,3061,3062
3168,3115,3116
3222,3168,3169
3168,3116,3169
3115,3168,3167
3168,3221,3167
3221,3168,3222
3167,3220,3166
3220,3219,3166
3272,3220,3273
3219,3220,3272
3220,3221,3273
3221,3220,3167
2783,2836,2835
2783,2729,2730
2783,2782,2729
2782,2783,2835
1936,1988,1935
1988,1936,1989
1937,1936,1885
1936,1937,1989
1938,1991,1990
1991,1938,1939
1937,1938,1990
1885,1837,1838
1787,1786,1739
1786,1787,1834
1883,1934,1882
1934,1883,1935
1745,1792,1744
1840,1792,1793
1792,1791,1744
1792,1745,1793
1792,1839,1791
1839,1792,1840
2622,2676,2675
2676,2728,2675
2676,2729,2728
2626,2625,2573
2678,2625,2679
2625,2572,2573
2625,2626,2679
2624,2625,2678
2625,2624,2572
2518,2571,2517
2571,2518,2572
2518,2519,2572
2465,2518,2517
2466,2518,2465
2518,2466,2519
2469,2522,2521
2469,2470,2522
2470,2469,2416
2469,2415,2416
2469,2468,2415
2468,2469,2521
2467,2466,2413
2466,2467,2519
2519,2467,2520
2467,2468,2520
1942,1943,1995
1994,1942,1995
1942,1891,1943
1941,1942,1994
1841,1889,1888
1889,1841,1842
1889,1940,1888
1889,1941,1940
2412,2465,2411
2412,2466,2465
2359,2412,2411
2466,2412,2413
2360,2412,2359
2412,2360,2413
2307,2254,2255
2308,2307,2255
2307,2308,2361
2360,2307,2361
2252,2199,2253
2305,2252,2253
2252,2304,2251
2252,2305,2304
2252,2198,2199
2198,2252,2251
321,269,322
375,321,322
374,321,375
320,321,374
267,266,213
214,267,213
267,319,266
267,320,319
534,481,482
534,482,535
588,534,535
534,533,481
479,532,531
532,479,480
533,532,480
532,533,586
585,532,586
532,585,531
3366,637,690
637,3366,126
637,691,690
585,637,584
747,694,695
694,641,695
797,744,798
744,797,743
691,744,743
744,745,798
1384,1383,1331
1383,1384,1437
1332,1384,1331
1384,1438,1437
1281,1228,1229
1228,1281,1280
1281,1334,1280
1282,1281,1229
1547,1494,1548
1547,1493,1494
1493,1547,1546
1652,1653,1700
1699,1652,1700
1651,1652,1699
1544,1490,1491
1544,1596,1543
1544,1491,1545
1490,1544,1543
1544,1597,1596
1597,1544,1545
1650,1651,1698
1598,1650,1649
1650,1697,1649
1697,1650,1698
2050,1996,1997
2050,2049,1996
2052,1999,2053
1168,1116,1169
1221,1168,1222
1222,1168,1169
1168,1221,1167
1168,1115,1116
1115,1168,1167
1224,1276,1223
1224,1277,1276
1170,1224,1223
1171,1224,1170
962,1016,1015
961,962,1015
962,961,909
910,962,909
745,799,798
799,851,798
799,852,851
852,799,800
750,697,698
750,804,803
750,749,697
749,750,803
753,752,700
806,752,753
647,646,594
646,647,700
593,646,645
646,593,594
592,593,645
538,592,591
592,538,539
593,592,539
644,592,645
592,644,591
701,648,702
649,648,596
648,649,702
648,701,647
595,648,647
648,595,596
327,275,328
327,274,275
326,327,380
274,327,326
381,327,328
327,381,380
2825,2824,2771
2877,2825,2878
2824,2825,2877
2825,2826,2878
2825,2772,2826
2772,2825,2771
2667,2720,2666
2720,2719,2666
2720,2667,2721
2720,2772,2719
2828,2881,2880
2828,2775,2829
2881,2828,2829
2775,2828,2774
2828,2827,2774
2827,2828,2880
2669,2670,2723
2616,2669,2668
2670,2669,2617
2669,2616,2617
2669,2722,2668
2722,2669,2723
2452,2506,2505
2506,2559,2558
2505,2506,2558
2506,2452,2453
2506,2507,2559
2507,2506,2453
2556,2504,2557
2504,2505,2557
2504,2503,2450
2504,2556,2503
2504,2451,2505
2451,2504,2450
3070,3017,3018
3071,3070,3018
3017,3070,3069
3124,3070,3071
3123,3070,3124
3070,3123,3069
3175,3176,3229
3176,3124,3177
3176,3230,3229
3230,3176,3177
3123,3176,3175
3176,3123,3124
3133,3185,3132
3185,3238,3184
3132,3185,3184
3185,3133,3186
3239,3185,3186
3185,3239,3238
3133,3134,3186
3135,3134,3081
3134,3187,3186
3187,3134,3135
3240,3239,3186
3240,3293,3292
3293,3240,3241
3239,3240,3292
3240,3187,3241
3187,3240,3186
3126,3178,3125
3126,3127,3179
3178,3126,3179
3072,3126,3125
2865,2813,2866
2864,2865,2918
2919,2865,2866
2865,2919,2918
2814,2867,2866
2867,2815,2868
2867,2814,2815
2921,2867,2868
2973,3027,3026
2972,2973,3026
3027,2973,2974
2973,2921,2974
2919,2971,2918
2971,3024,2970
2918,2971,2970
2971,2919,2972
3025,2971,2972
2971,3025,3024
3029,2975,2976
2975,2922,2923
2976,2975,2923
2922,2975,2974
3028,2975,3029
2975,3028,2974
3029,3082,3081
3136,3082,3083
3082,3135,3081
3082,3136,3135
3030,3082,3029
3082,3030,3083
3067,3121,3120
3067,3120,3066
3014,3067,3066
3067,3014,3015
3067,3068,3121
3068,3067,3015
2957,3011,3010
3119,3065,3066
3065,3013,3066
3065,3119,3118
3065,3012,3013
2963,2964,3017
2962,2963,3016
2963,3017,3016
2963,2962,2910
2963,2911,2964
2911,2963,2910
3020,3019,2966
3020,3072,3019
3020,2967,3021
2967,3020,2966
2809,2861,2808
2861,2809,2862
2700,2699,2646
2635,2583,2636
2584,2583,2530
2583,2635,2582
2583,2584,2636
2529,2583,2582
2583,2529,2530
2581,2634,2633
2634,2687,2633
2635,2634,2582
2634,2581,2582
2688,2634,2635
2634,2688,2687
2953,2952,2900
3006,2953,3007
2953,3006,2952
2953,2954,3007
2953,2901,2954
2901,2953,2900
2793,2739,2740
2793,2792,2739
2845,2793,2846
2792,2793,2845
2793,2794,2846
2794,2793,2740
2795,2741,2742
2688,2741,2740
2794,2741,2795
2741,2794,2740
2536,2537,2590
2588,2587,2534
2535,2588,2534
2743,2690,2691
2796,2743,2797
2743,2796,2742
2690,2743,2742
2744,2743,2691
2743,2744,2797
2692,2693,2745
2692,2691,2638
2692,2638,2639
2693,2692,2639
2744,2692,2745
2692,2744,2691
2691,2637,2638
2584,2637,2636
2637,2690,2636
2690,2637,2691
2585,2637,2584
2637,2585,2638
2479,2531,2478
2478,2531,2530
2531,2584,2530
2531,2479,2532
2585,2531,2532
2531,2585,2584
2897,2844,2898
2844,2845,2898
2844,2897,2843
2844,2792,2845
2844,2791,2792
2791,2844,2843
2478,2477,2424
2529,2477,2530
2477,2478,2530
2477,2529,2476
2423,2477,2476
2477,2423,2424
2425,2478,2424
2425,2373,2426
2479,2425,2426
2425,2479,2478
2425,2372,2373
2372,2425,2424
1947,1946,1895
1946,1894,1895
1999,1946,1947
1946,1945,1894
2159,2160,2212
2160,2213,2212
2161,2160,2107
2160,2161,2213
2106,2160,2159
2160,2106,2107
2555,2609,2608
2556,2555,2503
2555,2556,2609
2555,2502,2503
2555,2554,2502
2554,2555,2608
528,529,581
528,581,580
528,527,474
527,528,580
944,997,996
996,997,1050
997,944,945
997,1051,1050
997,998,1051
998,997,945
569,623,622
517,569,516
569,517,570
623,569,570
568,569,622
569,568,516
623,675,622
728,675,729
674,675,728
675,674,622
676,675,623
675,676,729
465,466,519
466,520,519
466,465,413
466,467,520
466,414,467
414,466,413
362,415,361
415,362,416
468,415,416
467,415,468
415,414,361
414,415,467
496,495,442
494,495,547
441,495,494
495,441,442
502,555,554
451,504,450
451,399,452
399,346,400
399,400,452
346,399,345
398,399,451
399,398,345
1402,1455,1401
1455,1454,1401
1454,1455,1507
1455,1402,1456
1508,1455,1456
1455,1508,1507
1618,1567,1568
1617,1567,1618
1246,1247,1299
1247,1246,1193
1194,1247,1193
1410,1409,1357
1409,1356,1357
1409,1408,1356
1409,1410,1463
1409,1462,1408
1462,1409,1463
882,936,935
936,989,988
936,988,935
936,937,989
989,1042,988
1042,1041,988
1042,989,1043
1095,1042,1043
1094,1042,1095
1042,1094,1041
1036,983,1037
1036,1035,982
1036,1088,1035
983,1036,982
1089,1036,1037
1036,1089,1088
1038,1090,1037
1090,1089,1037
1143,1090,1144
1089,1090,1143
1091,1090,1038
1090,1091,1144
1348,1349,1401
1242,1188,1189
1242,1189,1243
1083,1136,1082
1188,1136,1189
1137,1136,1083
1136,1137,1189
1135,1136,1188
1136,1135,1082
1807,1903,1854
1807,1854,1806
1807,1855,1903
1901,1854,1902
1853,1854,1901
1854,1853,1806
1900,1951,1899
1852,1900,1899
1900,1853,1901
1853,1900,1852
1952,1900,1901
1900,1952,1951
1506,1454,1507
1454,1506,1453
1560,1506,1507
1506,1505,1453
1610,1558,1611
1558,1610,1557
1662,1610,1611
1610,1609,1557
1711,1712,1759
1712,1711,1664
1758,1711,1759
649,703,702
703,649,650
704,703,650
703,755,702
754,808,807
808,860,807
755,808,754
808,755,809
1128,1129,1181
1180,1128,1181
1127,1128,1180
1128,1127,1074
912,964,911
964,912,965
858,912,911
912,913,965
1069,1016,1017
1068,1069,1122
1069,1068,1016
1070,1069,1017
1071,1072,1125
1019,1072,1071
964,1018,1017
1018,964,965
1018,1070,1017
1070,1018,1071
1018,1019,1071
1019,1018,965
1177,1124,1125
1124,1070,1071
1124,1071,1125
1176,1124,1177
711,712,764
763,711,764
710,711,763
711,710,657
658,711,657
711,658,712
1754,1707,1755
1702,1749,1701
1702,1655,1703
1654,1702,1701
1702,1654,1655
1552,1499,1553
1605,1552,1553
1552,1498,1499
1498,1552,1551
1604,1552,1605
1552,1604,1551
1603,1654,1602
1550,1603,1602
1603,1550,1551
1654,1603,1655
1603,1604,1655
1604,1603,1551
1798,1799,1846
1799,1800,1847
1846,1799,1847
1799,1798,1751
1752,1799,1751
1799,1752,1800
1499,1500,1553
1607,1555,1608
1024,1077,1076
1079,1027,1080
1133,1079,1080
1235,1236,1288
1235,1234,1181
1287,1235,1288
1235,1287,1234
1235,1182,1236
1182,1235,1181
770,823,769
770,718,771
770,824,823
824,770,771
2019,2018,1966
2018,2072,2071
2072,2018,2019
2017,2018,2071
1914,1863,1864
1815,1863,1814
1863,1815,1864
1863,1914,1913
1862,1863,1913
1863,1862,1814
1912,1913,1966
1861,1912,1911
1862,1912,1861
1912,1862,1913
2175,2176,2228
2229,2176,2177
2176,2123,2177
2176,2229,2228
2122,2176,2175
2176,2122,2123
2480,2533,2532
2587,2533,2534
2533,2586,2532
2533,2587,2586
2533,2481,2534
2481,2533,2480
2379,2432,2431
2323,2322,2270
2323,2376,2322
2117,2065,2118
2171,2117,2118
2065,2117,2064
2170,2117,2171
2170,2222,2169
2276,2222,2223
2222,2276,2275
2222,2170,2223
2222,2221,2169
2221,2222,2275
2435,2436,2489
2488,2435,2489
2276,2328,2275
2328,2327,2275
2329,2328,2276
2327,2274,2275
2221,2274,2220
2274,2221,2275
2274,2327,2326
2274,2273,2220
2273,2274,2326
2164,2165,2217
2164,2217,2216
2163,2164,2216
2165,2164,2111
2110,2164,2163
2164,2110,2111
2221,2168,2169
2167,2168,2220
2168,2167,2114
2168,2221,2220
2168,2115,2169
2115,2168,2114
2061,2062,2114
2062,2061,2008
2061,2113,2060
2113,2061,2114
2112,2165,2111
2165,2112,2166
2059,2112,2111
2112,2059,2060
2112,2113,2166
2113,2112,2060
1954,1903,1955
1903,1954,1902
2445,2446,2499
2498,2445,2499
2446,2445,2393
2445,2392,2393
2445,2444,2392
2444,2445,2498
2496,2443,2497
2443,2442,2390
2442,2443,2496
2443,2444,2497
730,782,729
783,782,730
782,781,729
781,782,835
836,782,783
782,836,835
888,889,942
889,943,942
890,889,837
889,890,943
836,889,888
889,836,837
834,781,835
780,834,833
833,834,886
781,834,780
887,834,835
834,887,886
1519,1518,1466
1518,1519,1572
1465,1518,1517
1518,1465,1466
3099,3100,3152
3151,3099,3152
3100,3099,3046
3098,3099,3151
3045,3099,3098
3099,3045,3046
3044,2991,2992
3044,3097,3389
156,3044,3389
3044,3098,3097
3045,3044,2992
3044,3045,3098
3110,3162,3109
3162,3161,3109
3162,3110,3163
3216,3162,3163
3215,3162,3216
3162,3215,3161
2948,2947,2895
2948,2895,2896
2947,2948,3001
3114,3167,3166
3114,3113,3060
3113,3114,3166
3114,3115,3167
3114,3061,3115
3061,3114,3060
2731,2784,2730
2784,2785,2837
2836,2784,2837
2784,2731,2785
2783,2784,2836
2784,2783,2730
1887,1839,1840
1887,1888,1939
1888,1887,1840
1938,1887,1939
1742,1695,1743
1695,1742,1694
1740,1692,1693
1692,1740,1739
1740,1787,1739
1787,1835,1834
1835,1882,1834
1883,1835,1836
1835,1883,1882
1884,1837,1885
1884,1936,1935
1936,1884,1885
1837,1884,1836
1883,1884,1935
1884,1883,1836
2571,2623,2570
2623,2622,2570
2624,2623,2571
2623,2676,2622
2362,2414,2361
2361,2414,2413
2468,2414,2415
2414,2362,2415
2467,2414,2468
2414,2467,2413
2099,2152,2098
2202,2256,2255
2256,2308,2255
2418,2365,2366
2365,2418,2417
1942,1890,1891
1843,1890,1842
1890,1843,1891
1890,1942,1941
1889,1890,1941
1890,1889,1842
2306,2360,2359
2306,2305,2253
2254,2306,2253
2305,2306,2359
2306,2307,2360
2307,2306,2254
321,268,269
215,268,214
268,215,269
268,321,320
267,268,320
268,267,214
533,587,586
586,587,639
534,587,533
587,534,588
638,586,639
638,585,586
638,637,585
637,638,691
1438,1385,1439
1385,1332,1333
1385,1386,1439
1386,1385,1333
1384,1385,1438
1385,1384,1332
1335,1282,1336
1334,1335,1387
1335,1388,1387
1388,1335,1336
1335,1281,1282
1281,1335,1334
1549,1601,1548
1601,1549,1602
1653,1601,1602
1652,1601,1653
1547,1599,1546
1599,1598,1546
1650,1599,1651
1599,1650,1598
2105,2106,2159
2105,2159,2158
2104,2105,2158
2106,2105,2053
2052,2105,2104
2105,2052,2053
2051,2104,2103
2051,2050,1997
2050,2051,2103
2051,2052,2104
2104,2157,2103
2210,2157,2158
2157,2104,2158
2157,2210,2209
2157,2156,2103
2156,2157,2209
2208,2262,2261
2207,2208,2261
2208,2209,2262
2155,2208,2207
2156,2208,2155
2208,2156,2209
2102,2155,2101
2049,2102,2101
2102,2050,2103
2050,2102,2049
2102,2156,2155
2156,2102,2103
1225,1226,1278
1277,1225,1278
1226,1225,1172
1225,1171,1172
1225,1224,1171
1224,1225,1277
963,964,1017
1016,963,1017
964,963,911
963,910,911
963,962,910
962,963,1016
746,745,693
694,746,693
746,747,800
746,694,747
746,799,745
799,746,800
750,751,804
751,750,698
2774,2773,2721
2772,2773,2826
2827,2773,2774
2773,2827,2826
2720,2773,2772
2773,2720,2721
3080,3028,3081
3027,3080,3079
3080,3133,3079
3028,3080,3027
3080,3134,3133
3134,3080,3081
2812,2811,2758
2759,2812,2758
2813,2812,2759
2811,2812,2864
2812,2865,2864
2865,2812,2813
2920,2919,2866
2919,2920,2972
2867,2920,2866
2920,2867,2921
2973,2920,2921
2920,2973,2972
3012,2958,2959
2905,2958,2957
2958,2906,2959
2906,2958,2905
3011,2958,3012
2958,3011,2957
3063,3117,3116
3063,3116,3062
3010,3063,3062
3011,3063,3010
3127,3073,3074
3073,3021,3074
3126,3073,3127
3073,3126,3072
3020,3073,3072
3073,3020,3021
2755,2808,2754
2756,2755,2703
2702,2755,2754
2755,2702,2703
2809,2755,2756
2755,2809,2808
2810,2756,2757
2862,2810,2863
2810,2811,2863
2811,2810,2757
2809,2810,2862
2810,2809,2756
2699,2645,2646
2913,2859,2860
2859,2913,2912
2751,2805,2804
2805,2857,2804
2701,2753,2700
2701,2702,2754
2753,2701,2754
2595,2594,2541
2542,2541,2489
2490,2542,2489
2543,2542,2490
2542,2595,2541
2537,2538,2591
2538,2592,2591
2485,2538,2537
2689,2635,2636
2690,2689,2636
2689,2688,2635
2689,2690,2742
2689,2741,2688
2741,2689,2742
2376,2429,2428
2640,2693,2639
2694,2640,2641
2587,2640,2639
2640,2694,2693
2588,2640,2587
2640,2588,2641
2642,2589,2590
2589,2642,2641
2589,2536,2590
2536,2589,2535
2589,2588,2535
2588,2589,2641
529,475,476
475,423,476
475,422,423
422,475,474
528,475,529
475,528,474
707,654,708
654,707,653
656,603,604
603,550,604
548,495,496
495,548,547
718,664,665
558,506,559
660,661,714
1664,1613,1614
1614,1665,1712
1613,1561,1614
1613,1560,1561
1613,1612,1560
1612,1613,1664
1513,1512,1460
1461,1513,1460
1300,1354,1353
1300,1353,1299
1300,1301,1354
1247,1300,1299
831,883,830
883,882,830
883,831,884
937,883,884
936,883,937
883,936,882
1238,1184,1185
1184,1238,1237
1238,1290,1237
1238,1291,1290
1295,1296,1349
1296,1295,1243
1348,1295,1349
1295,1348,1294
1242,1295,1294
1295,1242,1243
1558,1559,1611
1612,1559,1560
1505,1559,1558
1559,1612,1611
1506,1559,1505
1559,1506,1560
1663,1662,1611
1612,1663,1611
1663,1612,1664
1711,1663,1664
755,756,809
756,704,757
703,756,755
756,703,704
808,861,860
861,808,809
1129,1075,1076
1023,1075,1022
1022,1075,1074
1075,1023,1076
1128,1075,1129
1075,1128,1074
864,863,811
968,969,1022
968,1022,1021
967,968,1021
968,967,915
916,968,915
968,916,969
860,859,807
806,859,858
859,806,807
913,859,860
912,859,913
859,912,858
1178,1126,1179
1126,1127,1179
1126,1178,1125
1072,1126,1125
1020,967,1021
967,1020,966
1020,1019,966
1020,1072,1019
1123,1176,1175
1069,1123,1122
1122,1123,1175
1123,1069,1070
1123,1124,1176
1124,1123,1070
1709,1661,1662
1610,1661,1609
1661,1610,1662
1705,1706,1753
1706,1705,1658
1706,1754,1753
1659,1706,1658
1707,1706,1659
1706,1707,1754
1798,1750,1751
1751,1750,1703
1749,1750,1797
1750,1798,1797
1702,1750,1749
1750,1702,1703
1447,1499,1446
1393,1447,1446
1394,1447,1393
1447,1500,1499
1606,1554,1607
1554,1606,1553
1500,1554,1553
1554,1500,1501
1555,1554,1501
1554,1555,1607
1609,1556,1557
1556,1609,1608
1556,1503,1557
1555,1556,1608
1288,1342,1341
1342,1288,1289
1342,1394,1341
1343,1342,1289
1395,1342,1343
1342,1395,1394
1130,1129,1076
1182,1130,1183
1130,1182,1129
1077,1130,1076
1025,1024,971
972,1025,971
1025,1077,1024
1077,1025,1078
1184,1132,1185
1132,1133,1185
1132,1079,1133
1079,1132,1078
2018,1965,1966
1965,2017,1964
1965,1964,1911
1965,2018,2017
1912,1965,1911
1965,1912,1966
2378,2379,2431
2327,2380,2326
2432,2380,2433
2379,2380,2432
2380,2379,2326
2271,2218,2272
2217,2271,2270
2324,2271,2272
2218,2271,2217
2323,2271,2324
2271,2323,2270
2116,2170,2169
2115,2116,2169
2064,2116,2063
2116,2115,2063
2116,2117,2170
2117,2116,2064
2436,2383,2384
2383,2330,2384
2383,2329,2330
2435,2383,2436
2434,2487,2433
2487,2434,2488
2434,2435,2488
2006,2007,2060
2061,2007,2008
2007,1955,2008
2007,2061,2060
1954,2007,2006
2007,1954,1955
1953,1901,1902
1952,1953,2005
1953,1952,1901
1953,2006,2005
1954,1953,1902
1953,1954,2006
2444,2391,2392
2338,2391,2337
2337,2391,2390
2391,2338,2392
2443,2391,2444
2391,2443,2390
1570,1571,1621
1571,1622,1621
1571,1572,1622
1571,1570,1517
1518,1571,1517
1571,1518,1572
3056,3003,3004
3003,2950,3004
1886,1937,1885
1886,1885,1838
1839,1886,1838
1886,1938,1937
1886,1887,1938
1887,1886,1839
1790,1791,1838
1791,1790,1743
1837,1790,1838
1790,1742,1743
1789,1837,1836
1790,1789,1742
1789,1790,1837
2677,2678,2730
2729,2677,2730
2677,2624,2678
2676,2677,2729
2623,2677,2676
2677,2623,2624
2206,2154,2207
2312,2313,2366
2365,2312,2366
2362,2363,2415
2415,2363,2416
640,694,693
641,640,588
640,693,639
694,640,641
640,587,588
587,640,639
692,744,691
693,692,639
745,692,693
744,692,745
638,692,691
692,638,639
1601,1600,1548
1600,1652,1651
1600,1547,1548
1600,1601,1652
1600,1599,1547
1599,1600,1651
2052,1998,1999
1998,1946,1999
1945,1998,1997
1946,1998,1945
2051,1998,2052
1998,2051,1997
805,806,858
804,805,857
805,858,857
805,752,806
805,751,752
751,805,804
752,699,700
699,646,700
645,699,698
646,699,645
699,751,698
751,699,752
3064,3011,3012
3064,3065,3118
3117,3064,3118
3065,3064,3012
3064,3063,3011
3063,3064,3117
2698,2699,2751
2698,2645,2699
2808,2807,2754
2807,2808,2860
2807,2753,2754
2753,2807,2806
2807,2859,2806
2859,2807,2860
2699,2752,2751
2752,2699,2700
2752,2753,2806
2753,2752,2700
2805,2752,2806
2752,2805,2751
2859,2858,2806
2911,2858,2912
2858,2911,2857
2858,2859,2912
2805,2858,2857
2858,2805,2806
2702,2648,2649
2701,2648,2702
2593,2645,2592
2593,2594,2646
2645,2593,2646
2486,2432,2433
2432,2486,2485
2487,2486,2433
2486,2538,2485
2484,2485,2537
2485,2484,2431
2536,2484,2537
2482,2481,2428
2482,2535,2534
2481,2482,2534
2429,2482,2428
654,655,708
708,655,709
655,656,709
655,654,602
603,655,602
655,603,656
549,603,602
550,549,497
549,496,497
603,549,550
548,549,602
549,548,496
654,601,602
600,601,653
601,600,547
601,654,653
548,601,547
601,548,602
664,663,611
611,663,610
663,662,610
613,612,559
612,613,665
664,612,665
612,664,611
558,612,611
612,558,559
505,451,452
506,505,452
505,504,451
558,505,506
767,715,768
715,767,714
715,661,662
661,715,714
607,608,660
608,607,554
555,608,554
608,661,660
503,502,449
450,503,449
503,555,502
504,503,450
556,503,504
503,556,555
1566,1617,1616
1566,1616,1565
1512,1565,1511
1566,1567,1617
1566,1513,1567
1513,1566,1512
1462,1514,1461
1514,1515,1568
1514,1462,1515
1567,1514,1568
1514,1513,1461
1513,1514,1567
1248,1195,1249
1301,1248,1249
1195,1248,1194
1248,1247,1194
1248,1300,1247
1300,1248,1301
1348,1347,1294
1187,1135,1188
1135,1187,1134
1239,1238,1185
1238,1239,1291
1451,1450,1397
1503,1451,1504
1450,1451,1503
1805,1853,1852
1853,1805,1806
1805,1758,1806
1805,1757,1758
1757,1756,1709
1756,1803,1755
1710,1711,1758
1710,1709,1662
1757,1710,1758
1710,1757,1709
1710,1663,1711
1663,1710,1662
914,913,860
913,914,966
967,914,915
914,967,966
914,861,915
861,914,860
969,917,970
917,918,970
917,864,918
916,917,969
863,917,916
917,863,864
810,756,757
811,810,757
756,810,809
863,810,811
1126,1073,1127
1074,1073,1021
1127,1073,1074
1073,1126,1072
1020,1073,1072
1073,1020,1021
1609,1660,1608
1660,1707,1659
1660,1659,1608
1661,1660,1609
1395,1448,1394
1500,1448,1501
1501,1448,1449
1448,1395,1449
1447,1448,1500
1448,1447,1394
1079,1026,1027
1027,1026,973
1026,972,973
1026,1079,1078
1025,1026,1078
1026,1025,972
1130,1131,1183
1131,1077,1078
1131,1184,1183
1131,1130,1077
1132,1131,1078
1131,1132,1184
2325,2324,2272
2273,2325,2272
2325,2273,2326
2379,2325,2326
2378,2325,2379
2325,2378,2324
2377,2323,2324
2323,2377,2376
2377,2429,2376
2378,2377,2324
2328,2381,2327
2380,2381,2433
2381,2380,2327
2381,2434,2433
3055,3056,3109
3055,3109,3108
3054,3055,3108
3055,3003,3056
2950,2949,2897
2897,2949,2896
2949,2948,2896
3003,2949,2950
1742,1741,1694
1741,1693,1694
1741,1740,1693
1789,1741,1742
2097,2151,2150
2151,2097,2098
2152,2151,2098
2204,2151,2152
2310,2257,2258
2257,2204,2258
2153,2099,2100
2154,2153,2100
2153,2152,2099
2206,2153,2154
2260,2207,2261
2313,2260,2261
2260,2206,2207
2206,2260,2259
2260,2312,2259
2312,2260,2313
2311,2310,2258
2259,2311,2258
2311,2312,2365
2312,2311,2259
2749,2750,2803
2803,2750,2804
2750,2751,2804
2750,2698,2751
2592,2644,2591
2644,2643,2591
2645,2644,2592
2698,2644,2645
2596,2542,2543
2649,2596,2597
2596,2543,2597
2542,2596,2595
2596,2648,2595
2648,2596,2649
2647,2701,2700
2647,2700,2646
2594,2647,2646
2647,2594,2595
2647,2648,2701
2648,2647,2595
2540,2487,2488
2540,2488,2541
2594,2540,2541
2593,2540,2594
2483,2484,2536
2483,2536,2535
2483,2482,2429
2482,2483,2535
770,717,718
717,770,769
717,664,718
717,663,664
557,611,610
557,556,504
557,558,611
556,557,610
557,505,558
505,557,504
662,609,610
556,609,555
661,609,662
609,556,610
608,609,661
609,608,555
1347,1293,1294
1400,1454,1453
1454,1400,1401
1400,1348,1401
1399,1400,1453
1347,1400,1399
1400,1347,1348
1133,1186,1185
1186,1187,1240
1186,1133,1134
1187,1186,1134
1239,1186,1240
1186,1239,1185
1556,1502,1503
1502,1501,1449
1502,1555,1501
1502,1556,1555
1502,1450,1503
1450,1502,1449
1395,1396,1449
1396,1395,1343
1450,1396,1397
1396,1450,1449
1452,1399,1453
1505,1452,1453
1452,1505,1504
1451,1452,1504
1804,1805,1852
1804,1852,1851
1803,1804,1851
1805,1804,1757
1804,1756,1757
1756,1804,1803
862,916,915
861,862,915
862,861,809
862,863,916
862,810,863
810,862,809
1708,1661,1709
1708,1756,1755
1707,1708,1755
1756,1708,1709
1708,1660,1661
1660,1708,1707
2383,2382,2329
2382,2328,2329
2382,2383,2435
2434,2382,2435
2381,2382,2434
2382,2381,2328
3002,3055,3054
3002,3054,3001
2948,3002,3001
3055,3002,3003
3002,2949,3003
2949,3002,2948
1740,1788,1787
1835,1788,1836
1788,1835,1787
1788,1789,1836
1788,1741,1789
1741,1788,1740
2309,2363,2362
2309,2362,2308
2256,2309,2308
2363,2309,2310
2309,2257,2310
2257,2309,2256
2151,2203,2150
2203,2202,2150
2203,2256,2202
2203,2151,2204
2257,2203,2204
2203,2257,2256
2205,2259,2258
2205,2204,2152
2204,2205,2258
2205,2206,2259
2205,2153,2206
2153,2205,2152
2364,2363,2310
2364,2417,2416
2364,2365,2417
2363,2364,2416
2311,2364,2310
2364,2311,2365
2697,2750,2749
2697,2696,2643
2696,2697,2749
2750,2697,2698
2697,2644,2698
2644,2697,2643
2539,2593,2592
2539,2486,2487
2538,2539,2592
2486,2539,2538
2539,2540,2593
2540,2539,2487
2484,2430,2431
2430,2378,2431
2377,2430,2429
2430,2377,2378
2483,2430,2484
2430,2483,2429
663,716,662
715,716,768
768,716,769
716,715,662
717,716,663
716,717,769
1241,1242,1294
1241,1187,1188
1242,1241,1188
1187,1241,1240
1241,1293,1240
1293,1241,1294
1292,1239,1240
1292,1345,1291
1239,1292,1291
1293,1292,1240
1345,1344,1291
1344,1343,1290
1291,1344,1290
1344,1345,1397
1396,1344,1397
1344,1396,1343
1345,1398,1397
1398,1451,1397
1398,1452,1451
1452,1398,1399
1346,1347,1399
1292,1346,1345
1346,1293,1347
1346,1292,1293
1346,1398,1345
1398,1346,1399
