41,39,40
159,0,1
156,157,153
292,4,5
3,292,299
144,142,143
180,72,73
180,71,72
180,70,71
172,67,68
181,75,76
73,84,180
84,181,83
77,181,76
78,181,77
181,82,83
154,156,153
154,155,156
158,159,1
301,302,147
302,301,294
295,302,294
150,301,149
293,301,300
301,293,294
300,292,285
299,300,304
299,292,300
3,4,292
235,17,18
180,69,70
180,172,68
172,62,63
181,74,75
74,181,73
82,190,81
82,181,190
79,190,181
79,181,78
80,190,79
303,302,295
144,302,303
152,150,151
157,304,153
299,304,157
301,304,300
150,304,301
293,286,294
158,2,157
2,299,157
2,158,1
299,2,3
15,13,14
15,242,13
242,17,243
242,251,12
242,252,251
252,242,243
256,264,255
64,65,67
163,171,88
172,171,62
65,66,67
64,67,172
302,145,146
302,144,145
304,152,153
152,304,150
285,286,293
300,285,293
285,277,286
242,16,17
16,242,15
21,23,24
23,21,22
287,295,294
286,287,294
265,264,256
262,263,272
263,254,255
263,273,272
254,263,262
263,264,273
264,263,255
42,37,41
170,62,171
96,208,95
125,126,275
276,124,125
124,276,123
258,267,266
122,276,267
122,123,276
267,276,266
146,147,302
301,147,149
147,148,149
277,8,9
6,292,5
6,285,292
235,244,243
235,243,17
253,254,262
253,252,243
253,244,254
244,253,243
218,228,227
25,21,24
282,281,272
273,282,272
296,287,288
252,260,251
277,278,286
278,287,286
268,278,277
268,277,9
281,262,272
271,281,280
281,271,262
270,271,280
275,265,266
276,275,266
191,32,182
32,191,31
191,182,192
182,32,33
182,183,192
182,33,173
254,245,255
244,245,254
229,219,220
209,26,27
219,229,228
169,168,162
121,267,259
7,8,277
285,7,277
6,7,285
18,227,235
18,19,227
283,282,273
283,130,131
135,291,134
135,298,291
283,291,282
288,270,280
288,279,270
279,288,287
278,279,287
261,260,252
261,253,262
253,261,252
260,261,271
260,271,270
271,261,262
135,136,298
298,136,137
289,288,280
280,281,290
210,221,220
191,30,31
231,221,222
236,235,227
228,229,237
235,236,244
236,245,244
219,25,26
219,228,218
219,218,25
25,218,21
170,60,61
56,60,170
161,167,166
186,167,177
186,176,167
46,48,49
48,46,47
61,62,170
56,170,162
172,63,64
169,171,163
88,172,87
169,170,171
33,34,173
185,174,175
183,173,174
165,49,166
165,176,175
176,166,167
194,195,205
203,214,213
194,205,204
204,205,214
250,267,258
121,122,267
250,258,249
250,249,241
205,215,214
206,216,226
215,205,206
104,105,106
218,227,19
236,227,228
218,19,21
19,20,21
265,274,264
264,274,273
275,274,265
284,273,274
291,133,134
251,260,269
251,11,12
242,12,13
268,269,279
268,279,278
279,269,270
269,260,270
251,269,11
10,268,9
10,11,269
10,269,268
125,275,276
126,127,275
297,137,138
298,137,297
303,297,140
296,303,295
296,295,287
289,296,288
296,289,297
144,141,142
303,141,144
303,296,297
140,141,303
139,297,138
139,140,297
282,290,281
289,298,297
290,291,298
291,290,282
289,290,298
280,290,289
209,210,220
28,209,27
209,219,26
219,209,220
200,28,29
30,200,29
200,209,28
209,200,210
224,223,213
224,213,214
193,183,184
184,194,204
183,193,192
193,202,192
232,213,223
232,212,213
257,258,266
257,265,256
265,257,266
247,257,256
246,247,256
246,256,255
245,246,255
221,230,220
230,229,220
231,230,221
59,57,58
56,59,60
167,168,177
168,167,161
169,162,170
50,51,161
50,166,49
161,166,50
187,194,186
184,185,194
194,185,186
185,184,174
185,176,186
176,185,175
162,52,53
162,51,52
87,180,86
73,181,84
180,68,69
85,180,84
163,88,89
188,163,179
187,195,194
195,206,205
195,196,206
182,173,183
183,174,184
164,34,35
35,36,164
173,164,174
37,42,43
165,166,176
175,160,165
165,46,49
165,45,46
164,160,175
99,217,98
98,217,208
101,216,217
101,102,216
101,99,100
250,259,267
216,106,226
103,216,102
206,226,215
103,104,216
216,104,106
283,133,291
132,283,131
283,132,133
128,284,127
127,284,274
127,274,275
284,128,129
284,283,273
130,284,129
283,284,130
202,201,192
201,191,192
200,201,210
200,191,201
200,30,191
225,108,234
184,204,193
204,203,193
203,204,214
193,203,202
203,212,202
212,203,213
248,247,239
248,249,258
248,257,247
257,248,258
236,237,245
228,237,236
237,246,245
238,229,230
178,163,188
178,168,169
168,178,177
180,85,86
88,171,172
87,172,180
89,179,163
164,173,34
38,39,41
37,38,41
160,36,37
160,164,36
165,44,45
114,112,113
114,116,259
259,112,114
212,211,202
221,211,222
210,211,221
211,212,222
211,201,202
201,211,210
225,107,108
225,234,224
107,225,106
224,214,215
224,215,225
226,225,215
226,106,225
247,238,239
239,238,230
246,238,247
239,230,231
238,237,229
237,238,246
56,57,59
162,161,51
53,54,162
162,54,55
162,55,56
161,162,168
178,169,163
37,43,160
43,165,160
43,44,165
164,175,174
259,250,112
121,119,120
259,119,121
109,234,108
109,110,234
223,224,234
223,234,233
196,197,198
199,189,179
199,179,92
92,179,91
91,179,90
90,179,89
189,188,179
115,116,114
118,119,259
116,118,259
118,116,117
241,111,112
250,241,112
111,241,110
110,241,234
241,233,234
232,222,212
232,231,222
231,232,240
233,232,223
95,189,94
198,197,188
189,198,188
94,189,93
93,189,199
187,196,195
187,186,177
177,178,197
178,188,197
177,197,187
187,197,196
248,240,249
240,248,239
249,240,233
249,233,241
240,232,233
231,240,239
95,208,189
208,198,189
97,208,96
98,208,97
207,216,206
196,207,206
196,198,207
217,198,208
217,207,198
101,217,99
217,216,207
