0.0,0.6586851527229809,1.0
0.0,0.6422446661300782,1.0
0.0,0.6258041795371755,1.0
0.0,0.6093636831432113,1.0
0.0,0.5929231867492472,1.0
0.0,0.5764827099574059,1.0
0.0,0.5600422331655647,1.0
0.0,0.5436017465726619,1.0
0.0,0.5271612599797593,1.0
0.0,0.5107207635857952,1.0
0.0,0.4942802671918311,1.0
0.0,0.477839770797867,1.0
0.0,0.4613992744039028,1.0
0.0,0.4449587878110001,1.0
0.0,0.4285183012180974,1.0
0.0,0.41207780482413336,1.0
0.0,0.39563730843016925,1.0
0.0,0.37919682183726655,1.0
0.0,0.36275633524436385,1.0
0.0,0.34631584865146114,1.0
0.0,0.32987536205855844,1.0
0.0,0.31343487546565574,1.0
0.0,0.2969943888727531,1.0
0.0,0.280553892478789,1.0
0.0,0.26411339608482487,1.0
0.0,0.24767289969086076,1.0
0.0,0.23123240329689668,1.0
0.0,0.21479191670399397,1.0
0.0,0.19835143011109127,1.0
0.0,0.1819109435181886,1.0
0.0,0.1654704569252859,1.0
0.0,0.14902996053132178,1.0
0.0,0.1325894641373577,1.0
0.0,0.11614897754445501,1.0
0.0,0.09970849095155232,1.0
0.0,0.08326800435864962,1.0
0.0,0.06682751776574691,1.0
0.0,0.05038702137178282,1.0
0.0,0.03394652497781873,1.0
0.0,0.01750603838491603,1.0
0.0,0.0010655517920133367,1.0
0.033831166485278424,0.0007991687445406974,1.0
0.06766233297055685,0.000532785697068058,1.0
0.10149348965477388,0.000266392848534029,1.0
0.1353246463389909,0.0,1.0
0.15181751960501408,0.02348557772836606,1.0
0.16831039287103725,0.04697115545673212,1.0
0.19943632919828513,0.054677445795573036,1.0
0.230562265525533,0.062383736134413954,1.0
0.26421132829021676,0.058868164021860056,1.0
0.2978603910549006,0.05535259190930615,1.0
0.3235408086695014,0.05577752672685734,1.0
0.34922122628410224,0.05620246154440853,1.0
0.371477162850692,0.07886527937347225,1.0
0.3937330994172818,0.10152809720253597,1.0
0.4248441087280353,0.10645216024507985,1.0
0.4559551180387888,0.11137622328762373,1.0
0.488446165798322,0.11170489208021903,1.0
0.5209372135578553,0.11203356087281431,1.0
0.5511941681802935,0.12217028901154198,1.0
0.5814511228027318,0.13230701715026966,1.0
0.6050159911177293,0.1552624554681425,1.0
0.6285808594327267,0.17821789378601535,1.0
0.6522855006841826,0.19765383956677895,1.0
0.6759901419356386,0.21708978534754256,1.0
0.7065930152187156,0.22139003043484387,1.0
0.7371958885017926,0.22569027552214518,1.0
0.7651883568957709,0.21860702885469716,1.0
0.7931808252897492,0.21152378218724913,1.0
0.7968160879639771,0.17900430154862845,1.0
0.8004513506382049,0.14648482091000775,1.0
0.7990953443919493,0.1128623778280546,1.0
0.7977393381456936,0.07923993474610144,1.0
0.8016051707890812,0.04567735654710803,1.0
0.8054710034324688,0.01211477834811462,1.0
0.8350725708809329,0.007383649198999441,1.0
0.864674138329397,0.0026525200498842623,1.0
0.8985056086475784,0.0028767781355099886,1.0
0.9323370789657598,0.003101036221135715,1.0
0.9661685394828798,0.0033253041078228135,1.0
1.0,0.003549571994509912,1.0
0.9999676957016641,0.02004652250207062,1.0
0.9999353914033283,0.03654347300963132,1.0
0.9999030479007469,0.05304043331825342,1.0
0.9998707043981655,0.06953739362687551,1.0
0.999838409900891,0.0860343539354976,1.0
0.9998061154036165,0.1025313142441197,1.0
0.9997737719010351,0.11902826475168041,1.0
0.9997414283984538,0.1355252152592411,1.0
0.9997091241001179,0.1520221657668018,1.0
0.999676819801782,0.1685191162743625,1.0
0.9996445155034461,0.18501607658298458,1.0
0.9996122112051103,0.20151303689160668,1.0
0.999579867702529,0.21800998739916738,1.0
0.9995475241999477,0.23450693790672808,1.0
0.9995152199016117,0.2510038982153502,1.0
0.9994829156032758,0.2675008585239723,1.0
0.9994505819017558,0.28399780903153304,1.0
0.999418248200236,0.3004947595390937,1.0
0.9993859439019002,0.3169917100466544,1.0
0.9993536396035643,0.3334886605542151,1.0
0.999321296100983,0.34998562086283724,1.0
0.9992889525984016,0.3664825811714593,1.0
0.9992566483000657,0.38297953167902,1.0
0.9992243440017298,0.3994764821865807,1.0
0.9991920103002098,0.4159734424952028,1.0
0.9991596765986898,0.43247040280382487,1.0
0.999127372300354,0.4489673533113856,1.0
0.9990950680020181,0.46546430381894627,1.0
0.9990627244994367,0.48196125432650694,1.0
0.9990303809968553,0.49845820483406766,1.0
0.9989980766985194,0.5149551651426898,1.0
0.9989657724001836,0.5314521254513118,1.0
0.9989334288976022,0.5479490759588725,1.0
0.9989010853950209,0.5644460264664333,1.0
0.998868781096685,0.5809429965761168,1.0
0.9988364767983491,0.5974399666858002,1.0
0.9988041430968291,0.613936917193361,1.0
0.9987718093953091,0.6304338677009217,1.0
0.9987395050969733,0.6469308182084823,1.0
0.9987072007986375,0.663427768716043,1.0
0.9629921625028524,0.6634456948573222,1.0
0.9272771242070672,0.6634636209986015,1.0
0.8915620663091592,0.6634815667420035,1.0
0.8558470084112513,0.6634995124854055,1.0
0.8377960016099615,0.6346886064601971,1.0
0.8197449948086718,0.6058777004349887,1.0
0.7975316340527527,0.5822219664798602,1.0
0.7753182732968337,0.5585662325247319,1.0
0.7446410295599422,0.5633463179754817,1.0
0.7139637858230508,0.5681264034262316,1.0
0.707748501550028,0.5369907052418409,1.0
0.7015332172770051,0.5058550070574502,1.0
0.7023765300020388,0.47838342587201454,1.0
0.7032198427270724,0.4509118446865789,1.0
0.6945043959034465,0.427426217952906,1.0
0.6857889490798205,0.40394059121923304,1.0
0.6537153187237535,0.39525087218175137,1.0
0.6216416883676866,0.38656115314426964,1.0
0.5903052840481864,0.37188724906023984,1.0
0.5589688797286861,0.3572133449762101,1.0
0.5296800935523069,0.365520871624855,1.0
0.5003913073759279,0.3738283982734999,1.0
0.47315904850747176,0.3939241221037398,1.0
0.44592678963901566,0.41401984593397967,1.0
0.416174315248356,0.41781634586910643,1.0
0.3864218408576963,0.4216128458042332,1.0
0.3561906140214023,0.43626077707558397,1.0
0.32595938718510825,0.4509087083469348,1.0
0.30658310046501525,0.46952053188086307,1.0
0.28720681374492224,0.48813235541479133,1.0
0.2644255598900423,0.5093064018200335,1.0
0.24164430603516235,0.5304804482252757,1.0
0.21459064210732387,0.553462123984485,1.0
0.1875369781794854,0.5764437997436943,1.0
0.15275309952195715,0.5777401665314021,1.0
0.11796922086442892,0.57903653331911,1.0
0.08756627943261185,0.5974446319910212,1.0
0.05716333800079478,0.6158527306629322,1.0
0.02858166900039739,0.6372689416929566,1.0
0.01857670802362932,0.0009192807464229592,1.0
0.05187965158689639,0.017462509982342157,0.0
0.08158355929179024,0.018524323470995755,0.0
0.10327830774246313,0.023479999270728955,0.0
0.1268461924059078,0.019955715361033577,0.0
0.8501144147899796,0.004979556702937244,1.0
0.8822899425160029,0.0027692896282233647,1.0
0.8942318738641007,0.03075695075651058,0.0
0.9134942146605224,0.014882238353117305,0.0
0.948855736437324,0.003210537979127543,1.0
0.9812412051680719,0.003425220423237236,1.0
0.04524401754182148,0.04062928657884915,0.0
0.06772010481571979,0.04060869811368821,0.0
0.09135274856390892,0.044574040867773494,0.0
0.11777863017573131,0.04419074548339555,0.0
0.14143909264560692,0.04384134550421198,0.0
0.8011608474494596,0.02883362008421625,0.0
0.8351563003809882,0.030814596773831658,0.0
0.8653618418216477,0.03135041705382549,0.0
0.8749013033574028,0.026989216050328564,0.0
0.9130720805059616,0.03998518996191719,0.0
0.9356572278037845,0.03042315271283206,0.0
0.9748224090256421,0.029631087601513242,0.0
0.9766730644882461,0.029447468664273287,0.0
0.02484325746037575,0.05142073333560796,0.0
0.05108577082525112,0.06374113597373902,0.0
0.07789983068064357,0.06553926707985328,0.0
0.10282951564683102,0.0668293168672353,0.0
0.13069332227339858,0.06779763721918097,0.0
0.15319366848682506,0.06683148121145467,0.0
0.1784012073359323,0.06699769137423768,0.0
0.8276638833038727,0.05219590002263857,0.0
0.842585296122088,0.05500979911342955,0.0
0.8750498676316801,0.05299198521663959,0.0
0.9024684223650071,0.05664887530991864,0.0
0.9261268667993686,0.05885358218391745,0.0
0.9583748757361957,0.05415748420971111,0.0
0.9739947182345912,0.05279303136078374,0.0
0.04466364784631209,0.08576707778055086,0.0
0.06726158289664518,0.08804121765270831,0.0
0.0912433029480496,0.08787982995283568,0.0
0.11702885363699618,0.08927884486087348,0.0
0.14185289701107148,0.09067299205699872,0.0
0.16876476519369635,0.08793229363751637,0.0
0.1961935241942148,0.08392349461476006,0.0
0.2185737066358411,0.07887546617436751,0.0
0.244627649547946,0.07753749278003129,0.0
0.27876731787088016,0.07644145662972625,0.0
0.31006464421559937,0.07737070938950096,0.0
0.32882790049209915,0.07880488816562883,0.0
0.3447097092781287,0.08136138018671947,0.0
0.813415236228168,0.06903854371662038,0.0
0.8522169802315951,0.076944274759906,0.0
0.8610645005847722,0.07772173601474924,0.0
0.8709423358460732,0.07927543732635818,0.0
0.90943005332278,0.08009122416568677,0.0
0.920517917627388,0.07985957228598083,0.0
0.9558692999149633,0.07718748387398217,0.0
0.9673224627959737,0.07662531411593923,0.0
0.02468957418186943,0.09936851067707146,0.0
0.05192701023785777,0.11242947271492539,0.0
0.07783616036082878,0.11104269648015405,0.0
0.10541226759154151,0.11117442008872884,0.0
0.13096857500922884,0.11114040585227833,0.0
0.15707024003317457,0.11205889306831229,0.0
0.18492307319686252,0.10685566146649149,0.0
0.2138540548547837,0.10571346934930209,0.0
0.23656036915924708,0.09950807808704995,0.0
0.2656334001419384,0.09999169544414145,0.0
0.29026656954071167,0.10010613723193665,0.0
0.3209084248006051,0.10200561302557869,0.0
0.34214787885972203,0.10345603087908599,0.0
0.3707100327215057,0.10358245159057343,0.0
0.8186105542293185,0.09765098392779686,0.0
0.8537416371591678,0.10031090750073526,0.0
0.8711648707398549,0.10179248351374569,0.0
0.8784643202156137,0.1020834104011017,0.0
0.9218826450822996,0.10320875064417065,0.0
0.9414251785781564,0.10272213170541876,0.0
0.9731736405910669,0.09957191210906961,0.0
0.04438269774030654,0.1315161426511991,0.0
0.06792909715778986,0.13352743826509855,0.0
0.09359734245615996,0.13418816247582727,0.0
0.11930463940265114,0.1328242946846795,0.0
0.14481808394106666,0.1334749355029433,0.0
0.17313770222275301,0.12986986209429766,0.0
0.20095063881796868,0.12757317042280159,0.0
0.22593199464094552,0.12437381706233767,0.0
0.24715759498771672,0.12135745539642447,0.0
0.2772373661272752,0.12220958716025491,0.0
0.30197179213589703,0.12491152355553561,0.0
0.3296342514444371,0.12505761941881172,0.0
0.3566303711803716,0.12414167229873979,0.0
0.38296831783613267,0.12504971589018252,0.0
0.4064136496322685,0.12611365544003314,0.0
0.43701902830834916,0.1280231035253628,0.0
0.4708913678822937,0.13172661098374347,0.0
0.48748208760191825,0.13543842654356747,0.0
0.5074827853809749,0.13436698179071174,0.0
0.5341879892949687,0.13391243462313399,0.0
0.818981079715701,0.12432635521183186,0.0
0.835029960035634,0.12124593091520319,0.0
0.8730433455946368,0.1266281398290324,0.0
0.8835431361672734,0.12521029466759356,0.0
0.8907828116684129,0.12536315822375885,0.0
0.9325505593603461,0.12577419833309703,0.0
0.9507793481302826,0.12535948802657734,0.0
0.9767950887678573,0.12220046741095483,0.0
0.0250915137887892,0.1460695615293933,0.0
0.05188276749776308,0.15666386824430714,0.0
0.07818130090594048,0.15569970348575082,0.0
0.10658515267440821,0.15470967624878235,0.0
0.13314915686707623,0.15355790612971115,0.0
0.16063471116488137,0.1523885204258084,0.0
0.1856396858400321,0.14847130896777908,0.0
0.21376245071113026,0.14822039151203176,0.0
0.23584529542980218,0.1433803746711064,0.0
0.264986047174061,0.14500909337751094,0.0
0.2945357384734775,0.14561713760918826,0.0
0.31693362467676855,0.1466552927049181,0.0
0.34341173316879003,0.1453884068851735,0.0
0.3702790698422234,0.14751877573846253,0.0
0.39564770362053625,0.14710359381456886,0.0
0.42268017496487104,0.14829734071814735,0.0
0.4420762292950101,0.15136940008136235,0.0
0.475449171027662,0.15592524165417515,0.0
0.4946563461505887,0.15528031943735096,0.0
0.5288831114382119,0.15491196976184018,0.0
0.5468622938273247,0.1510300045359694,0.0
0.5817751999696613,0.15529165609145126,0.0
0.8253818467187145,0.1489186851474673,0.0
0.8481422922724902,0.14754041579272076,0.0
0.8546982751713146,0.14874298596058072,0.0
0.8964459508839608,0.14879300175550647,0.0
0.9307655026145772,0.14892966396706703,0.0
0.946954680479394,0.1486000342058179,0.0
0.978813799162019,0.14901017354146207,0.0
0.04552306550612207,0.17927108904543626,0.0
0.06962919261768384,0.17974620127729374,0.0
0.09535934180755135,0.17670617241475733,0.0
0.12149400376158036,0.17581242801182023,0.0
0.14817497438114716,0.17475816164993996,0.0
0.17517220639848902,0.1755781435291334,0.0
0.20116743221860875,0.17157781185903942,0.0
0.23040179112680184,0.17172825987628723,0.0
0.25287011001909854,0.16854724568488486,0.0
0.27373864226224626,0.16901047548489287,0.0
0.30438613007789095,0.16867490869936466,0.0
0.3335428907507051,0.17168036433238143,0.0
0.35724861912118594,0.16965881323044318,0.0
0.3805785946093718,0.17324375343856085,0.0
0.40981364272565235,0.17062308697461587,0.0
0.43106162877156134,0.1721148038263415,0.0
0.461898151706343,0.1753517494159177,0.0
0.4828507593441112,0.17404985226507114,0.0
0.5173588676512919,0.1771925435947187,0.0
0.547288869427891,0.17280957841049094,0.0
0.5704762201862398,0.17503259590995288,0.0
0.6112637702604015,0.17846140325271062,0.0
0.8129902872353008,0.16705446160703905,0.0
0.8347685127471716,0.17566682323465194,0.0
0.858237413262917,0.17156552758986054,0.0
0.8862814349282457,0.17306902941505933,0.0
0.9073880866145537,0.17200281191749878,0.0
0.9258328200862939,0.1738872282658908,0.0
0.9554576721984965,0.1713109752694715,0.0
0.9711551006334737,0.17014859640238192,0.0
0.026670678669534046,0.19571065332325532,0.0
0.05517069503224795,0.20349284240888926,0.0
0.08226469844265138,0.1991059677723991,0.0
0.106665926927919,0.1943035241218086,0.0
0.13538894865389722,0.19721062595379532,0.0
0.16301813434159945,0.19372572233165158,0.0
0.18827821351643612,0.19460599191491848,0.0
0.21699389478885914,0.190567805508227,0.0
0.24031081962038162,0.1919315887973496,0.0
0.26927423604434514,0.19214434777304407,0.0
0.2918544733903812,0.19110154499956625,0.0
0.31939038914163076,0.18840485045476038,0.0
0.34426103354276577,0.19179821858638343,0.0
0.3676188596511732,0.19091222373476638,0.0
0.3967644155241357,0.19287902478708152,0.0
0.4199296358201987,0.19114074738930462,0.0
0.4488489894082737,0.19589385285812227,0.0
0.47052115977673814,0.1966493546927561,0.0
0.5034690211626333,0.19837792118898953,0.0
0.5353419705174379,0.1997325325692837,0.0
0.5564353855656321,0.19728530418892815,0.0
0.5914445098703163,0.20118590995603014,0.0
0.6081624103423896,0.19893272586267374,0.0
0.6276611884355846,0.20247256051529364,0.0
0.8164115543740558,0.1952599455477005,0.0
0.8514786780191913,0.19817470382153243,0.0
0.8689087102764437,0.19482242087216897,0.0
0.900087124415237,0.19877932494424105,0.0
0.9201543065339037,0.19492979623215534,0.0
0.9443114047742616,0.19223743007165184,0.0
0.9724200244956586,0.19405153320155213,0.0
0.044711980830971824,0.22198459164236667,0.0
0.07050810554397319,0.22137025707310967,0.0
0.09591539073946584,0.2166850926061101,0.0
0.12268860661903162,0.21969633890802553,0.0
0.14730012236842252,0.21759603874077266,0.0
0.17528027132461335,0.21746205487665252,0.0
0.19907555970851712,0.21338679828566978,0.0
0.22745442788478584,0.21511923910334682,0.0
0.24991233726838544,0.21263496302437576,0.0
0.27919117115294595,0.21383520432274675,0.0
0.30723464007444284,0.21663439319418987,0.0
0.3313256789473394,0.214051153567895,0.0
0.36390152958129696,0.2136032498800014,0.0
0.38368961023293785,0.21509562773033072,0.0
0.41773022242405095,0.21460856876110376,0.0
0.43589113389753553,0.21727913993477566,0.0
0.4573138940076318,0.21456366715170364,0.0
0.48975777730570663,0.2195350738048452,0.0
0.5105746251663614,0.22405544003780192,0.0
0.5432542530118133,0.22011683975689486,0.0
0.5735616417171547,0.22238275758687756,0.0
0.5953623331369764,0.22096244496789405,0.0
0.6232754665463911,0.22264003720312436,0.0
0.6494579172791604,0.22171533840406576,0.0
0.779030174202384,0.21510447935000315,1.0
0.8103955372409765,0.22206164533237965,0.0
0.8201305827257953,0.21420064060892144,0.0
0.8567705891364537,0.21801408880848938,0.0
0.8867906249465315,0.21672072549772206,0.0
0.9064456899886352,0.2178438629903959,0.0
0.9373788720422831,0.22050313353713663,0.0
0.9550293377786646,0.21756417014661963,0.0
0.9762370076822099,0.21974727670580582,0.0
0.027644258729517635,0.24168010862613182,0.0
0.05424162395098867,0.2408353640862855,0.0
0.08262211311847505,0.24285187454629503,0.0
0.1090382629060734,0.2397418708074404,0.0
0.13577612119138266,0.24125069427068346,0.0
0.16475718455390223,0.2421973737429053,0.0
0.18830148589817547,0.239164500053399,0.0
0.2102603941669133,0.24044254832701284,0.0
0.2403486286340562,0.23725622437505164,0.0
0.26758451938788635,0.2412833540024455,0.0
0.2922691841693908,0.2363685698607938,0.0
0.3197421649599404,0.23391424097577165,0.0
0.3444904888948773,0.2367459219771812,0.0
0.3735882083279989,0.2330152142892013,0.0
0.3967084717844123,0.23807945299523864,0.0
0.42055300917031246,0.2388396344712129,0.0
0.44921516536400324,0.23990666396815827,0.0
0.47871882490056744,0.24035295496164888,0.0
0.5032345094358601,0.24164231475609557,0.0
0.5228713538827987,0.24587783435834237,0.0
0.5560445430496469,0.24280136668502614,0.0
0.577413148565591,0.24580210351064624,0.0
0.6085797489194571,0.2440031409773383,0.0
0.624608400560875,0.24305960512718575,0.0
0.6635007236390118,0.24165169215931168,0.0
0.6855972914419647,0.24431161201333362,0.0
0.7156237583184117,0.24308474232221222,0.0
0.7316639143669887,0.25036651582304126,0.0
0.763714320279876,0.24148193277327423,0.0
0.7953259573177069,0.24348743020617347,0.0
0.8175276572209366,0.24318552409895536,0.0
0.8362663827484712,0.24493190381198998,0.0
0.8683734568733401,0.24089489181062174,0.0
0.8844162540255355,0.23774618315112217,0.0
0.9195942913541972,0.24066350278952744,0.0
0.9368135537715699,0.23778160052487904,0.0
0.9721669876985405,0.24085361375338918,0.0
0.044963223050710766,0.2648048288569593,0.0
0.0704307911022148,0.264601706627821,0.0
0.09630428799322424,0.26546044800950447,0.0
0.12272190120212187,0.263786507114542,0.0
0.14945240051069988,0.26768259794904775,0.0
0.17509094145404916,0.2619774043377499,0.0
0.19780046590125908,0.258786697014077,0.0
0.22719922956754404,0.26018154896020235,0.0
0.24998276484598883,0.25492658908878973,0.0
0.27916653776847355,0.25900307395399547,0.0
0.3065958541271696,0.253824467850749,0.0
0.3313714059845222,0.25903959140620103,0.0
0.35375638027271167,0.26436381990243624,0.0
0.38363443135616,0.260266306695003,0.0
0.40159647693823874,0.25693429017787756,0.0
0.4358505785824116,0.26179689347320995,0.0
0.46874256663444214,0.25880789101423435,0.0
0.4891507116700471,0.2627561683839015,0.0
0.5227729631700221,0.26173399014011817,0.0
0.5427693360353563,0.26513988590305376,0.0
0.5780011789490616,0.2686068665579242,0.0
0.5958039426464593,0.26547482067265993,0.0
0.6294660785189846,0.26162183995931176,0.0
0.649937149869549,0.26461355369319295,0.0
0.6739514612427387,0.2637922927494037,0.0
0.7007475900355555,0.26409177775897713,0.0
0.7379982414088875,0.2658377230578877,0.0
0.7535728067839047,0.2672204671900145,0.0
0.7914072533152372,0.26166068814433824,0.0
0.8033447833493502,0.26350038866980086,0.0
0.8453740404300242,0.2609605523446862,0.0
0.8552806242636253,0.26365155142106267,0.0
0.8704426275946973,0.26436555726344385,0.0
0.9058478342867775,0.2635276885243571,0.0
0.9207776045149743,0.26531700854938656,0.0
0.9546660632353966,0.26348068282986914,0.0
0.9855796246660897,0.26072059454305097,0.0
0.027947060651983106,0.28723906534226284,0.0
0.05522546145223085,0.28313923278617376,0.0
0.08248922940717816,0.28657559279824285,0.0
0.10880588179553526,0.2860753164484157,0.0
0.13550863257152673,0.28554198854194907,0.0
0.15915348141846794,0.2805670744346739,0.0
0.1878656088569042,0.283861164583389,0.0
0.21234764247390464,0.28021440313414203,0.0
0.23991923382741706,0.2823076346553935,0.0
0.26526465266586624,0.28686613679506057,0.0
0.2919509506143928,0.28134355324640054,0.0
0.32348368613613804,0.2780833500449909,0.0
0.3442850639049473,0.28169604852116537,0.0
0.3700136242686439,0.2792161687916688,0.0
0.396582118005717,0.28329581052735126,0.0
0.42367680551784015,0.28511828001041273,0.0
0.44861522633314493,0.2844294723818219,0.0
0.47940823199078464,0.28390031572451596,0.0
0.5018365183214595,0.28472875037360884,0.0
0.5237386562798759,0.2837427065586162,0.0
0.5556494665013977,0.28819173151038335,0.0
0.5920236226927328,0.2921177461956337,0.0
0.610458248643876,0.2868075903459422,0.0
0.6264779959499759,0.28572009939821236,0.0
0.6626004900070092,0.2874165038695859,0.0
0.6793508883735628,0.29084096955782474,0.0
0.7132684906979396,0.2882921799216328,0.0
0.7365382381818795,0.2845631257589442,0.0
0.7664309925051386,0.288077237168201,0.0
0.8062055262254602,0.2850815203677609,0.0
0.8167747503418346,0.2863497130235221,0.0
0.8347568227935543,0.2897584041986056,0.0
0.8681907159326379,0.2864081013221046,0.0
0.8975623487775927,0.2877909541223764,0.0
0.9194007244216664,0.2863434955782393,0.0
0.928742945817774,0.2827479414083023,0.0
0.9720955030342465,0.28676323795237263,0.0
0.046485099767305076,0.3111017283119962,0.0
0.07060532035761205,0.30887512672915246,0.0
0.09797591993315682,0.30671939423267874,0.0
0.12237380405709009,0.308098224002696,0.0
0.14774092962631957,0.3134442309147838,0.0
0.1745359301247636,0.3066222158537822,0.0
0.20114406499873663,0.3067094909462264,0.0
0.22659739838510892,0.3051367631893225,0.0
0.24777369237163205,0.30439551703007556,0.0
0.2785322554512659,0.3039369849824741,0.0
0.3103833361240794,0.29858961592293276,0.0
0.33085735232391245,0.30382858070545526,0.0
0.35745630520436356,0.3086274140956714,0.0
0.38332672244305827,0.3052515659792393,0.0
0.40573314389536347,0.30675941082468483,0.0
0.43515566315884097,0.307039013808479,0.0
0.45892707299473384,0.3126384164364403,0.0
0.4871342020423851,0.3063962789653177,0.0
0.5231975775220147,0.30460520103648986,0.0
0.5427081374558748,0.3116031154237353,0.0
0.5676205226366123,0.30824784139382,0.0
0.5983058057586277,0.308065818564933,0.0
0.6208442427314338,0.3038305317686448,0.0
0.650042986014648,0.3106703281525734,0.0
0.6881087973522149,0.30653393323762496,0.0
0.7012075343662677,0.31056022416097484,0.0
0.7186192492340404,0.31099006322105593,0.0
0.7533554858885202,0.3105032377486554,0.0
0.7799050789480584,0.30524499212124917,0.0
0.8044929991550924,0.3092183712397465,0.0
0.8147968165348548,0.3139700879164503,0.0
0.8554668789140002,0.3093552656243131,0.0
0.870539959532331,0.3135951796784138,0.0
0.9058045333382378,0.3092435917252674,0.0
0.9418751158233303,0.3059067867519332,0.0
0.9542058775931337,0.309210890078774,0.0
0.9826079798825946,0.3090354763927209,0.0
0.028284293880091096,0.3318339453610279,0.0
0.05609598966013401,0.33438999234022604,0.0
0.08242336697764627,0.331044723715182,0.0
0.10943984324410154,0.33657008379153613,0.0
0.13500575296491768,0.33006788330717496,0.0
0.1604147734247466,0.3338375606164403,0.0
0.18716240269541878,0.32861036865559706,0.0
0.2160334196882719,0.32714189653698217,0.0
0.23918222977126793,0.32730301604425005,0.0
0.2658858324692129,0.32565451356168557,0.0
0.2910321859779265,0.32615776121958195,0.0
0.32091996515655796,0.3295413316319663,0.0
0.3435247192423582,0.32630567831849994,0.0
0.37554258912925514,0.32255940885977274,0.0
0.3961563154220739,0.3281895327493341,0.0
0.4164220493458123,0.3348451866654279,0.0
0.44714583780146666,0.33021867553461587,0.0
0.4665060584730885,0.32655732151145184,0.0
0.4983312267913267,0.32801189286556554,0.0
0.5136155237713624,0.33058396371944876,0.0
0.5608293203672675,0.330493623218315,0.0
0.5842037950263517,0.32608145127934646,0.0
0.6138672983489387,0.3305365021616356,0.0
0.6288616919212199,0.33461056369635217,0.0
0.6640641165810808,0.33303335490983915,0.0
0.6843415720479544,0.3337349856309142,0.0
0.7151274218771515,0.33310657665036325,0.0
0.7276725532016027,0.3354675870955114,0.0
0.7666989609648135,0.33274975360951387,0.0
0.7992271215426546,0.33111850983695884,0.0
0.8176631296718139,0.3319963770347661,0.0
0.8592246317838285,0.3340246380788805,0.0
0.8685501736548342,0.3320954222291168,0.0
0.8884244619531142,0.33359510131453424,0.0
0.9195934454429905,0.3321788910394504,0.0
0.9283533497078813,0.3266530999380697,0.0
0.9721630662685165,0.3316372187331117,0.0
0.04544033066945951,0.353383852892571,0.0
0.07062711131090865,0.3536082776081024,0.0
0.095669057411032,0.3562644759190719,0.0
0.12191880364116067,0.35273157796861127,0.0
0.1457904126120611,0.35365456660524625,0.0
0.17380146270414157,0.3513999622101746,0.0
0.20283816198582155,0.3567147848020801,0.0
0.22573364130126594,0.3500228038030777,0.0
0.2541875328485216,0.3489572958905529,0.0
0.27752991339392813,0.348978558078027,0.0
0.3065625308162232,0.3502721302642969,0.0
0.329550893837562,0.348102982225397,0.0
0.3496876653724304,0.34834410942922167,0.0
0.38274300609356493,0.3498054045598837,0.0
0.40634391785252744,0.3468635632251252,0.0
0.43480957976779855,0.3542108158892463,0.0
0.46271472328936475,0.35087215547914147,0.0
0.4865151825333406,0.35071749793709456,0.0
0.5059646023044732,0.3493510630367888,0.0
0.5394898180762936,0.3420672870764628,0.0
0.5691461129289003,0.3487317229972498,0.0
0.6038241487444465,0.35109654107943145,0.0
0.6371509065194606,0.3605573309252423,0.0
0.6536256497006762,0.3560766695592641,0.0
0.6791456153839965,0.3616074612762241,0.0
0.7037853191508147,0.355930930184366,0.0
0.7285594548065589,0.34955832689157423,0.0
0.7545828755610093,0.35543514786673674,0.0
0.7820797794268869,0.3487155921129077,0.0
0.8054791277404624,0.3550149215215174,0.0
0.8365430259788068,0.3561283524545684,0.0
0.8559696802475384,0.3548437066951065,0.0
0.866719240160118,0.35564360205494916,0.0
0.9061904128916807,0.3550617973520414,0.0
0.9277940332561819,0.355157433863012,0.0
0.9546489578838357,0.3550761805086737,0.0
0.9721733042438587,0.35516634944921865,0.0
0.02792156541878636,0.3757690551172093,0.0
0.05490721546063076,0.37628772640442687,0.0
0.08209978620786605,0.37589881449924956,0.0
0.10672433128723838,0.3823451296808032,0.0
0.13442352023619575,0.37487678403888,0.0
0.15733412796187243,0.3803132919263461,0.0
0.18632139040854473,0.3734934612967494,0.0
0.21343988695977772,0.37468024535594935,0.0
0.23820655802054205,0.37219547936012026,0.0
0.26478420405994,0.37444839924084505,0.0
0.2898187768218612,0.3713138878029272,0.0
0.3147416499063397,0.3707590047811584,0.0
0.3416827918834462,0.3701191602017857,0.0
0.37294047392951357,0.3745353173036556,0.0
0.3948625192529983,0.3733426605474169,0.0
0.42363550008150536,0.3818447633112816,0.0
0.44874682712591785,0.3779317278894421,0.0
0.4655926794911215,0.37786848007820156,0.0
0.6063307985045299,0.37939151980017544,1.0
0.6434611218371435,0.3775949933635106,0.0
0.6700053944721344,0.3798520405824513,0.0
0.7060302745436836,0.3744519625623665,0.0
0.7183191227831407,0.3787528200110936,0.0
0.7366188916992087,0.384638015511566,0.0
0.7682410599313566,0.37802978093383843,0.0
0.7812408163334932,0.37429318231332037,0.0
0.8186118234781827,0.3777906993411407,0.0
0.8586149845783722,0.3760720820778653,0.0
0.8690997062720033,0.3777781169041707,0.0
0.9011070635058022,0.3804228126498802,0.0
0.9198920907569509,0.37812172938909744,0.0
0.9501052274197866,0.38105637132813724,0.0
0.9720390897491714,0.3775991265363511,0.0
0.04606144772909964,0.4063115049057636,0.0
0.07025288268956892,0.39852406907438986,0.0
0.09674140246347057,0.39189814218303726,0.0
0.12145257101134252,0.3976697321656074,0.0
0.14928584152910654,0.4005233865544357,0.0
0.17301505102425227,0.3963681490459212,0.0
0.19875612086080136,0.3885338673746137,0.0
0.22465002336174444,0.39484530722912436,0.0
0.2510978941128376,0.39200192590097727,0.0
0.276656404047891,0.3945326084960083,0.0
0.30761623662085447,0.398847029290015,0.0
0.3271622025435387,0.3923560488536803,0.0
0.35530175602468195,0.3898288295428468,0.0
0.3799425647161017,0.3948187389306155,0.0
0.4024178535841968,0.3973302646307919,0.0
0.43085125872456276,0.39629803985731615,0.0
0.4595815229091036,0.4039434967740823,1.0
0.7083339340079748,0.40267853550193805,0.0
0.7431914783405912,0.4045557940736774,0.0
0.7565753485673836,0.4011239355893164,0.0
0.7686411606711048,0.3992054783212543,0.0
0.8063891957662658,0.40078030352296995,0.0
0.828050264145207,0.39869077714709067,0.0
0.8566308889091497,0.4006423748689804,0.0
0.888089868571568,0.40810366277682486,0.0
0.9065727803236917,0.40104269322985836,0.0
0.9431749662434231,0.3961217698406739,0.0
0.9547896901234504,0.4012751045404348,0.0
0.9732323516727227,0.39379107875512664,0.0
0.02790156473081954,0.42104829320912945,0.0
0.05588881647056013,0.42208897167793347,0.0
0.08192681940940919,0.420852270787155,0.0
0.10976585721035623,0.42296682893922244,0.0
0.1340129867258141,0.41997110837078877,0.0
0.15810552277565543,0.42404443394562036,0.0
0.1854722831411536,0.41858162167839974,0.0
0.2103364947741131,0.41888169570545497,0.0
0.2370252782919992,0.41688447969680636,0.0
0.25849076961276024,0.4185551063516445,0.0
0.2893221941194133,0.41754528801266055,0.0
0.30828293072700846,0.41919439431518934,0.0
0.34083373061618705,0.41194135157678996,0.0
0.37035674007503283,0.4216494816982048,0.0
0.7181352900322785,0.4261962161809718,0.0
0.7497936051428319,0.4258137791347746,0.0
0.7687308629019177,0.4241864360285664,0.0
0.7913565724723597,0.4208531818237191,0.0
0.8191029302924788,0.42360247375501164,0.0
0.8610468355791647,0.4274770564532218,0.0
0.8695971063842738,0.42366299454479756,0.0
0.8790716148926274,0.42005670513204724,0.0
0.9201797284557357,0.42423709911195623,0.0
0.9279358226261335,0.4282149378076484,0.0
0.9719925295604178,0.4246100996483258,0.0
0.046000754614224246,0.4449539101328599,0.0
0.07019542524703466,0.44340982835871473,0.0
0.09722718723797805,0.4415641522766732,0.0
0.12136273924229618,0.4428963882234293,0.0
0.1478434998743366,0.4453898790215007,0.0
0.1723587775857028,0.44171969212433276,0.0
0.20043305083697766,0.44277595986329976,0.0
0.223710171131456,0.43994683853659666,0.0
0.2505215049927809,0.4334513805938458,0.0
0.2759457040866142,0.4388499195153931,0.0
0.30255644304454654,0.4424086541875793,0.0
0.3316188111623644,0.4324854385745699,0.0
0.7435814252363353,0.45093907626654256,0.0
0.7557509508739585,0.4472978091679594,0.0
0.7799573430190383,0.4478122748389653,0.0
0.8064849477650212,0.446524582543045,0.0
0.8471032930764187,0.4375876019962629,0.0
0.8570596796152725,0.4464924254656518,0.0
0.8942194333577247,0.4555828267398833,0.0
0.9068221589955902,0.44716111834386296,0.0
0.923153621127122,0.4442828051620953,0.0
0.9548389202124099,0.4478971160458499,0.0
0.9720959936414535,0.45427375184810026,0.0
0.02783346154393199,0.4667796888838374,0.0
0.0562021905121881,0.4608853491163209,0.0
0.08216322507707813,0.4657369096722863,0.0
0.10639540975722363,0.4592880983802128,0.0
0.13409381909026966,0.46557089864516377,0.0
0.1564120099178782,0.45823200995219304,0.0
0.18461710801194195,0.46413411647221314,0.0
0.21049094799521856,0.4668834597587933,0.0
0.23543490249301424,0.4623136195323916,0.0
0.2588711549283385,0.46426457254648534,0.0
0.28483936944674415,0.4615373479079163,0.0
0.7074797121473927,0.4680095861799475,0.0
0.7444614798965687,0.47069226724243113,0.0
0.7590174187534977,0.4644989952692603,0.0
0.794101086600081,0.4694643733852243,0.0
0.835764456045817,0.47166458388236926,0.0
0.8448833339236963,0.4692134737342062,0.0
0.8709207168940634,0.4655652064979527,0.0
0.8950694127778989,0.470085486760563,0.0
0.9128723363595396,0.47813901698529215,0.0
0.945985849756424,0.4709428925198052,0.0
0.9671401324296824,0.4791067952975032,0.0
0.0454612211469591,0.48844392406276593,0.0
0.07068138184593362,0.48088086026334237,0.0
0.09646374303076602,0.48803866668090645,0.0
0.12441243199280527,0.4793272802428514,0.0
0.14706711148824594,0.48871282442523056,0.0
0.1719719408736118,0.49614797181743514,0.0
0.19709249116782185,0.4863991078409764,0.0
0.21980563486994406,0.4903918605810659,0.0
0.24633241474943252,0.4857448879382798,0.0
0.26538718984527776,0.49138135583358544,0.0
0.7270403558464487,0.4931113808073495,0.0
0.7426531515334682,0.49650903074874436,0.0
0.7805479241261143,0.4923487876279487,0.0
0.7940670810520566,0.4937871115378674,0.0
0.8324633572266535,0.49183018316658617,0.0
0.8636486822633085,0.48860837209982266,0.0
0.8822991170656841,0.493108601364151,0.0
0.8950478812656424,0.4976138680749622,0.0
0.9313841225522651,0.49376089529279965,0.0
0.9506918379046938,0.4923591205506796,0.0
0.976007295137561,0.49618307049093013,0.0
0.028069973824583795,0.5023223213142257,0.0
0.05557655080191257,0.5102388180507114,0.0
0.08288143193104835,0.5083071019444342,0.0
0.10995323922655365,0.5106782531310288,0.0
0.13712959579794787,0.5035076475169201,0.0
0.16000424373736616,0.5120288529955722,0.0
0.1829694621389348,0.5004218758204984,0.0
0.2116395576352231,0.5082883200592757,0.0
0.23821135619541878,0.5046660485046781,0.0
0.7209221811385511,0.5172983067578417,0.0
0.7367126389670517,0.5217946754289136,0.0
0.7692681973386927,0.5153781094747555,0.0
0.8026821367129534,0.5051790843067687,0.0
0.8208453403917557,0.5141690839183807,0.0
0.843261024106724,0.5071554686002294,0.0
0.8703434602337289,0.5160494449770613,0.0
0.8969821558143548,0.5238411025919021,0.0
0.9204122050546899,0.5165278847317305,0.0
0.9609291079356199,0.5206970048628536,0.0
0.9721676386578528,0.5192373428932082,0.0
0.04475352432194142,0.5367080113697072,0.0
0.07117258226317644,0.5311600811973844,0.0
0.09770800156287557,0.5365760013746578,0.0
0.1238788694893124,0.5344834239060908,0.0
0.14938775091765222,0.5325216426859264,0.0
0.17322746999265246,0.5340478537316635,0.0
0.20158676143163232,0.533903454144983,0.0
0.22139899147324,0.5316871170472799,0.0
0.7391433151092214,0.5404146323342108,0.0
0.7584919090780029,0.5398427459811974,0.0
0.7720731112496952,0.534253624360345,0.0
0.80947285800792,0.5363100189272778,0.0
0.8444926487845247,0.5390047269752983,0.0
0.8583767274663314,0.5395969965186896,0.0
0.8753806317733381,0.5310997718713696,0.0
0.9072249661242703,0.539856508201293,0.0
0.9137781602503168,0.5459768378561889,0.0
0.955115054625436,0.5411665325944222,0.0
0.9879566017003237,0.5338082002140455,0.0
0.027522121788240546,0.5569548193829248,0.0
0.05506431904694933,0.5570945667295703,0.0
0.0839958169609524,0.5523930375426008,0.0
0.11181883912952466,0.556911076207363,0.0
0.13618672445660546,0.5596632778697981,0.0
0.16404758466218985,0.5629924380318,0.0
0.1908150244340721,0.5543806571120927,0.0
0.7105322142575466,0.5509358177879484,1.0
0.7308489944614087,0.565495373701484,1.0
0.7853564617270041,0.5627742246851981,0.0
0.8237469225158829,0.5595707133751999,0.0
0.8603735194902606,0.5671898357616628,0.0
0.8707556052641022,0.5639510470408272,0.0
0.8784847809840551,0.565781563049018,0.0
0.9208202958532856,0.5634301871965545,0.0
0.9350951845190165,0.5638883087465103,0.0
0.9726990245346697,0.5662969697130424,0.0
0.04654763129652894,0.5635760263844065,0.0
0.07202947438942822,0.5728355828938577,0.0
0.09540806069995249,0.572894807382678,0.0
0.8173523817051328,0.5816480759686081,0.0
0.8528605079355478,0.5844820459590788,0.0
0.8601256371483501,0.5889733461657516,0.0
0.8926069880146426,0.5943791089974121,0.0
0.9054908603003996,0.5838163227233698,0.0
0.919664655822482,0.5810776426802168,0.0
0.95386876990005,0.5842502767185935,0.0
0.9901835735351965,0.5870699355494299,0.0
0.041297447969409685,0.5973773689516714,0.0
0.06586730985340376,0.5887550537867149,0.0
0.843852567682993,0.6120563577406036,0.0
0.8535596797928782,0.6243871547231705,0.0
0.8900078097113385,0.6103943768038074,0.0
0.9162642166414269,0.6050927363617616,0.0
0.952244755084418,0.6085010584383954,0.0
0.9744676117356184,0.6145560365205653,0.0
0.04301205262630031,0.6264562721818707,1.0
0.8589698955029288,0.6279617798361173,0.0
0.8839093909628593,0.6371886089143651,0.0
0.9152716490213337,0.6371872987575695,0.0
0.932114675793509,0.6158957281000818,0.0
0.961833423737048,0.6400142357565634,0.0
0.9741479108958627,0.6387833642745017,0.0
0.8737039710445924,0.6634905398982611,1.0
0.907807249656986,0.6533339682698885,0.0
0.9366365006837789,0.6376573133583167,0.0
0.9454819292622015,0.6634544836177403,1.0
0.97935514155871,0.6634374819283069,1.0
0.025438728209136823,0.0261867752824628,0.0
0.025410859479819206,0.07358122738680004,0.0
0.02501789498032803,0.12188683740818179,0.0
0.024521994985465534,0.16892638539782237,0.0
0.02310760167008894,0.21798243260027164,0.0
0.023147796069607703,0.2677321489892596,0.0
0.023062549482196888,0.3101791638048448,0.0
0.023154022526667067,0.35788224049759876,0.0
0.023142774291226513,0.3980095086175783,0.0
0.023381140194189833,0.4371853833007423,0.0
0.023002392833780284,0.49002155194893954,0.0
0.02342931598840572,0.5325700361488109,0.0
0.02317018819281254,0.5816938442802497,0.0
0.023065154259209252,0.6138649431401949,0.0
