0.0004283163405578059,0.9995439009778925,1.0
0.0,0.9632319361924413,1.0
2.7203875684087322e-05,0.9463840550560139,1.0
6.251103348681162e-05,0.9246747834542555,1.0
0.00010302744408012496,0.899684261400305,1.0
0.0001435438546734383,0.8746937393463545,1.0
0.0001840602652667195,0.849703217292404,1.0
0.00022457667586003286,0.8247132740443192,1.0
0.0002650930864533462,0.7997227519903687,1.0
0.00030560949704665956,0.7747322299364181,1.0
0.00034670471350557605,0.7497417078824677,1.0
0.0003872211240988894,0.7247511858285172,1.0
0.0004277375346921706,0.6997612425804323,1.0
0.0004682539452854839,0.6747707205264818,1.0
0.0005087703558787973,0.6497801984725313,1.0
0.0005492867664720785,0.6247896764185807,1.0
0.0005898031770653918,0.5997991543646304,1.0
0.0006303195876587052,0.5748092111165455,1.0
0.0006708359982520185,0.5498186890625949,1.0
0.0007113524088452997,0.5248281670086445,1.0
0.000751868819438613,0.49983764495469396,1.0
0.0007923852300319264,0.4748471229007435,1.0
0.0008329016406252397,0.4498571796526586,1.0
0.000873418051218521,0.4248666575987081,1.0
0.0009139344618118344,0.3998761355447576,1.0
0.0009544508724051477,0.3748856134908071,1.0
0.000994967282998461,0.3498950914368566,1.0
0.0010354836935917422,0.32490514818877175,1.0
0.0010760001041850555,0.2999146261348212,1.0
0.001116516514778369,0.27492410408087076,1.0
0.0011570329253716822,0.24993358202692026,1.0
0.0011975493359649635,0.22494305997296976,1.0
0.001238644552423912,0.1999531167248849,1.0
0.0012791609630171932,0.1749625946709344,1.0
0.0013196773736105067,0.1499720726169839,1.0
0.00136019378420382,0.1249815505630334,1.0
0.0014007101947971013,0.09999102850908291,1.0
0.0014412266053904145,0.07500108526099804,1.0
0.0014759549573275356,0.05335027305166711,1.0
0.001503158833011623,0.03663551726433195,1.0
0.0020466575408275094,0.00013312534909229232,1.0
0.017936614969656095,0.0,1.0
0.033918023725252426,0.0003530715780273714,1.0
0.04990001128671439,0.0007061431560547428,1.0
0.05990293425633577,0.0075094273005362555,1.0
0.05951224029704317,0.02348909963853574,1.0
0.07333065153282263,0.028914825822844888,1.0
0.08840738672045703,0.024405928129675656,1.0
0.09158445211683774,0.03613369257884058,1.0
0.09181192282202588,0.05210005238193084,1.0
0.10400041674022323,0.060531517426397605,1.0
0.11989500461597677,0.0599231924616324,1.0
0.13262005157160262,0.06907121916773504,1.0
0.1329355007683648,0.08503989419428777,1.0
0.14275146944339134,0.09518809743617941,1.0
0.1574768694705952,0.09978034317399771,1.0
0.16888686949953552,0.11072035284005567,1.0
0.17815586663155247,0.12371107168800048,1.0
0.18598305835231335,0.137649295737963,1.0
0.1959830872926066,0.14975328399978002,1.0
0.20948315530229583,0.1580851944353604,1.0
0.22536211541967768,0.15992406067043083,1.0
0.24068310668260312,0.16426626227430188,1.0
0.2541687045456519,0.17240311513316878,1.0
0.26734811410578835,0.18098564850856197,1.0
0.2829943942651915,0.18391845782965166,1.0
0.2986707723296068,0.186581543617363,1.0
0.3140803208899719,0.19045201844075488,1.0
0.329831364911052,0.1929177314282903,1.0
0.3444873082343817,0.1992301881987272,1.0
0.3600230364734516,0.2029964779663077,1.0
0.37581864854618435,0.20539736469689385,1.0
0.3917925328255277,0.2056850312121063,1.0
0.4077756779987209,0.20550097094683958,1.0
0.4237553503367203,0.20505529043031323,1.0
0.43849811453989274,0.20939286158725934,1.0
0.44976804354935335,0.22039306706334164,1.0
0.46574308544042786,0.22054645061773057,1.0
0.48154680079527923,0.2193147517356941,1.0
0.49526855145150045,0.21132549437255996,1.0
0.5090649680643864,0.2078150367975829,1.0
0.5293272250020982,0.23055921328706747,1.0
0.5685766295555639,0.24152063877015328,1.0
0.6096978922784403,0.24912093859159168,1.0
0.6523408356220282,0.24782904389953087,1.0
0.6937190881492394,0.25828459305606605,1.0
0.732619472765737,0.2756748152885781,1.0
0.7657329563377796,0.3025065188010615,1.0
0.7822503393249388,0.33458625509710915,1.0
0.820487991225303,0.34827964426591496,1.0
0.8494033958540137,0.37808640992767817,1.0
0.8643510573336151,0.4178364815549041,1.0
0.8758409325720107,0.4589398012959463,1.0
0.8831755605011301,0.500608614367698,1.0
0.8657581343929339,0.5388960435725056,1.0
0.8373763887723238,0.5706140262025415,1.0
0.7975273413420771,0.5857220169069194,1.0
0.769718034722564,0.6082994973071058,1.0
0.7476915775064465,0.644424507797962,1.0
0.7291512680189501,0.6826760510391012,1.0
0.7022940970483795,0.7157594367061316,1.0
0.6713760241246286,0.745098527228475,1.0
0.6312549379375411,0.7536955307505087,1.0
0.5998622442039828,0.728896593438078,1.0
0.5663354932438885,0.7035454753298469,1.0
0.5268134711277164,0.7052321156222597,1.0
0.4864880664700656,0.7161877530466895,1.0
0.4455832771409306,0.7262769180902879,1.0
0.4038183822954862,0.7321408003148704,1.0
0.36684194837630485,0.7528487377691087,1.0
0.32733381760090763,0.7477257270525179,1.0
0.30245384746729026,0.7378813968900761,1.0
0.3089162149569224,0.7780186896414009,1.0
0.3415817027889761,0.7914562466176032,1.0
0.37617056251248054,0.7937992527616274,1.0
0.39874283365987634,0.8295573003336816,1.0
0.4139440121086187,0.8693386274776509,1.0
0.42717377777906407,0.9096142548308584,1.0
0.43774740333218537,0.9508767461849459,1.0
0.4688738463675591,0.9638651498094282,1.0
0.48987060794874093,0.9986832166557176,1.0
0.47197219416621566,0.9991740440297622,1.0
0.4638231863841708,0.9991885141764026,1.0
0.4532495608310495,0.9992081935758337,1.0
0.4410083955790808,0.9992301881987272,1.0
0.42876723032711217,0.9992527616274862,1.0
0.41652606507514345,0.9992747562503799,1.0
0.40428489982317484,0.9992967508732734,1.0
0.39204373457120617,0.9993193243020324,1.0
0.37980256931923745,0.999341318924926,1.0
0.36756140406726884,0.9993638923536852,1.0
0.35532023881530017,0.9993858869765786,1.0
0.3430790735633315,0.9994084604053377,1.0
0.3308379083113629,0.9994304550282312,1.0
0.31859674305939417,0.9994524496511247,1.0
0.3063555778074255,0.9994750230798839,1.0
0.29411441255545684,0.9994970177027774,1.0
0.2818732473034882,0.9995195911315364,1.0
0.2696320820515195,0.99954158575443,1.0
0.25739091679955084,0.9995641591831892,1.0
0.2451497515475822,0.9995861538060826,1.0
0.23290858629561353,0.9996087272348417,1.0
0.22066742104364484,0.9996307218577353,1.0
0.2084262557916762,0.9996527164806288,1.0
0.19618509053970754,0.9996752899093879,1.0
0.18394392528773887,0.9996972845322815,1.0
0.17170276003577017,0.9997198579610405,1.0
0.15946159478380154,0.9997418525839341,1.0
0.1472204295318329,0.9997644260126932,1.0
0.1349792642798642,0.9997864206355866,1.0
0.12273809902789555,0.9998084152584802,1.0
0.11049693377592688,0.9998309886872394,1.0
0.09825576852395823,0.9998529833101328,1.0
0.08601460327198955,0.999875556738892,1.0
0.0737734380200209,0.9998975513617855,1.0
0.061532272768052225,0.9999201247905446,1.0
0.04929110751608358,0.9999421194134381,1.0
0.0370499422641149,0.9999646928421972,1.0
0.02623148182983688,0.9999837934357626,1.0
0.017518717134679437,1.0,1.0
0.02569302674685458,0.00017135964594151135,1.0
0.04183814907827224,0.0005280417527826254,1.0
0.01607833399050473,0.02307693938560455,0.0
0.02929095743021688,0.021721231317253828,0.0
0.04386359202949241,0.02334947756331115,0.0
0.037143307745125406,0.05930416438625324,0.0
0.03778427203966045,0.041348556904004984,0.0
0.055534034109049814,0.044018686571236254,0.0
0.07285015455711627,0.049275299930867524,0.0
0.01857527419042574,0.06504566198877683,0.0
0.055002833942904776,0.0642786593699854,0.0
0.07363561617357656,0.06832195948165085,0.0
0.0906926680149001,0.07399837227468047,0.0
0.03618900625416226,0.07818969653331427,0.0
0.056036913561057486,0.08386961491102732,0.0
0.07391282366185649,0.08895740732412312,0.0
0.09400031470549865,0.09171784625590662,0.0
0.11123237376907999,0.08190539225322184,0.0
0.1327710997928997,0.07671758499776235,1.0
0.02204740968713128,0.10493979898363585,0.0
0.04024254321745901,0.0969701833383878,0.0
0.06022012494220165,0.10543828632769611,0.0
0.08151363251509043,0.10768628364560973,0.0
0.1039587678287165,0.10578970499554465,0.0
0.1217828741657906,0.10141680606714594,0.0
0.04028878925069012,0.11650162421611472,0.0
0.05565493249405651,0.125306905596417,0.0
0.07415630317276398,0.12469224049514656,0.0
0.0951740410918607,0.12396099706639821,0.0
0.11640188791654014,0.12226552846803579,0.0
0.1364010470433543,0.11681642007620455,0.0
0.15422921956643304,0.12209813826045784,0.0
0.022582004909712357,0.1239425954032238,0.0
0.0401642966430253,0.13896891190833793,0.0
0.06250308768144965,0.1432245978894383,0.0
0.08407262656598258,0.14221972535153032,0.0
0.10543415095072377,0.141170486855503,0.0
0.12628401524630606,0.13867157996841528,0.0
0.14470821153483715,0.13914280572984858,0.0
0.165171510439434,0.1400854467800843,0.0
0.032901613628753254,0.15772020971985876,0.0
0.05200311572089003,0.15907887800896722,0.0
0.07379759364400885,0.16032142249474918,0.0
0.0950777662132169,0.15963782117370448,0.0
0.11616734691660034,0.15843654809724117,0.0
0.13619374461435077,0.15833916038695217,0.0
0.1564094253425229,0.15827417997394683,0.0
0.17724603213697207,0.15778658866891676,0.0
0.014916138756540754,0.1616168141481305,0.0
0.04082311905273372,0.1774274297819092,0.0
0.06213826670000092,0.1772648424906592,0.0
0.08413596085919355,0.17773516524953517,0.0
0.10561934544913533,0.1772064555097467,0.0
0.12660917041182973,0.17701165825903678,0.0
0.14774517078042426,0.17676146945855392,0.0
0.1693157167018481,0.17600770122733597,0.0
0.19167102232003044,0.1730443463432001,0.0
0.21209189404831527,0.17794722008259406,0.0
0.232412803953818,0.1812478924225235,0.0
0.022248276514195933,0.17877096914575347,0.0
0.0493005396502393,0.194266079074714,0.0
0.07213264018007655,0.19468827614930603,0.0
0.09430521562851443,0.19525210440633464,0.0
0.11586092884754502,0.19523700615558806,0.0
0.13731840633339534,0.19499130003232712,0.0
0.15889654538086134,0.19434372681660123,0.0
0.18059217214189635,0.19270327879688687,0.0
0.2007519313354554,0.19397651869364022,0.0
0.2225158610352191,0.19692668554058249,0.0
0.24657742499306784,0.1939627951114579,0.0
0.26636918657691794,0.19948592920887123,0.0
0.2871483382576213,0.20474737190272552,0.0
0.02509576135477645,0.19585990659671024,0.0
0.03964418678797915,0.2104710287605888,0.0
0.061650854101796056,0.2115427761383279,0.0
0.08325303151688884,0.21264280443684835,0.0
0.10492632646505543,0.2131305221809443,0.0
0.126492743259571,0.21309324763383905,0.0
0.14804947354934136,0.21267649896811894,0.0
0.1695270183278079,0.21179129927940152,0.0
0.19016453659815966,0.21213567935320254,0.0
0.2110777658444802,0.21318143395898137,0.0
0.23346995649918234,0.2126192678607888,0.0
0.252989699496261,0.21466328859008127,0.0
0.2736788635684499,0.21800146164987017,0.0
0.30446554357049993,0.20991431909854746,0.0
0.3243320967556069,0.21222262512182952,0.0
0.3443315398462559,0.21923271329405938,0.0
0.36398708460648654,0.2239661510245455,0.0
0.031565106304689915,0.22755801121886135,0.0
0.05208291512829495,0.22880628568053873,0.0
0.07264011107784739,0.23034284468010316,0.0
0.09392981971101211,0.23084161116040106,0.0
0.11547771364694494,0.23106365789316577,0.0
0.1370657201044713,0.23088229577204422,0.0
0.15857646529089628,0.2304232186437557,0.0
0.17966285710601143,0.230489632942498,0.0
0.20080212246792534,0.23094172976652275,0.0
0.22248324695368707,0.23072714694474883,0.0
0.2434762486951355,0.23224700633672063,0.0
0.2650500832951814,0.23345779184410714,0.0
0.2893932080322537,0.22836139206137177,0.0
0.3098785698990117,0.22955236495450038,0.0
0.33003028372971116,0.23257092260442155,0.0
0.3513482586196478,0.2396560396989987,0.0
0.38268088648204435,0.22650811365473666,0.0
0.4020429362150623,0.2261495752208073,0.0
0.4218054591529535,0.2262145846303717,0.0
0.43955882101521565,0.23444520626158907,0.0
0.46146447639976534,0.23917683890893415,0.0
0.4826071704187418,0.23751158205381406,0.0
0.5028545644352013,0.23131768592338228,0.0
0.5193618566931066,0.2193731891289899,1.0
0.016157076389888773,0.2369973323414056,0.0
0.0394885867979165,0.2455984371642688,0.0
0.0604371948487218,0.24805735489896666,0.0
0.08223176659438566,0.24855167204759143,0.0
0.10402201974422566,0.2488519843056259,0.0
0.12581509507041527,0.24889020310080395,0.0
0.14748985513412613,0.24870324156330387,0.0
0.1688983381619642,0.24870899523900505,0.0
0.19026560298265455,0.24890376262271754,0.0
0.2118342939081987,0.2488717052920305,0.0
0.23308852925762064,0.24961771897471932,0.0
0.25488764202290126,0.2502926960187451,0.0
0.2777493699064636,0.24779133626243893,0.0
0.2980974844283866,0.24780763358611438,0.0
0.3181133378687386,0.2495487373579504,0.0
0.3382269801439556,0.25180932885270796,0.0
0.36956868834508105,0.24548751014854944,0.0
0.38979256407095214,0.24580078998260388,0.0
0.4098605956051007,0.24570245879097205,0.0
0.42864834168246096,0.2495639138286421,0.0
0.44981439444956106,0.25374066616486696,0.0
0.47299730214585484,0.2552915268657188,0.0
0.49544036464361374,0.25200775083375837,0.0
0.5159716947964299,0.24727411817036846,0.0
0.5366606028665694,0.2495818954524562,0.0
0.5502470715064756,0.23640162901755218,1.0
0.02337830707928685,0.25482773264723735,0.0
0.0462229546242002,0.2645545265565777,0.0
0.06971354727653195,0.2656042901775015,0.0
0.0922344550052108,0.2663390436301441,0.0
0.11437935304796956,0.2666142326567715,0.0
0.1362941488109108,0.26667763247742665,0.0
0.15797238782890508,0.2667405506292071,0.0
0.1795572043452153,0.26685583328795576,0.0
0.20119328987244675,0.26688841949071307,0.0
0.22270493477047187,0.26727751126328986,0.0
0.2445169474208743,0.26755879453885556,0.0
0.2669529018497686,0.26647899618948007,0.0
0.28824007549487946,0.26644079643579405,0.0
0.3093444814945279,0.2672314155972484,0.0
0.3311508838104448,0.2682852430515495,0.0
0.35492447413145045,0.26317683720054125,0.0
0.37661715205324026,0.26438477411773653,0.0
0.39774898864252844,0.26482890158676253,0.0
0.41791860147444815,0.266825320846178,0.0
0.438876868597336,0.26945094745939446,0.0
0.4615200518885908,0.27085535013762113,0.0
0.48516617301643145,0.27027609664190566,0.0
0.5076175920010054,0.26757156055071174,0.0
0.5289542836881077,0.26595908278272573,0.0
0.553287262826723,0.2601670921456477,0.0
0.5748090654037633,0.26197202974482187,0.0
0.5890870117353637,0.24531150129957763,1.0
0.5965622661663156,0.26577071457057416,0.0
0.6306362230174523,0.24848659874022655,1.0
0.6398971179966004,0.2661088389119592,0.0
0.6604406603294293,0.2659696196862718,0.0
0.6744425892348669,0.253413764307738,1.0
0.0236721444188149,0.2713711416214177,0.0
0.039491469613796945,0.2832560107263455,0.0
0.06012287318557682,0.2825087024673891,0.0
0.08161191194723158,0.28368960860722425,0.0
0.10342713977676447,0.2841944628676769,0.0
0.1252696481916659,0.28443952673685463,0.0
0.14703749128797838,0.2846012693090994,0.0
0.16874776723097643,0.28472647038255017,0.0
0.19046163017786763,0.2847930886509507,0.0
0.21212493880918287,0.28500455637073047,0.0
0.23395536169299305,0.28512711716947914,0.0
0.2560745463853461,0.28461829835250335,0.0
0.27769863808817313,0.2846148685053834,0.0
0.2991975109987366,0.2849572896953883,0.0
0.3210714484531202,0.2852098756123037,0.0
0.3440739898693636,0.2828421064021647,0.0
0.364980793449188,0.28230009337069495,0.0
0.386290991513784,0.2832172620297849,0.0
0.40714035874647647,0.2846155715337061,0.0
0.4282736659946923,0.28629272796099964,0.0
0.45039781499207143,0.28722829896893454,0.0
0.4734024817011658,0.2870321821172934,0.0
0.4964630759789781,0.2860968221770547,0.0
0.5186817759495652,0.28444418578093783,0.0
0.5412740333546515,0.28052740647892954,0.0
0.5621945714170264,0.27975309386737757,0.0
0.584049797587425,0.28167599272349025,0.0
0.6073990605804528,0.2849542126327791,0.0
0.6184290008871107,0.26737494030227144,0.0
0.630928153311161,0.2840861734916164,0.0
0.6537644971615935,0.28320054740910255,0.0
0.6772354832491011,0.2765676614297745,0.0
0.6972115381746775,0.277538059110745,0.0
0.7144995877642053,0.2675744113951276,1.0
0.031705062936120215,0.3009512741654775,0.0
0.05193670077348665,0.30135839670806946,0.0
0.07176276279060143,0.30173042645783693,0.0
0.0928598034793049,0.3020122582314197,0.0
0.11442249628850754,0.3022198176243546,0.0
0.13613583301137325,0.30238966243685667,0.0
0.1578880799653825,0.3025300865226769,0.0
0.17965468695317383,0.30262100035087325,0.0
0.2014056254319589,0.30275244528837203,0.0
0.22324767486760894,0.30281152960376784,0.0
0.24522715047514643,0.30257436192967346,0.0
0.26698213485352607,0.30256611741816003,0.0
0.28869418546532205,0.30273679733230097,0.0
0.3105929941089095,0.3027605567816667,0.0
0.33293109517814584,0.3015859909958599,0.0
0.3542519801746972,0.3012445424228918,0.0
0.3752418712032206,0.3013605798305204,0.0
0.3963170960063713,0.3024961303761334,0.0
0.4175744092446238,0.30368560834170005,0.0
0.4394106045266832,0.3043560926696135,0.0
0.4618033535688865,0.30425253213868275,0.0
0.4843451482742001,0.30371716039383245,0.0
0.5066733047849008,0.30288774622225273,0.0
0.5286193006294299,0.30069036073546573,0.0
0.5490466635920435,0.29921810057643317,0.0
0.56922881614324,0.2992035386612729,0.0
0.5893601685684147,0.3005892244739068,0.0
0.6078225573877344,0.3042642409934642,0.0
0.626119468586779,0.3017929029627225,0.0
0.6469227527425893,0.30086988694864825,0.0
0.6690448947236088,0.29704019049354863,0.0
0.689565639860638,0.29611192620878635,0.0
0.7112479863140903,0.2918638295601426,0.0
0.7289054095041425,0.29407318363680846,0.0
0.7495731254270539,0.2894122821024335,1.0
0.016318615546852037,0.31196195437207674,0.0
0.03940179134867932,0.31895564383742603,0.0
0.06007122821446817,0.3205623341761033,0.0
0.08153901419060255,0.3200938553449259,0.0
0.103301310476105,0.32007672587132247,0.0
0.12512705531026866,0.32016843287403957,0.0
0.14695641019929068,0.32029207401786286,0.0
0.168780123415251,0.320397482194399,0.0
0.19058875543359127,0.3205009395789807,0.0
0.21243852952309172,0.3205428828569187,0.0
0.2343500434437198,0.320435407453823,0.0
0.25616173312680296,0.3204287820461362,0.0
0.27795842787475483,0.32050996703169843,0.0
0.29985681831777283,0.32050767284544024,0.0
0.32190185741300054,0.3199680185664073,0.0
0.3433948798836852,0.3198115695080552,0.0
0.3645977978250665,0.3199322273384184,0.0
0.3856110126045984,0.3205063998857035,0.0
0.40683392122338113,0.32141442720176766,0.0
0.428423869924345,0.3219471415731861,0.0
0.45037474918518194,0.32192928894078554,0.0
0.4724413362825684,0.32156924973344575,0.0
0.4944221679048558,0.32104356420799846,0.0
0.5161864955996007,0.3200265544440088,0.0
0.537000311662483,0.31901743031415647,0.0
0.5573010179744965,0.3184552552421666,0.0
0.5774608122885254,0.31905035226936407,0.0
0.5973534363428674,0.32156762802110833,0.0
0.6186801003833732,0.322032749892743,0.0
0.639109851980983,0.3197096527063026,0.0
0.6605245004071116,0.3169975643606442,0.0
0.6814138168412367,0.3154667545201244,0.0
0.7027890427741506,0.3128491831072556,0.0
0.7226954280893314,0.31378618554507465,0.0
0.7425521200285126,0.3088254946592657,0.0
0.7742419404957539,0.3190325004379387,1.0
0.023446754274259192,0.32971446974295554,0.0
0.04604400817061391,0.33796932759972037,0.0
0.06947288054926569,0.3379043935780043,0.0
0.09194536277784808,0.3377860673469906,0.0
0.11406401766747508,0.3378725324235054,0.0
0.13601568825978233,0.33800842132874387,0.0
0.15789265197749403,0.33813578891859153,0.0
0.17973241059607423,0.3382438472639037,0.0
0.2015780616705393,0.33829513188811894,0.0
0.223445222351824,0.3382567299236347,0.0
0.24526685572870444,0.33825284436346303,0.0
0.2670876764505119,0.33829015728716777,0.0
0.2889651478984349,0.3382932541384035,0.0
0.3108925517540859,0.3380964393525003,0.0
0.33250834544311164,0.33810922483894457,0.0
0.3538869437569299,0.3383321671234056,0.0
0.37504218673895645,0.338800779109508,0.0
0.39616974543236594,0.33943101635866935,0.0
0.41750454109521984,0.33989226599538913,0.0
0.43908391407260433,0.33992689087354727,0.0
0.4607906273745657,0.33966980241931155,0.0
0.48248903572461094,0.33928516442926643,0.0
0.504077766123616,0.3387381566671594,0.0
0.5252096617910735,0.33824979189694826,0.0
0.545909400863934,0.337794013228956,0.0
0.5663267671737358,0.3378818649305193,0.0
0.5866926456360153,0.33917330940452245,0.0
0.6080492704297977,0.3398671005010155,0.0
0.6298200138926706,0.3392074232847163,0.0
0.6510877480255656,0.33670386856841056,0.0
0.6722186696040036,0.3349255124452763,0.0
0.6936300057425738,0.3329350333180931,0.0
0.7146366589799589,0.3325924032351664,0.0
0.7366317693193123,0.3319686234825857,0.0
0.7543218215760995,0.3210736228490597,0.0
0.7602303793764967,0.337778236041672,0.0
0.023316624275665766,0.3463430902227475,0.0
0.03932214556178619,0.35692728630455206,0.0
0.060095377156642954,0.35527649364456376,0.0
0.08180469876369559,0.35544984312372885,0.0
0.10356633709161085,0.35556499341491904,0.0
0.1253514079924682,0.3557274742561987,0.0
0.1471415843213763,0.35587738279312797,0.0
0.1689313400313539,0.3559998984242617,0.0
0.19073143993728853,0.35607058363329486,0.0
0.2125436413167972,0.35607528184000803,0.0
0.23433777701791147,0.3560768571044587,0.0
0.2561380799411602,0.3560892591116935,0.0
0.27797609200117784,0.3560911364800414,0.0
0.2998405238153417,0.3560457959671964,0.0
0.3215521405453299,0.35617996600234164,0.0
0.34308697332837507,0.35649625531802964,0.0
0.3644313240130287,0.3570507954294396,0.0
0.3855905128894489,0.35765528414179937,0.0
0.4067525829256126,0.35814745533515313,0.0
0.4279769065046359,0.3582266188444989,0.0
0.44934725146637505,0.35798564844930286,0.0
0.4708198538673188,0.35762728424819584,0.0
0.4923036434692817,0.3572364417413496,0.0
0.5135507361279338,0.35699482683383577,0.0
0.5345478041790686,0.3567933186734277,0.0
0.5552526842103573,0.35679228984081485,0.0
0.5758987649434398,0.3573261567477459,0.0
0.5971166303042177,0.3577357660636401,0.0
0.6188491730012813,0.35746886041737225,0.0
0.6406723227677336,0.35622281098168374,0.0
0.6619284071351247,0.35438930458997087,0.0
0.6832124858804297,0.35263768974996335,0.0
0.7042592087497928,0.3516930657810285,0.0
0.7256186462860266,0.3510391146386829,0.0
0.7466152180969352,0.35218604060480346,0.0
0.7698018664150321,0.3543123472637628,0.0
0.7898517232631511,0.3568748876095964,0.0
0.8016041260664526,0.34151709212737924,1.0
0.0313233125517078,0.3748446366672979,0.0
0.051734956494013856,0.37444562173550117,0.0
0.0721829375450708,0.37355819317227973,0.0
0.09342486482990413,0.3735237849400842,0.0
0.11491576675634821,0.37358858248996013,0.0
0.13653712493471368,0.37370103188647597,0.0
0.15822009332306072,0.3738130819103483,0.0
0.17993826850460137,0.37389186676020886,0.0
0.20167633482655636,0.37392214488203085,0.0
0.22341352261055467,0.37393096495612266,0.0
0.24516002883561297,0.37392970818077287,0.0
0.2669338953564104,0.3739195890805446,0.0
0.28873246121255614,0.3739138775577712,0.0
0.310479924462093,0.37406350399211546,0.0
0.33215652199213713,0.3744449697177887,0.0
0.35368307055028886,0.3750472453813134,0.0
0.37504992335194687,0.3758822094256875,0.0
0.39613625173962896,0.37650651925291484,0.0
0.4171688043221784,0.3768653220995483,0.0
0.4381309817271846,0.3765938797807279,0.0
0.45933021291449055,0.3761086941096822,0.0
0.48074143992479923,0.3756569976977584,0.0
0.5020242760902347,0.3755120008714339,0.0
0.5231692615452161,0.3754609919309811,0.0
0.5440358531249865,0.375587614633907,0.0
0.5648655448006146,0.3757911793022013,0.0
0.5860091964973856,0.37591589569130784,0.0
0.6075730919384268,0.37566888854929337,0.0
0.6293567110649675,0.3749036599797258,0.0
0.6509782140153266,0.3737187612562385,0.0
0.6723006363521551,0.37215004417152364,0.0
0.693419008574049,0.3710099789838507,0.0
0.71456827458591,0.3702380780306036,0.0
0.73555324538091,0.37053080420759116,0.0
0.7569321344273533,0.37126457029239984,0.0
0.778299251196576,0.37420703044109405,0.0
0.799714628638028,0.37732298527113867,0.0
0.8107952615127179,0.36300008317026594,0.0
0.8347952299870873,0.3630279252778973,1.0
0.01658758447859704,0.38792543493793363,0.0
0.039215217119871124,0.3925293879380592,0.0
0.061145672588216265,0.39227852164506877,0.0
0.08270794890309166,0.391646359770152,0.0
0.10431116869895106,0.39158682534045725,0.0
0.12592120529269987,0.3916229807815871,0.0
0.14754975493772798,0.3917028096387643,0.0
0.1691976770422314,0.3917760795162504,0.0
0.1908595943479359,0.3918189066524273,0.0
0.21252473085542414,0.39183579738848273,0.0
0.23419693196212082,0.3918305906638113,0.0
0.25588639827945076,0.39180850651000654,0.0
0.2775966381515625,0.39179260763965834,0.0
0.2993064396924661,0.3918843577733028,0.0
0.32102866967916355,0.3921882362689057,0.0
0.342742680433974,0.392826397392236,0.0
0.36431597353547257,0.3937004801140022,0.0
0.3857181584829116,0.3948878805442211,0.0
0.4065576332457916,0.39549072285305326,0.0
0.42736123012042004,0.39570998001696034,0.0
0.4480281341747178,0.3949054481878397,0.0
0.46931175997875135,0.39408189805838467,0.0
0.4905735336894498,0.39391862917639686,0.0
0.5118199636292294,0.39391555275554213,0.0
0.532666641147953,0.39427059911323664,0.0
0.553556894083958,0.39438276733549704,0.0
0.5746534630680694,0.39434315708539014,0.0
0.5961070427940895,0.3940063785882246,0.0
0.6177925352400508,0.3933900637249838,0.0
0.6394820918143362,0.3925369497444616,0.0
0.661014602632808,0.3914258340463509,0.0
0.6822493368502173,0.3903012489476033,0.0
0.7033719635800008,0.3894635542375561,0.0
0.7243536472510396,0.3892969193591093,0.0
0.7454404223349258,0.38967170158270875,0.0
0.7664216269838123,0.3911527578785939,0.0
0.7880904067573309,0.39345489576032244,0.0
0.811195616954225,0.39406961839827076,0.0
0.8242823514991007,0.37873300795737486,0.0
0.8350062677981295,0.39487813915091635,0.0
0.024630817231482142,0.4067016410032202,0.0
0.04870219338700086,0.40943687393387335,0.0
0.07158892469305489,0.40957125707426356,0.0
0.09356313110150637,0.4095058932828714,0.0
0.11529621162417683,0.4095636503717713,0.0
0.136925474532069,0.4096430810712569,0.0
0.15852278947558096,0.4097193466689075,0.0
0.18011256555207752,0.4097734046731658,0.0
0.20169899029466773,0.4098013329084928,0.0
0.22328599372810493,0.40980173020376887,0.0
0.24487917024786715,0.40977695784100915,0.0
0.2664829596229134,0.4097439110256059,0.0
0.2880980192190844,0.4097636851011947,0.0
0.3097539220050516,0.4099186939211512,0.0
0.3314915987676424,0.4103536877451463,0.0
0.35331390919210126,0.4112763083528367,0.0
0.3749667312479787,0.41245313127024935,0.0
0.39643347881357965,0.4142727634762665,0.0
0.4167826981122398,0.4146728141029344,0.0
0.4374111015354157,0.4146204265653988,0.0
0.45805662559375343,0.4127005794189351,0.0
0.479119858394802,0.4122942777658385,0.0
0.5005207361783893,0.4121678304593586,0.0
0.521147934121687,0.4129420104796911,0.0
0.5419610890446714,0.413049413015932,0.0
0.5629754588973241,0.41293738709565897,0.0
0.5844081790492228,0.4124621984214459,0.0
0.6060755483242426,0.41184843315422465,0.0
0.6277952804897093,0.41113379349429974,0.0
0.6494342051490427,0.41030445936051985,0.0
0.6708626988205998,0.40942776374329337,0.0
0.6920702012699114,0.4086226521302415,0.0
0.7131098569971068,0.4082320670425496,0.0
0.7341227996440001,0.40832453713904654,0.0
0.7550789729058286,0.40916138535297475,0.0
0.7763146946898952,0.41040802733212983,0.0
0.7984972684648683,0.4110468030107807,0.0
0.8208761948367322,0.4114033600598472,0.0
0.8428329906635308,0.4140495872442471,0.0
0.8568246151807215,0.39782153707118234,1.0
0.021577142589804123,0.424031517967135,0.0
0.04033659644004764,0.4262224357470656,0.0
0.0618771898020984,0.4269095045057021,0.0
0.08348991720956389,0.4273774595168784,0.0
0.10500249638586254,0.4275106711361397,0.0
0.12649475171049934,0.4276316631945364,0.0
0.1479822186572959,0.42772387524629407,0.0
0.16947325882087128,0.4277911406583066,0.0
0.19096641147616097,0.4278324413030186,0.0
0.21245925736034052,0.4278455769580854,0.0
0.2339505061259568,0.4278298039414752,0.0
0.2554402202520914,0.42779288347038236,0.0
0.27693195264514703,0.4277655525572432,0.0
0.2984520885452868,0.4277947929672789,0.0
0.3200532776879096,0.4279712176696442,0.0
0.3418230850208186,0.4284936567251139,0.0
0.36381918202454916,0.4297843798332532,0.0
0.3855661645605032,0.4313182325150935,0.0
0.4072650397783613,0.4343642605292528,0.0
0.42665594661890904,0.43387538051139646,0.0
0.4483250177274621,0.43271627643788346,0.0
0.4676094430826145,0.4309030428936662,0.0
0.4892642138796288,0.43007915110674805,0.0
0.5093662098223688,0.4316971037060787,0.0
0.5299883319233525,0.4318199483714557,0.0
0.5508514110817412,0.431675470723427,0.0
0.5724029817042281,0.4309600797015466,0.0
0.5941981833366042,0.43026940290243837,0.0
0.6160180458492474,0.42960489072208136,0.0
0.6377539937678254,0.4289319180676904,0.0
0.6593259514978348,0.42826082738900206,0.0
0.6806900506154918,0.42762653089146707,0.0
0.7018328193887726,0.42718224359574336,0.0
0.7228578034440011,0.4270884684974134,0.0
0.7438057728358142,0.42754364226362573,0.0
0.7648237698330874,0.42838961706467754,0.0
0.7861023038355053,0.42888003372139466,0.0
0.8074370364889424,0.4291690410785553,0.0
0.8285163317078077,0.43011322524612966,0.0
0.8498856392763325,0.43372102238781723,0.0
0.032796657550887495,0.44541612523326407,0.0
0.05293932978706063,0.44486221248529184,0.0
0.07376839698778535,0.4453726017198813,0.0
0.0949567779355006,0.44560301042231293,0.0
0.11623148480961396,0.4457216165570835,0.0
0.13757019701657308,0.445814368361851,0.0
0.15894401219237517,0.44588400337289047,0.0
0.18033600854604032,0.4459333034023274,0.0
0.20173316416841275,0.445960215352269,0.0
0.22312532315142755,0.44596161960738434,0.0
0.24450497439806826,0.44593781835340174,0.0
0.26586955543632457,0.4458994389034475,0.0
0.2872324256520739,0.4458649022475256,0.0
0.3086294650868205,0.4458727207946182,0.0
0.3301353432290131,0.4460116979121479,0.0
0.3518981032560687,0.4465512106404761,0.0
0.3741069179715962,0.4483911841278128,0.0
0.3959677407087088,0.4501414652333128,0.0
0.41837799620160876,0.45571336630087117,2.0
0.43824752383668797,0.45011169789329813,2.0
0.4587723241586812,0.453045858003047,2.0
0.47746947170840026,0.44722182556766454,0.0
0.4965881983768747,0.4504341395130784,0.0
0.5172513643584157,0.4506521666376705,0.0
0.5379940244360518,0.45055749809588513,0.0
0.5600154956089438,0.4493678092136351,0.0
0.5821692488164885,0.4485570016334526,0.0
0.604202831041484,0.44793273097532704,0.0
0.6260723093468126,0.4473775130103125,0.0
0.6477634381202577,0.4468562625234887,0.0
0.6692688369756455,0.4463871840838735,0.0
0.6905636595952436,0.44603673042619674,0.0
0.7116669981822823,0.44588186492262283,0.0
0.7326419065093437,0.4460958736972574,0.0
0.753588426133803,0.4467236938267547,0.0
0.7745097845854569,0.4474192395486953,0.0
0.7951139340933021,0.4477608963032509,0.0
0.8154958398564256,0.44809937400819067,0.0
0.8360528297890736,0.4489987179924848,0.0
0.8700331871451792,0.4381634558352132,1.0
0.019382601965318463,0.46311755548054395,0.0
0.042004269350624665,0.46327638403639476,0.0
0.06330459597483394,0.46356691978881875,0.0
0.08462515727776058,0.4637595044841686,0.0
0.10590687671008844,0.46391072813065637,0.0
0.1271827479316444,0.46399004472946914,0.0
0.14847698651855679,0.46405202051520833,0.0
0.16978736137999226,0.4641007305043447,0.0
0.19110374584980405,0.4641374324657236,0.0
0.2124124034678296,0.46415877790426624,0.0
0.2336990834338806,0.46416099011238654,0.0
0.25495157818130426,0.46414341169447537,0.0
0.27616533921712766,0.46410753465833465,0.0
0.2973462650680148,0.4640617251265996,0.0
0.3185157461489459,0.46403230654716515,0.0
0.3397216603588494,0.46409904282947606,0.0
0.36108744651165847,0.46461059745007643,0.0
0.38274010611534826,0.4675119751969551,0.0
0.4023420686265577,0.46901977858172644,2.0
0.47837491714199853,0.4661369440343768,2.0
0.5026785981818555,0.46870657711290453,0.0
0.5240448897939194,0.4694850016562908,0.0
0.5473478485270193,0.4674030313712316,0.0
0.5701210302970044,0.4665491267181992,0.0
0.5924440435265553,0.46605022674344515,0.0
0.6144652737840002,0.4656470985948406,0.0
0.6362610305257629,0.465272608862566,0.0
0.6578707925642697,0.4649289395758522,0.0
0.679313910966998,0.4646891914227144,0.0
0.7005771537214839,0.46460421952667263,0.0
0.7216543886521217,0.4647172345663333,0.0
0.7426480158067023,0.46513202337708925,0.0
0.7636055118656161,0.46591165235838206,0.0
0.7841793705668296,0.46688021850651795,0.0
0.8039369382266474,0.4671966276105792,0.0
0.8235946109189896,0.46721005118038034,0.0
0.8434906828118355,0.4677683316360655,0.0
0.8571791990473032,0.4545066473843428,0.0
0.033792503125224256,0.48076059226054035,0.0
0.05411667579831569,0.48200596287343944,0.0
0.07486813714450656,0.4820353311606083,0.0
0.09583199082583221,0.4821762278690411,0.0
0.11693169045230171,0.4822504841869932,0.0
0.13810344661988336,0.4822925819444749,0.0
0.15932315645193765,0.48232870286597995,0.0
0.18056709125168796,0.4823649218023117,0.0
0.2018128795787094,0.48240109125794844,0.0
0.2230381638543201,0.48243241939453246,0.0
0.24422234843654697,0.4824530043681485,0.0
0.2653492819355736,0.48245551730139746,0.0
0.2864096743113854,0.4824330343813147,0.0
0.30740544688290855,0.48238279937073125,0.0
0.3283594257383277,0.482316107802718,0.0
0.3493445881816568,0.4822878314795308,0.0
0.3706271531216212,0.4827696669126134,0.0
0.39306866565923837,0.48792127824338555,2.0
0.4884642270442087,0.48260463464014924,2.0
0.510658804357661,0.4886801824605363,0.0
0.5353035390865771,0.48462771255055304,0.0
0.5584557756844912,0.4841173614593005,0.0
0.58091446583589,0.48391815228600676,0.0
0.6030129662775695,0.48373927550021045,0.0
0.6248714860299904,0.4835395640656342,0.0
0.6465466605899637,0.4833251077718978,0.0
0.6680786375184996,0.4831437385558321,0.0
0.6895123265482179,0.4831194132168283,0.0
0.7108104136529481,0.48328915427162383,0.0
0.7319607793879108,0.4835703746163841,0.0
0.7531455314709927,0.4840937558107072,0.0
0.7744248277400221,0.4852616288948349,0.0
0.7952516194659791,0.4867850784488121,0.0
0.8150566324868448,0.486396638456646,0.0
0.8361494764050308,0.4851659844252777,0.0
0.8596063412590047,0.47792347535816093,0.0
0.8795190322090508,0.4798354824015457,1.0
0.024656281742730973,0.5003486528442791,0.0
0.04419790444747827,0.5005955043898035,0.0
0.06489422227006003,0.5006150134565794,0.0
0.08567862374085117,0.5006214646871993,0.0
0.10665144684162922,0.5006181656007084,0.0
0.12773460922355787,0.5006157079345763,0.0
0.14888691925004313,0.5006158541034685,0.0
0.17008136754783604,0.500632449989555,0.0
0.191292256146761,0.5006678150020405,0.0
0.21249342482604144,0.5007192900093259,0.0
0.2336577118023981,0.5007787238048023,0.0
0.2547597068742981,0.5008350855454304,0.0
0.27577493035270706,0.5008746571910653,0.0
0.29667858813077325,0.5008827579551175,0.0
0.3174415537332111,0.5008467729623147,0.0
0.3380235078241318,0.5007585236204114,0.0
0.35837316013553827,0.500606949672215,0.0
0.3787548395605897,0.5003797456384299,0.0
0.49158173719203785,0.5007773476276183,2.0
0.5253957232752505,0.5012610132606866,0.0
0.5476237738008308,0.5014979412981485,0.0
0.569737548482912,0.5016355799787771,0.0
0.5917442508078554,0.5016933524111585,0.0
0.6136025793995028,0.5016824054840928,0.0
0.6353067866788268,0.5016154607840799,0.0
0.6568762540976824,0.5015156071144112,0.0
0.6783611883987495,0.5014463227506344,0.0
0.6998442503165891,0.5016231417729368,0.0
0.7212332078210274,0.5020160632561931,0.0
0.742453284904093,0.502323551629543,0.0
0.763857375288788,0.5028547026613123,0.0
0.7857194926336863,0.5046111758524348,0.0
0.8068784276913339,0.5070356221550018,0.0
0.8256056890863307,0.504327950687742,0.0
0.8474401250666896,0.4992297114739804,0.0
0.865256554042921,0.4983764691376961,0.0
0.03386579638826799,0.5201944637728965,0.0
0.05442575763613294,0.5191696760363975,0.0
0.07525127187191934,0.5191951312864393,0.0
0.09621965865028896,0.5190723765566788,0.0
0.11728332007393792,0.5189998655281838,0.0
0.13841531764978127,0.5189497318789784,0.0
0.159593082216331,0.5189278567502086,0.0
0.1807991031877908,0.5189415810633995,0.0
0.2020125504315348,0.5189922362716699,0.0
0.22320955890910033,0.5190748984404917,0.0
0.24436525447165885,0.5191752249090733,0.0
0.265461151262283,0.5192750765190782,0.0
0.2864874661083768,0.5193507701547259,0.0
0.307450480166333,0.5193737303153496,0.0
0.3283855137821569,0.519307019146868,0.0
0.34938754813069517,0.5190746867653787,0.0
0.37073515714543476,0.5181697305550281,0.0
0.3931582318476377,0.5124329739599388,2.0
0.48790089679625853,0.5188439708083252,2.0
0.5102396603582265,0.5135395939132706,0.0
0.5346893102750531,0.5181618631422374,0.0
0.5577861577072987,0.5190495432582518,0.0
0.5802140404233819,0.5194434693939917,0.0
0.6022819283107093,0.5196708452125678,0.0
0.6240979647990149,0.5197928212999622,0.0
0.645721982609896,0.5198299424049689,0.0
0.6672162088329598,0.519796638291517,0.0
0.6886781654608789,0.5197675732091606,0.0
0.7102808641394248,0.5201423213251906,0.0
0.731787905723991,0.5207767851944595,0.0
0.7529560331443724,0.5209234307228784,0.0
0.7745739594139797,0.5211460912828834,0.0
0.7974623419319061,0.5238520837645062,0.0
0.8200979896244874,0.5276511445378925,0.0
0.8373779411300363,0.5184272668278791,0.0
0.8747423857949026,0.5191466335635722,1.0
0.019575257828900388,0.5374756822948098,0.0
0.042638689281667176,0.5376134256831704,0.0
0.06413793922930261,0.5375981598021193,0.0
0.08547311450387685,0.537502624076492,0.0
0.1066756307226199,0.5373954849202568,0.0
0.12785974008862064,0.5373027872286315,0.0
0.14905774425705037,0.5372388225579948,0.0
0.1702789279305462,0.537214261438684,0.0
0.19151977515454993,0.5372396796191993,0.0
0.21276627125632241,0.5373175230069908,0.0
0.23399801325800026,0.5374396428576849,0.0
0.25519252500502965,0.5375802047975496,0.0
0.2763406777067035,0.5377073030710806,0.0
0.2974483064546522,0.5377750123763028,0.0
0.3185472437713961,0.5377182737790148,0.0
0.3397098134786644,0.537426116306949,0.0
0.3610835157889843,0.536540434904685,0.0
0.3827253884896954,0.5332111575357034,0.0
0.40233458532253225,0.5309707392217535,2.0
0.47730870583922924,0.5349859325313635,2.0
0.5015843991278189,0.5333617359714625,0.0
0.5229288627664364,0.5331599576916981,0.0
0.5461128730687328,0.5356817448652363,0.0
0.5688086375515518,0.536794676307402,0.0
0.5910635666143742,0.5374089704702687,0.0
0.6130031525742282,0.5378072614889169,0.0
0.6346873944773442,0.5380579409685887,0.0
0.656179521955256,0.5381686792472575,0.0
0.6775627090670271,0.5381326527506873,0.0
0.6989822287909082,0.5380222324612327,0.0
0.7207778585931399,0.5386566861399356,0.0
0.742347164587502,0.5397133736074782,0.0
0.7629790867860717,0.5393832670766588,0.0
0.7840711763029677,0.5387779442062332,0.0
0.8074848550577248,0.5425735141326652,0.0
0.8420688095969454,0.537595405332315,0.0
0.8561448059081288,0.5196895561206503,0.0
0.03382992036051718,0.5549914034370642,0.0
0.05440359306026804,0.5560676764286255,0.0
0.07528165331738967,0.5558954215020034,0.0
0.09628998599987267,0.555810843149318,0.0
0.11737901690799082,0.5556822811604429,0.0
0.1385309445361288,0.5555718068469394,0.0
0.1597357349380411,0.555496447878343,0.0
0.18098500226801717,0.5554725153522942,0.0
0.20226945237278027,0.5555136891929536,0.0
0.22357293746431656,0.5556222269156726,0.0
0.24487431593123735,0.5557838558138529,0.0
0.2661509115120898,0.555950484469225,0.0
0.28740981742594673,0.5560655274406463,0.0
0.3086875952442863,0.5560401412932231,0.0
0.3300749599460281,0.5557348124185186,0.0
0.3517453080332644,0.5548592724531036,0.0
0.37388152955301185,0.5526181747423915,0.0
0.3957282959471136,0.5502519024629089,0.0
0.41798923435587954,0.5440807058888174,2.0
0.43738345972833265,0.5498229233279857,2.0
0.45756585356887813,0.5473782774384487,2.0
0.4758914862389268,0.5540949946678175,0.0
0.49494713370499605,0.5515626289217479,0.0
0.5155068523924052,0.5519497773801442,0.0
0.5361869179508026,0.5524770602398885,0.0
0.5581323887829894,0.5539736607231643,0.0
0.5802057254410101,0.5549541545825847,0.0
0.6021392108329028,0.5556415472036772,0.0
0.6238612149419568,0.5561666944953861,0.0
0.6453495407836252,0.5565107514308691,0.0
0.6666604826064093,0.5566346186985187,0.0
0.6878937839251855,0.556483659678754,0.0
0.7092566210153933,0.5560735403200847,0.0
0.7314544262538909,0.557183433439417,0.0
0.753070936715023,0.5592272345601031,0.0
0.7717391455389707,0.5581717064828817,0.0
0.7918164782744226,0.5555208635820867,0.0
0.8267335475654439,0.5518803506366171,0.0
0.8510476082784304,0.5553357727567348,1.0
0.02450293569552409,0.574778800498554,0.0
0.044130134831956117,0.5746542704746195,0.0
0.06494633321313277,0.5745167560066774,0.0
0.08582256752960543,0.5743296490859804,0.0
0.10684730694136875,0.5741348645187989,0.0
0.1279581961204676,0.5739557959279209,0.0
0.14914010669829883,0.5738118729748356,0.0
0.1703832741817289,0.5737186868723821,0.0
0.1916822642497543,0.5736914969314516,0.0
0.21303160805323237,0.5737467994101578,0.0
0.23441514545232395,0.573885200078902,0.0
0.2558085344213697,0.5740834450034226,0.0
0.2771783649624832,0.5742525650282039,0.0
0.29854444121682805,0.5742969266966933,0.0
0.3199589137379877,0.5740577672984918,0.0
0.34152347463612803,0.5732860075599276,0.0
0.36330609921586293,0.5716078726711796,0.0
0.38489353190681225,0.5695631710387672,0.0
0.40631883636568344,0.5660752589067912,0.0
0.4254278420337758,0.5662435937916471,0.0
0.4467752682197218,0.5678002848921551,0.0
0.46574653562275903,0.5702071924945992,0.0
0.4871305024442884,0.5718614395269458,0.0
0.5070802537997303,0.5708661872622435,0.0
0.5275651341326465,0.5712155848943933,0.0
0.5483690877700096,0.5716587488114813,0.0
0.5698799179696985,0.5725897263051299,0.0
0.5916012140065731,0.5734002300151638,0.0
0.6132798695553273,0.5741281513313811,0.0
0.6347922047865941,0.574767093933719,0.0
0.6560620954692741,0.57515900586508,0.0
0.6771775397266793,0.5751985906407712,0.0
0.6983172196518064,0.5747202492965164,0.0
0.7197384303478326,0.5735556996585641,0.0
0.7433493733645082,0.5753403969715081,0.0
0.7664183455081097,0.5798585019353788,0.0
0.7851612475581603,0.5739324481961161,0.0
0.8079148716841252,0.5645072661968911,0.0
0.8186744536937463,0.5777045008698622,1.0
0.03379214567759701,0.5944691545367027,0.0
0.05430720841696752,0.5931334274202724,0.0
0.07518585477382964,0.5929580656686821,0.0
0.0962044038967235,0.5926476690329884,0.0
0.1173094024961517,0.5923932379598317,0.0
0.13848013436191195,0.5921729179622798,0.0
0.1597117916123549,0.5920009625604116,0.0
0.18100539522511153,0.5918898149783819,0.0
0.20236426295825183,0.5918558399072511,0.0
0.22379120646629003,0.5919233996902739,0.0
0.2452684198295129,0.5920930717036916,0.0
0.2667622555473519,0.5923346406701165,0.0
0.28820516373779265,0.5924887498223878,0.0
0.30962273708506116,0.5924145068340188,0.0
0.3310490177830473,0.5918809238771743,0.0
0.3525028619380031,0.5906495885164773,0.0
0.3738025999485437,0.5889546134411949,0.0
0.39495272835774176,0.5866906913565937,0.0
0.41506619356777924,0.585823551470923,0.0
0.4354808067572701,0.5859323682251226,0.0
0.45589835187050703,0.5883699501190796,0.0
0.4766640543800919,0.5895532743142643,0.0
0.4977489226995073,0.5904141190519482,0.0
0.5181326904966354,0.5901320953265226,0.0
0.538857829898366,0.5903034058352136,0.0
0.5598758227468713,0.5906029193020952,0.0
0.5813289572575246,0.5912523229905808,0.0
0.602901094016089,0.5920156827380427,0.0
0.6244193428181021,0.5928318712170032,0.0
0.6457528475575205,0.5936195551580418,0.0
0.6667403689135899,0.5940093065883881,0.0
0.6876611171176351,0.5937439637713732,0.0
0.7086663428104487,0.5926682629615393,0.0
0.7299005539614878,0.5896334217225285,0.0
0.7534042683888125,0.5931801080441593,0.0
0.7831777566602021,0.5973719825582932,1.0
0.0194697505015192,0.6121075703595804,0.0
0.04248856888909973,0.6118026435464803,0.0
0.06397559887367461,0.611456058133803,0.0
0.08532515516708893,0.6111502305337077,0.0
0.1065477643042943,0.6108501234091384,0.0
0.1277543744983715,0.6105728745926357,0.0
0.14898393505254562,0.6103302638566159,0.0
0.17026019639658105,0.6101356825195583,0.0
0.1915991890897274,0.6100044559238066,0.0
0.2130149396748283,0.6099568516929675,0.0
0.2345220805002696,0.6100356667131127,0.0
0.25609600164609647,0.6102463855322785,0.0
0.27768410574064595,0.6105667233704061,0.0
0.2991364173936013,0.610715624415003,0.0
0.3204812296910527,0.6105254249737735,0.0
0.3417009915254029,0.6097500054287033,0.0
0.36274826714967956,0.6084090150250419,0.0
0.383681546289806,0.6065812367613754,0.0
0.40431196292053,0.6054215324342649,0.0
0.4249496625922925,0.6049697072764781,0.0
0.44546908944898256,0.6060413944384144,0.0
0.46658814954740707,0.6076801628339744,0.0
0.4874660870949602,0.6087269304980549,0.0
0.508261444612497,0.6093537822152122,0.0
0.5288885305951219,0.6091357224381654,0.0
0.5498384337931399,0.6091296424970227,0.0
0.5710866672568239,0.6092864121359511,0.0
0.5925940559463907,0.6099128076118542,0.0
0.6141193237886113,0.6107537256738481,0.0
0.6355499171796473,0.611743758622709,0.0
0.6566281055819158,0.6128506712972595,0.0
0.6771916242542632,0.6130201138010848,0.0
0.6975309142154059,0.612362475138509,0.0
0.7178109292348097,0.6104110486197617,0.0
0.7351378887191768,0.606175556306338,0.0
0.7509611625106654,0.6128315771058696,0.0
0.03367859334674915,0.6293977421534287,0.0
0.054241765286397646,0.6300973822619427,0.0
0.07507503294023499,0.6296534209866066,0.0
0.09606369214524371,0.6293541606285942,0.0
0.11714212686304448,0.6290274450998378,0.0
0.1382911943887721,0.6287226905138616,0.0
0.15950524924684947,0.6284512632038667,0.0
0.1807876260442367,0.6282272431993755,0.0
0.2021484941699223,0.6280666089608868,0.0
0.22360419445432045,0.6279927499006107,0.0
0.2451847507494691,0.6280855323554925,0.0
0.26684941108511107,0.6283640266088019,0.0
0.2885180456516614,0.6288602032181209,0.0
0.3098681606370288,0.6290622033166633,0.0
0.3309757182290314,0.6288247805137108,0.0
0.35182582249382227,0.6279269120797984,0.0
0.37255379749703293,0.6263733870657173,0.0
0.3932444299508573,0.6247893202949214,0.0
0.4142433873963515,0.6240100734458855,0.0
0.43507874401427304,0.6243073157052279,0.0
0.45616947731390284,0.6252808748070506,0.0
0.4774048215381299,0.627023605976723,0.0
0.4980180755916928,0.6281224547376977,0.0
0.5187387289669749,0.6282765037716551,0.0
0.5395108244873321,0.627857633323648,0.0
0.560754560232029,0.627631035891537,0.0
0.5821428442353357,0.6278164761801429,0.0
0.6037640961653841,0.6285795236771281,0.0
0.6253795332682103,0.6295589538028761,0.0
0.6467539845418119,0.6309942864213527,0.0
0.6681846180364139,0.6322382304971568,0.0
0.6890041983664795,0.6318169761476505,0.0
0.7118951147948568,0.6287090915634675,0.0
0.7341791630770207,0.6271261617311242,0.0
0.7576452448922872,0.6280997609170664,1.0
0.02434430868885316,0.6493937656271356,0.0
0.04393971085976693,0.6488795326920873,0.0
0.06470341863276151,0.6484428740904778,0.0
0.08553016774739608,0.647998258508583,0.0
0.10651558775569658,0.6475877435839802,0.0
0.12759118410947765,0.6472040660400227,0.0
0.14873997994496166,0.6468545550332537,0.0
0.16995493138628573,0.6465451719069992,0.0
0.19123965651037667,0.6462836225576617,0.0
0.21260724866340996,0.6460831580359203,0.0
0.23408079756903408,0.6459656953916888,0.0
0.2557242650137339,0.646084071540279,0.0
0.2774712627421383,0.6464809319341521,0.0
0.29922422883132255,0.647360823104792,0.0
0.32031929009915316,0.6477067317658732,0.0
0.3410673813000116,0.6474517308067053,0.0
0.3615921891266314,0.6462567591951546,0.0
0.3822015378888875,0.6444529784466381,0.0
0.4031253893770418,0.6427514294243489,0.0
0.4244533215433001,0.6427205895116062,0.0
0.4457318278009008,0.6431658865681115,0.0
0.4668707899709809,0.6444218087535118,0.0
0.48798216718906734,0.6469162150793988,0.0
0.5085302366611897,0.647368323608129,0.0
0.5291891891119083,0.6470554793121391,0.0
0.5502221566177556,0.6460981270662373,0.0
0.5715888854339644,0.6460315216299204,0.0
0.5929807145731809,0.6462571600093338,0.0
0.6148259184678322,0.6471918325419418,0.0
0.6360103208080106,0.6488220167701645,0.0
0.6576921104528333,0.6500444559901437,0.0
0.6795353729299556,0.6517500059853083,0.0
0.6971356552537703,0.6623680676938015,0.0
0.7033735562248453,0.6458947162038363,0.0
0.7257763018146887,0.64519651264228,0.0
0.033636328865199884,0.668930017851665,0.0
0.05404831461876608,0.6672480723993507,0.0
0.07486547405997095,0.6667891158365842,0.0
0.09582044463034838,0.6662373010439171,0.0
0.11686343333715894,0.6657692836680754,0.0
0.13796642970491005,0.6653429861647505,0.0
0.15912089316718178,0.6649588826052041,0.0
0.18032692690851593,0.6646158867560128,0.0
0.20159226508618144,0.6643161947521511,0.0
0.22293460703856907,0.664069084287783,0.0
0.2443836187055884,0.6638822747865586,0.0
0.26607298379224426,0.6640495685469521,0.0
0.28789500064385515,0.6646298980902748,0.0
0.3097952971170661,0.6662944021501215,0.0
0.3304309248521465,0.6667899807349604,0.0
0.350803885768997,0.6662838350836099,0.0
0.3713222389299444,0.6644024050487586,0.0
0.3922372335851143,0.6621341552494854,0.0
0.41310889627798963,0.6606389818989314,0.0
0.435267728376564,0.6610643344604332,0.0
0.45631451741082085,0.6622626426258509,0.0
0.4766413204336427,0.6640469181561521,0.0
0.4989084117346074,0.6666852341432218,0.0
0.5190517052852753,0.6665201737785453,0.0
0.5400760112320884,0.6651818223797096,0.0
0.5608672761494251,0.6642822070115628,0.0
0.5822229183690321,0.6644956632549612,0.0
0.6037500526658818,0.6643702490439657,0.0
0.624491843373644,0.6669562883344193,0.0
0.6454344601418179,0.6678853283660625,0.0
0.665789438301919,0.6696150368543745,0.0
0.6850198440495833,0.6753084174166016,0.0
0.7181837524474757,0.6633589907250163,0.0
0.738560808869823,0.6632627041918349,1.0
0.019308378170486726,0.6868295525819422,0.0
0.04225195360387872,0.6861607835500874,0.0
0.06366392493022285,0.6854714816497245,0.0
0.08493774080903135,0.6849037605529098,0.0
0.10607733568404938,0.6843768106032383,0.0
0.12719004060775557,0.6838958381562382,0.0
0.1483066828264806,0.6834549853319312,0.0
0.1694429578158588,0.6830526311075629,0.0
0.19060765571337926,0.6826862437614387,0.0
0.21181117322861323,0.6823531869783251,0.0
0.2330734741339462,0.682056486124645,0.0
0.25442288620639447,0.681753140413667,0.0
0.2761295827952518,0.6820052941802571,0.0
0.2979953819488245,0.6828034630688132,0.0
0.32022207717940043,0.6860060928528604,0.0
0.3400076374450945,0.6862893396419927,0.0
0.3607323959112178,0.6845865482058546,0.0
0.38196911943440987,0.6817355187303008,0.0
0.4024413859505674,0.6800904215191497,0.0
0.42375038097714623,0.6774632416171007,0.0
0.44622722857191,0.6800737091776915,0.0
0.46495615246403976,0.6830505440012494,0.0
0.4862715152284157,0.6817379393614191,0.0
0.5102842608286029,0.6869999980995426,0.0
0.5305765034211261,0.6843082934258095,0.0
0.5510741862023572,0.6837351714832549,0.0
0.5711515554882942,0.6824705410821684,0.0
0.5936804721439128,0.6822436811914977,0.0
0.6124677125042146,0.6846261369335802,0.0
0.6341530805217293,0.6862999794286146,0.0
0.6526274505665267,0.6885271069398876,0.0
0.67269318789492,0.6905824116733912,0.0
0.6945532891963264,0.6948126796364371,0.0
0.7076390444032038,0.6802821892375409,0.0
0.03347040274249788,0.703930862888162,0.0
0.05399287648000757,0.704304576565513,0.0
0.07473373495783096,0.703578851276866,0.0
0.09562530867311307,0.7030455725190982,0.0
0.1165916792374643,0.7025160839287984,0.0
0.13760545834288496,0.7020292419476197,0.0
0.1586471838564242,0.701582541426299,0.0
0.17970440362046672,0.7011744081899208,0.0
0.20076961246316144,0.7007985006372739,0.0
0.22184211005845098,0.700444154684656,0.0
0.24293541216142417,0.7001026228573607,0.0
0.2640511005803132,0.699592289474249,0.0
0.28569162544902743,0.7000089061541079,0.0
0.3074819882072464,0.7008339606909811,0.0
0.3298975236825261,0.7072951261933856,0.0
0.3498420422465172,0.7043961525333811,0.0
0.3728753594186495,0.7009725031545205,0.0
0.39292978495493197,0.7002383801610474,0.0
0.4143867917735588,0.6963522512417328,0.0
0.43493124168709935,0.6941898671486121,0.0
0.45238360402862093,0.7037727152971225,0.0
0.47268597217183483,0.7007940453624584,0.0
0.49365136891294753,0.6978185741259234,0.0
0.5080078423437069,0.7103412435341836,1.0
0.5402494962649463,0.7046587203314087,1.0
0.5534710838327224,0.7040944763700059,1.0
0.5849738796391011,0.697678430910147,0.0
0.6028531879923982,0.7055370677276762,0.0
0.6226569608325967,0.7016551991254686,0.0
0.6403537429234837,0.7097345967219408,0.0
0.6598300596102135,0.7074862631051422,0.0
0.6816766290761287,0.7091666018388705,0.0
0.7155705350545143,0.6994051632302442,1.0
0.024171027096956486,0.7241004774119516,0.0
0.04370601436996395,0.7232576517242577,0.0
0.06439942358430041,0.7225475908342021,0.0
0.0851385922148003,0.72185476866917,0.0
0.1060199133907344,0.7212416041861215,0.0
0.1269623526133035,0.7206888703498139,0.0
0.14793274473327644,0.7201966895682589,0.0
0.16890116091084412,0.7197603716291928,0.0
0.18983950873975156,0.7193739702303248,0.0
0.2107149163845182,0.7190275948357063,0.0
0.23148293329763958,0.7187046403089905,0.0
0.2520823733668865,0.7183894299161874,0.0
0.2723224846557326,0.7176064623012132,0.0
0.29289626910906325,0.7184738607134253,0.0
0.3121779661548472,0.7188683091345441,0.0
0.34404801496240234,0.7270873930055114,0.0
0.3638040702575295,0.7174654760399819,0.0
0.38487605319614515,0.7208277121412894,0.0
0.4075818783743563,0.7143061763453414,0.0
0.4240861793612247,0.7292951574517663,1.0
0.430454496058886,0.7118494644872659,0.0
0.4657154174689379,0.7213113262908584,1.0
0.5839697364363725,0.7168795375076593,1.0
0.6191396598555188,0.7203527919723364,0.0
0.6347676733823985,0.7324365772991103,0.0
0.6694851291375796,0.7251828818043772,0.0
0.6874773163067962,0.7298195261722216,1.0
0.03345772421099408,0.7435041761344845,0.0
0.05377951384713822,0.7415108456379464,0.0
0.07453974362080017,0.7407990871217309,0.0
0.09541884841971303,0.7400366840811341,0.0
0.11636047945956782,0.7394066564883333,0.0
0.13731918056878828,0.7388615628601166,0.0
0.1582659921365901,0.7383975882576432,0.0
0.1791725931244465,0.7380087672535994,0.0
0.20000642695647097,0.7376902352557347,0.0
0.220725121706226,0.7374345315179837,0.0
0.24127388057031796,0.7372233276256404,0.0
0.2616040542682322,0.7370194900662687,0.0
0.28143382643572673,0.7358410567032276,0.0
0.3251151253640949,0.7302943848931313,0.0
0.34679068833084037,0.7502486952442411,1.0
0.364841401136363,0.7349056765522063,0.0
0.3855218944966504,0.7423873948295996,1.0
0.6155815059496959,0.7413141639064865,1.0
0.6511264144971982,0.7494375414933194,1.0
0.6524479004159952,0.7289106404300024,0.0
0.019144400010792692,0.761601529909313,0.0
0.04204773011874462,0.7606087750463074,0.0
0.06342251910292321,0.7596125549207752,0.0
0.08466219120371328,0.7588203130034659,0.0
0.10574977649239446,0.758124225657234,0.0
0.12677971007144975,0.7575328841789561,0.0
0.14776710557719303,0.757036849357911,0.0
0.16870862512659687,0.7566346626246239,0.0
0.18958690927143326,0.7563261604315908,0.0
0.2103675727565419,0.7561152220545037,0.0
0.2309817731897707,0.7560075707757723,0.0
0.2512852219046332,0.7559915564288276,0.0
0.2709644994199529,0.7560748158586644,0.0
0.3059083757181239,0.7593372196893649,1.0
0.03329732962293692,0.7784850977787693,0.0
0.05384753498994162,0.7785521660763681,0.0
0.07459256736902536,0.7775699760007914,0.0
0.09549269113234021,0.776851764187125,0.0
0.11645148465520613,0.7762034767362391,0.0
0.13743428134457578,0.7756613906769368,0.0
0.15841911116813123,0.7752206114893627,0.0
0.1794032162513016,0.7748774302506163,0.0
0.2004043073622015,0.7746297598595039,0.0
0.2214701111411655,0.7744782188765825,0.0
0.24270225295550354,0.7744127785387128,0.0
0.26429214318098987,0.7743772716401666,0.0
0.2866139591806827,0.7737730946355423,0.0
0.288962706274485,0.7540359895345206,0.0
0.02405695915701253,0.798781323755475,0.0
0.0435958536913085,0.797590092654171,0.0
0.06435032724147528,0.7965891898318685,0.0
0.08516520847786947,0.7956714219298575,0.0
0.10611487234265608,0.7949196693464929,0.0
0.12710452038240147,0.7942988338836438,0.0
0.14809863710141546,0.7938013272460276,0.0
0.16908182588952056,0.7934080115820656,0.0
0.19005502619611328,0.7931021363705769,0.0
0.21102858013916478,0.7928700456584118,0.0
0.23201431323163665,0.7926919149039642,0.0
0.253006823914842,0.7925234559249383,0.0
0.2739382116636912,0.7921379454338165,0.0
0.29384022104062696,0.7931382176838185,0.0
0.3129038519180817,0.7982489434905041,0.0
0.3263142652948196,0.7851757017727465,1.0
0.3587653293850756,0.7926202440148322,1.0
0.03337539569621163,0.8179668259063743,0.0
0.05377383642913494,0.8155737292528692,0.0
0.07468934620006441,0.8145806048826323,0.0
0.0957142465419026,0.8136497463874027,0.0
0.11677402899389544,0.8129392217469974,0.0
0.13781290849214042,0.8123849316911632,0.0
0.1588173147798412,0.8119528000312404,0.0
0.1797917294359376,0.8116122430445599,0.0
0.2007475086682977,0.8113421487675995,0.0
0.2216953960812694,0.8111302666445257,0.0
0.2426311452834124,0.8109661234387524,0.0
0.26352003314626093,0.8107979080926856,0.0
0.28401515635242164,0.8114094494843556,0.0
0.30421624393512325,0.8137942605147271,0.0
0.3276201621382052,0.809735225793474,0.0
0.34733938594007807,0.8116234640968699,0.0
0.3670342652239674,0.8125660990346325,0.0
0.38752290216211543,0.811783154274905,1.0
0.019052995681974935,0.8362445446267034,0.0
0.04213620513421124,0.834721676106314,0.0
0.0637010699080393,0.8333232303889455,0.0
0.08513926829949268,0.8323128955302703,0.0
0.10640682587514856,0.8315249408879042,0.0
0.12755703339048685,0.8309377849836124,0.0
0.14861359298431734,0.8304889314757165,0.0
0.1696035576041099,0.830132658052029,0.0
0.19055477641050989,0.829841064194191,0.0
0.2114872442888407,0.8296006772187872,0.0
0.23240777751140715,0.8294184630487296,0.0
0.2532949733374068,0.8293047915376602,0.0
0.27398311533100794,0.8296499958115362,0.0
0.29457964378621604,0.8308437987239166,0.0
0.316616725459054,0.8290803633487033,0.0
0.3365885055922954,0.8296195935101661,0.0
0.35698453875821473,0.8308686653221545,0.0
0.3776722767518585,0.8302703544529281,0.0
0.4062489503008213,0.849200730129674,1.0
0.033311957882674735,0.8525482391858522,0.0
0.054177108895814174,0.8521517562322719,0.0
0.07518523576709901,0.8508911775427742,0.0
0.09633834100725258,0.850045114043955,0.0
0.11748062839829292,0.8494409491355852,0.0
0.13854263422092533,0.8490003357936423,0.0
0.1595284906734991,0.8486541390860346,0.0
0.1804635170050535,0.8483564382446122,0.0
0.2013810926166635,0.8480939599176547,0.0
0.22229638660188478,0.8478749723886972,0.0
0.24320612523779717,0.8477400877239206,0.0
0.26400814230051795,0.8479226606463766,0.0
0.284758353853436,0.8485627653607404,0.0
0.3061292840137719,0.8479122852862082,0.0
0.32647874751082695,0.8482362444160763,0.0
0.3466658380488594,0.8489136920931118,0.0
0.36707482427828964,0.8493006818404006,0.0
0.3867871751807729,0.8480163594745822,0.0
0.024249222487318173,0.8728824918114404,0.0
0.044020876458451694,0.8710646616527825,0.0
0.06508944807525438,0.8697134933240874,0.0
0.08621380475485131,0.8685977374651145,0.0
0.10739109457507609,0.8678894432325805,0.0
0.1285267549546471,0.8674728581570234,0.0
0.14953737563769778,0.8671639652181996,0.0
0.17046514834641613,0.8668900171298732,0.0
0.19136104794144834,0.8666105825636021,0.0
0.21227457411242703,0.8663474092086063,0.0
0.23321776190801513,0.8661385882937436,0.0
0.25410590064525335,0.8661953600813022,0.0
0.27497831045177756,0.8665496780300884,0.0
0.29613053121320654,0.86639632120379,0.0
0.31682890417516857,0.8667098998591383,0.0
0.3373850624239437,0.8672795951918492,0.0
0.3578882984015329,0.8677296704227996,0.0
0.37806016424849026,0.868059316860988,0.0
0.3959795899784182,0.867153533953928,0.0
0.033843651513177295,0.8913342650012542,0.0
0.05465602713693543,0.8884598236975478,0.0
0.07598353507637783,0.8871943776127427,0.0
0.09723604483034877,0.8863037340426657,0.0
0.11844170098495102,0.8858057091472751,0.0
0.1395920030598193,0.8856152973641804,0.0
0.16054736766162495,0.8854206000385517,0.0
0.18142511868670566,0.8851677788086544,0.0
0.20231347571441755,0.8848464701963207,0.0
0.22330227878471573,0.8845312361070339,0.0
0.2442313904095135,0.8844725944184947,0.0
0.26517044090562975,0.8846341725443897,0.0
0.2862567227638968,0.8846639546909979,0.0
0.30719949001513597,0.8849432986086055,0.0
0.3282433294186169,0.8853420873193859,0.0
0.34967318722455665,0.8856774716865293,0.0
0.37174932779075504,0.8856514275742265,0.0
0.39500563771137603,0.885984219702236,0.0
0.41979642288256325,0.8871552329505545,1.0
0.019645453127126993,0.9094308652743524,0.0
0.043343602176482615,0.9072961096761296,0.0
0.06537964218797597,0.905544471727962,0.0
0.08697768787549116,0.9046661725150162,0.0
0.10826741008792058,0.9040884689303968,0.0
0.1294813542174524,0.9038035458262198,0.0
0.15068450637033756,0.9038871414591206,0.0
0.17157779829277386,0.9037510568950651,0.0
0.19243119093930938,0.9034259874792042,0.0
0.21345220645538235,0.902913006332057,0.0
0.23440010638057301,0.9027981469921963,0.0
0.25529561123546635,0.9028158422298465,0.0
0.27620628434577965,0.9029020708980803,0.0
0.2969755801482301,0.9031797454954335,0.0
0.3177150866729359,0.9034898411068328,0.0
0.3384378131899957,0.9037338706964736,0.0
0.3589907907234336,0.9038542554570516,0.0
0.37890171300886094,0.9033417357958868,0.0
0.3950428115918407,0.9082074334474058,0.0
0.4102098814364847,0.9011709716519193,0.0
0.03508743422516818,0.9247252080313796,0.0
0.05640229682635335,0.9238408247600813,0.0
0.07745118171924542,0.9229578697671038,0.0
0.09843660004987441,0.9224593080339029,0.0
0.11939295135106742,0.9220450084279279,0.0
0.14050871311289626,0.921877042227424,0.0
0.16184997233431048,0.92230312097743,0.0
0.18267199242302226,0.9220940131787424,0.0
0.20380610627272017,0.9213327090896136,0.0
0.22471145986983004,0.921115067442944,0.0
0.24565152895879466,0.9211023987598149,0.0
0.2664195336261425,0.9211946376396991,0.0
0.2870561556607328,0.9215078392798676,0.0
0.30775820157522277,0.9217881833133299,0.0
0.32852625306404126,0.9220694532534824,0.0
0.34921315339921494,0.9223703009019747,0.0
0.3699690377887313,0.9224907845378599,0.0
0.3895707175292411,0.9255452603286398,0.0
0.4108981999836648,0.9233402752313229,0.0
0.4322014239149251,0.9292341292221109,1.0
0.0248825149384468,0.9441571053411041,0.0
0.04642799404060164,0.9419919503931101,0.0
0.06769147778275274,0.9413990553208937,0.0
0.0885571853167022,0.9409582935057484,0.0
0.10928341516895693,0.9405921173433623,0.0
0.130042386434244,0.9401118380222836,0.0
0.1512395551391685,0.9398711367098082,0.0
0.17304990451779229,0.9408536602897473,0.0
0.19447972546582837,0.9396918748276981,0.0
0.21534959255024455,0.9395690559434364,0.0
0.23619378154545712,0.9392966697709503,0.0
0.2569958545435639,0.9396071607120215,0.0
0.27726996306062557,0.9399823340660718,0.0
0.2977612174229182,0.9401499017692815,0.0
0.3184716415045033,0.9403515836821108,0.0
0.33900234156867665,0.9408472744894104,0.0
0.35956813250259345,0.9409829264313446,0.0
0.3797891254964896,0.942673352897053,0.0
0.40092282653061667,0.942950605115265,0.0
0.4195460855964053,0.9425637377294119,0.0
0.039289414975291065,0.9605723568384068,0.0
0.0593008735373254,0.959936472293507,0.0
0.07920752566465078,0.9596994004589979,0.0
0.11857500372518573,0.9592942295627606,0.0
0.13774996285004404,0.9586235217131583,0.0
0.15655921028664443,0.9583479850799899,0.0
0.1743063225474925,0.9598184779941396,0.0
0.1915916786120584,0.958006227565219,0.0
0.20987654097003833,0.958532526612006,0.0
0.22889936220223178,0.958026196882853,0.0
0.24856402223001978,0.9578563512873078,0.0
0.26839179509412253,0.9589855292750681,0.0
0.2880151676164592,0.958819881415209,0.0
0.3085109929204046,0.9586243281694233,0.0
0.3288772364948746,0.9593050531470702,0.0
0.34958429102841176,0.9595143530943469,0.0
0.37058398800577397,0.9599271864121796,0.0
0.39289267019464763,0.9602555802278583,0.0
0.416245648136528,0.9609337063431874,0.0
0.43749790777771963,0.9742687196407604,0.0
0.4529186146092865,0.957207370449188,1.0
0.00019876424940624092,0.9800828469366976,1.0
0.018490331913940568,0.978218782139013,0.0
0.05363823747290611,0.9790298896435651,0.0
0.09906236753162499,0.959545721526261,0.0
0.10952543398890069,0.9789743056551337,0.0
0.12816595713566048,0.9786396759717486,0.0
0.16537920728181438,0.9784398316372714,0.0
0.1848317564970301,0.9782598060743353,0.0
0.20300480524747397,0.978063131639955,0.0
0.22197140121953535,0.9778482153438632,0.0
0.24048735379902167,0.977020825564883,0.0
0.2589850551797607,0.9775043100100503,0.0
0.2787755714929586,0.9787031209983519,0.0
0.2981488349908282,0.9771182669847119,0.0
0.3178050935143629,0.9778572023180073,0.0
0.33825497892475404,0.9780349119273957,0.0
0.3591061170719144,0.9780298968685402,0.0
0.37948401980694196,0.9778050359631432,0.0
0.4001916954574192,0.9778409087134915,0.0
0.4203562876227088,0.9786032859704705,0.0
0.4559607396731125,0.9791173908598374,0.0
0.4787694508887,0.9802746241166624,1.0
0.03572131682748499,0.9790894631665361,0.0
0.07215412325356088,0.9790840073517637,0.0
0.090664462997777,0.9787963847294867,0.0
0.1465760326725803,0.9779228377050501,0.0
0.15348330281177958,0.999752876905978,1.0
0.17758792220352781,0.9997090053758335,1.0
0.21438921276080858,0.9996420023870628,1.0
0.23893513359377433,0.9995976139271379,1.0
0.2638005871338547,0.9995523393740711,1.0
0.300372039827278,0.9994857741529013,1.0
0.3251181183075412,0.9994407322054095,1.0
0.3491344776643433,0.999397293883992,1.0
0.38633205503997115,0.9993295869065144,1.0
0.4102449269798439,0.999286042043922,1.0
0.4348776950819858,0.9992414935710561,1.0
0.0017923271071463485,0.017214433975400012,1.0
0.020223825139007303,0.04412947555240529,0.0
0.018138091769526667,0.08646203419838148,0.0
0.0013800288789159788,0.11274726414456662,1.0
0.018444426437597864,0.14086123283442684,0.0
0.0012581652198297537,0.1879127690689546,1.0
0.01684448446006269,0.21346725910359615,0.0
0.0011366260349329996,0.2625205520494971,1.0
0.016455031595910677,0.2887842882765967,0.0
0.001015190900718841,0.33742145293574344,1.0
0.016120644605392028,0.364058869580609,0.0
0.0008940813004407501,0.4121215654784398,1.0
0.014983884826152507,0.44131677111787904,0.0
0.014670211150151186,0.48465958885757454,0.0
0.01472491514794601,0.5157718820664544,0.0
0.014684214713813315,0.5591179268495279,0.0
0.014635578518654458,0.5904875256104422,0.0
0.014583891772692167,0.6338412100204035,0.0
0.014491065674872917,0.6652690763713092,0.0
0.0144501222881845,0.7086426382649424,0.0
0.014332667722930936,0.740096052906715,0.0
0.014314168370695584,0.7834743648865684,0.0
0.014195874480412266,0.8148676481663509,0.0
0.014190233945664803,0.8581613431831885,0.0
0.014103527185587864,0.8888904618794647,0.0
0.015552621215418696,0.9296600426413476,0.0
0.01887942360943978,0.9604113452700124,0.0
0.009422065649738073,0.9997839211105045,1.0
