0.2829616552159013,0.5571895342976891,1.0
0.2727785398261862,0.5527880785124726,1.0
0.2625954244364711,0.548386622727256,1.0
0.2537701356958282,0.5423629890956383,1.0
0.2449448469551852,0.5363393554640206,1.0
0.2344982153371789,0.5348197118154464,1.0
0.2240515837191726,0.5333000681668723,1.0
0.2149292129949238,0.5289719226631637,1.0
0.2058068422706749,0.5246437771594553,1.0
0.1984586137576847,0.5172583090273846,1.0
0.1911103852446944,0.5098728408953139,1.0
0.1803449624481025,0.5068180231740647,1.0
0.1695795396515106,0.5037632054528153,1.0
0.1622369889279766,0.4955254009270827,1.0
0.1548944382044425,0.4872875964013502,1.0
0.1502328060670854,0.477195492636742,1.0
0.1455711739297283,0.4671033888721339,1.0
0.1416039020441044,0.4573028562954828,1.0
0.1376366301584805,0.4475023237188318,1.0
0.1379664429283633,0.4363202513724386,1.0
0.1382962556982462,0.4251381790260453,1.0
0.1382860690759865,0.4140973834408272,1.0
0.1382758824537269,0.4030565878556091,1.0
0.1331005773643902,0.3934552788913481,1.0
0.1279252722750535,0.3838539699270871,1.0
0.126254332236852,0.3727786066237091,1.0
0.1245833921986505,0.3617032433203311,1.0
0.117417186935874,0.3541731585509345,1.0
0.1102509816730976,0.3466430737815379,1.0
0.1009622851165433,0.3403826429308347,1.0
0.091673588559989,0.3341222120801316,1.0
0.0818480069122077,0.3287448444836768,1.0
0.0720224252644264,0.323367476887222,1.0
0.0612195958549465,0.320770723180043,1.0
0.0504167664454667,0.3181739694728639,1.0
0.0402705566872169,0.3136661386322472,1.0
0.0301243469289672,0.3091583077916304,1.0
0.022267956259646,0.3011990489368673,1.0
0.0144115655903248,0.2932397900821041,1.0
0.0072057827951624,0.2846614851828064,1.0
0.0,0.2760831802835087,1.0
0.0065516680510453,0.2478366787202796,1.0
0.0131033361020906,0.2195901771570506,1.0
0.024436036862881,0.1928940461029823,1.0
0.0357687376236714,0.1661979150489141,1.0
0.0615096640986359,0.1526575561525027,1.0
0.0872505905736004,0.1391171972560913,1.0
0.1166460095326745,0.1404169100601411,1.0
0.1460414284917487,0.1417166228641909,1.0
0.1750601094210225,0.1366535376135182,1.0
0.2040787903502963,0.1315904523628454,1.0
0.2336558985719692,0.1335758417406365,1.0
0.2632330067936421,0.1355612311184276,1.0
0.2920467863210697,0.1418079684769129,1.0
0.3208605658484972,0.1480547058353982,1.0
0.350333803921883,0.1457969495575165,1.0
0.3798070419952688,0.1435391932796348,1.0
0.4074844286624164,0.1329840156867303,1.0
0.4351618153295639,0.1224288380938257,1.0
0.4621905980482432,0.1101180546022992,1.0
0.4892193807669224,0.0978072711107726,1.0
0.5180755767214641,0.0908177452963689,1.0
0.5469317726760057,0.0838282194819651,1.0
0.5729893194100577,0.0700281852148358,1.0
0.5990468661441097,0.0562281509477065,1.0
0.6213736042240082,0.0402142797740774,1.0
0.6437003423039067,0.0242004086004482,1.0
0.6707727104063528,0.0121002043002241,1.0
0.6978450785087988,0.0,1.0
0.7212846633221148,0.0105234487694727,1.0
0.7447242481354307,0.0210468975389454,1.0
0.7723926171369714,0.031874609025748,1.0
0.8000609861385121,0.0427023205125507,1.0
0.8271857902965243,0.0544511698417199,1.0
0.8543105944545365,0.0662000191708891,1.0
0.8803701451142789,0.0802017819575214,1.0
0.9064296957740214,0.0942035447441538,1.0
0.9287183592658018,0.1129719787730831,1.0
0.9510070227575822,0.1317404128020124,1.0
0.9755035113787912,0.1480243129624267,1.0
1.0,0.1643082131228409,1.0
0.9984148947788718,0.1724211062805369,1.0
0.9968297895577436,0.1805339994382328,1.0
0.9952446843366156,0.1886467256021212,1.0
0.9936595791154872,0.1967594517660096,1.0
0.9920744738943592,0.2048723449237055,1.0
0.9904893686732308,0.2129852380814014,1.0
0.9889042634521028,0.2210979642452898,1.0
0.9873191582309746,0.2292106904091782,1.0
0.9857340530098464,0.2373235835668741,1.0
0.984148947788718,0.24543647672457,1.0
0.98256384256759,0.2535492028884584,1.0
0.9809787373464618,0.2616619290523468,1.0
0.9793936321253336,0.2697748222100428,1.0
0.9778085269042054,0.2778877153677387,1.0
0.976199040587177,0.2859955987112086,1.0
0.9745895542701486,0.2941034820546784,1.0
0.9729468361854204,0.3022048526396544,1.0
0.9713041181006926,0.3103062232246303,1.0
0.9696614000159648,0.3184075938096063,1.0
0.9680186819312367,0.3265089643945822,1.0
0.9663759638465088,0.3346103349795582,1.0
0.9647332457617808,0.3427117055645342,1.0
0.9630906946708604,0.3508130761495102,1.0
0.9614481435799398,0.3589144467344862,1.0
0.9598054254952118,0.3670158173194621,1.0
0.9581627074104838,0.3751171879044381,1.0
0.956519989325756,0.383218558489414,1.0
0.9548772712410278,0.39131992907439,1.0
0.9532347201501076,0.399421299659366,1.0
0.951592169059187,0.4075226702443419,1.0
0.949949450974459,0.4156240408293179,1.0
0.948306732889731,0.4237254114142939,1.0
0.946664014805003,0.4318267819992699,1.0
0.945021296720275,0.4399281525842458,1.0
0.9433785786355472,0.4480295231692218,1.0
0.9417358605508191,0.4561308937541977,1.0
0.9400933094598988,0.4642322643391737,1.0
0.938450758368978,0.4723336349241497,1.0
0.9368080402842502,0.4804350055091256,1.0
0.9351653221995224,0.4885363760941016,1.0
0.9178303630144788,0.4882798736057269,1.0
0.9004954038294353,0.4880233711173522,1.0
0.8835174774049029,0.4844383480571773,1.0
0.8665395509803706,0.4808533249970024,1.0
0.8492680494421907,0.4798334938143823,1.0
0.8319965479040107,0.4788136626317623,1.0
0.81492093010207,0.4767152184462695,1.0
0.7978453123001293,0.4746167742607768,1.0
0.7808139478571856,0.4713341769860489,1.0
0.7637825834142419,0.4680515797113211,1.0
0.7464451193220853,0.4672815712647744,1.0
0.7291076552299288,0.4665115628182276,1.0
0.7119276662982783,0.4640584237855292,1.0
0.6947476773666279,0.4616052847528307,1.0
0.6775713622987433,0.4594567424250774,1.0
0.6603950472308586,0.457308200097324,1.0
0.6430375438817978,0.4574741919420144,1.0
0.625680040532737,0.4576401837867048,1.0
0.6083258770598269,0.4573345851189145,1.0
0.5909717135869168,0.4570289864511244,1.0
0.5737232571941768,0.4552401487848027,1.0
0.5564748008014367,0.4534513111184811,1.0
0.5394801749961509,0.4564655493444991,1.0
0.522485549190865,0.4594797875705172,1.0
0.5053770336088398,0.4580962438750846,1.0
0.4882685180268145,0.4567127001796519,1.0
0.4767653165885303,0.4632663721563877,1.0
0.465262115150246,0.4698200441331235,1.0
0.4499896964820751,0.4780820627609486,1.0
0.4347172778139041,0.4863440813887739,1.0
0.419139260477943,0.4933623301380737,1.0
0.4035612431419819,0.5003805788873736,1.0
0.3908282993050052,0.5111540173867273,1.0
0.3780953554680286,0.5219274558860808,1.0
0.3617363080942233,0.5265273003146497,1.0
0.3453772607204181,0.5311271447432185,1.0
0.3292438219805934,0.536355052881929,1.0
0.3131103832407687,0.5415829610206394,1.0
0.298036019228335,0.5493862476591642,1.0
0.6842514555210804,0.006075774927009607,1.0
0.6964653444654751,0.013149839126200605,0.0
0.70979380233266,0.005364505558543333,1.0
0.6580263127260464,0.017797305323672248,1.0
0.6816376191369626,0.020065445330316088,0.0
0.6945583280269915,0.025469866149344093,0.0
0.7088577997663728,0.02076247687137569,0.0
0.722393277893725,0.02408629982625395,0.0
0.7336921039805175,0.016093900087995987,1.0
0.6331682456131007,0.03175456357782139,1.0
0.6557003790434542,0.031137200014876437,0.0
0.6699034032792234,0.028819124250823572,0.0
0.6844143086019185,0.034216241425976304,0.0
0.7016315129496682,0.035168089253389705,0.0
0.7157702277555187,0.03484536413482276,0.0
0.7325641693512247,0.03246289255045316,0.0
0.7468280132568637,0.03479784590132544,0.0
0.7586613046507057,0.026501011112255658,1.0
0.7860390707873505,0.037214998368397825,1.0
0.6108199296275525,0.04778391152195037,1.0
0.633507723383162,0.04585402109296494,0.0
0.6463194585666822,0.04128785520443435,0.0
0.6620683050598462,0.0430432243056058,0.0
0.675943000950508,0.04405163951702006,0.0
0.6920471978765264,0.045815329083423284,0.0
0.707696369978398,0.04742150972640049,0.0
0.7230550703076186,0.04574645740856827,0.0
0.7368457596250991,0.046251100544714645,0.0
0.7507136878349479,0.04829496385542962,0.0
0.761353343239199,0.04097332583495277,0.0
0.7738470138718971,0.046635286140016066,0.0
0.7881993871846363,0.05158393860092333,0.0
0.5867688204245869,0.06273058394311101,1.0
0.6112348614172296,0.06166750566886164,0.0
0.6242051073898436,0.05653253259947549,0.0
0.6401254925233708,0.056930901022306815,0.0
0.6539250349454141,0.055071489815446774,0.0
0.6687211439483604,0.0566683431372481,0.0
0.6836509823014544,0.05713421398035797,0.0
0.6990587507574886,0.0585587198331318,0.0
0.7149593374917157,0.05885068346819112,0.0
0.7296848712037536,0.05897567525931801,0.0
0.7446101125975422,0.05964811394676372,0.0
0.7612569390698622,0.057193051453199625,0.0
0.7759931090462545,0.05984555045653223,0.0
0.7907531186101671,0.06593084196254292,0.0
0.8022674341016784,0.05700394932926366,0.0
0.8139548626664377,0.048720320162382674,1.0
0.8408212815246144,0.0603572523717469,1.0
0.5720890326395919,0.08406921979084378,0.0
0.5862555998616343,0.07591362335109215,0.0
0.6007876811297018,0.07156260654910754,0.0
0.6177894787591416,0.07189387411065473,0.0
0.6319941750144267,0.06932995208675283,0.0
0.6471070786166102,0.06926809002666329,0.0
0.6613028907393624,0.0688949395957576,0.0
0.6762363549023162,0.06966005048056662,0.0
0.6911247038947295,0.0702739351262025,0.0
0.7065222273887026,0.07084278499981149,0.0
0.7216804354784871,0.07149205191785672,0.0
0.7366349279418077,0.07171185326864044,0.0
0.7520546657273004,0.07059163955333048,0.0
0.7658058382668905,0.07100204129922244,0.0
0.7796927454130995,0.07304446736617273,0.0
0.8031308107311925,0.07187890810549706,0.0
0.8152591545565153,0.06419626381101116,0.0
0.8284813505907594,0.06881262754510528,0.0
0.8422893524936478,0.07531090922517228,0.0
0.8668083449341957,0.07291504430188794,1.0
0.5600054678255799,0.07690441184560162,1.0
0.559334861361626,0.09065961047200909,0.0
0.583490472080623,0.08948111685435355,0.0
0.596959776452024,0.08588905235505159,0.0
0.6105478723919469,0.08377988563494143,0.0
0.6256920529900165,0.0835436699542743,0.0
0.6398826184818894,0.08223187962787436,0.0
0.654488439735989,0.08224600435681499,0.0
0.6689549984533951,0.08217602766149432,0.0
0.6837623337318041,0.08271866284234375,0.0
0.6987327206263582,0.08305496948562624,0.0
0.7137901281369072,0.08363861031330169,0.0
0.7289516456575562,0.08406239519996309,0.0
0.7442136072170541,0.08362407176566848,0.0
0.7588451659463928,0.08387337339901446,0.0
0.7735434733643387,0.08456488822362526,0.0
0.7898153624900441,0.08212233782764007,0.0
0.8036383485544685,0.08461589373716706,0.0
0.8170983042013922,0.07979692795131815,0.0
0.8309869958262994,0.08252536391801292,0.0
0.8536904785507864,0.08171244062657172,0.0
0.8672638702243853,0.08642774008292095,0.0
0.880598796878482,0.09454547031972069,0.0
0.5040703582846779,0.09421007864323447,1.0
0.5283005424631536,0.10138267963221816,0.0
0.5325961134677317,0.08730059194091896,1.0
0.5439711892653266,0.09759496371665174,0.0
0.5579910964062108,0.1023093211844452,0.0
0.5728631895551796,0.09930434863101008,0.0
0.5893548264719403,0.10032269041056367,0.0
0.6038193291086812,0.09800571223792723,0.0
0.6181476014832886,0.09644429574277374,0.0
0.6329299215852304,0.09598175357105052,0.0
0.6473004387794925,0.09528390823431859,0.0
0.6618972173622596,0.09524748854323291,0.0
0.6764840789891008,0.09531688667867008,0.0
0.6913112958112344,0.095611247918007,0.0
0.7061910908306502,0.09596110662815627,0.0
0.7212327119565394,0.09632657409475198,0.0
0.7364199256428144,0.09632991536535601,0.0
0.7512872697635704,0.09647509737543564,0.0
0.7662060058122628,0.09672211351074457,0.0
0.7817350490204814,0.09551864254717099,0.0
0.7959898779050931,0.0961585071106739,0.0
0.81170080605414,0.09511770927700153,0.0
0.8253968343127653,0.09424821209207285,0.0
0.8412663760210743,0.09227121829822592,0.0
0.8548703343483174,0.09585224002478701,0.0
0.868263400504451,0.09979803774483002,0.0
0.8926775691515174,0.10089414371724179,0.0
0.8933366503401614,0.08716866840598592,1.0
0.4755024091366067,0.10405493197133842,1.0
0.4873246742817713,0.11169692886843383,0.0
0.501354206175647,0.10805655376899513,0.0
0.5155311518444496,0.10601212769150802,0.0
0.5372002361210013,0.11029697029668643,0.0
0.5506190059035801,0.11249377520911313,0.0
0.5665454321475603,0.11283245721832864,0.0
0.5810506235388996,0.11161571457127688,0.0
0.5966290730309547,0.11171545650436941,0.0
0.6111841973749242,0.11018021642069395,0.0
0.6256048773221556,0.10912041074329087,0.0
0.6402176418955173,0.1086803266955927,0.0
0.6547002689790578,0.1082631833474517,0.0
0.6693113441944859,0.10823558072404738,0.0
0.6839881702091909,0.1082909536064589,0.0
0.6987860813127633,0.10852302285369321,0.0
0.713689889180352,0.10875253524536398,0.0
0.7287302373661162,0.1088640957610513,0.0
0.7436988166463071,0.10903330192003016,0.0
0.7586918912534993,0.10912849795914523,0.0
0.7739474214209792,0.10855754061539825,0.0
0.788640480925535,0.10867563393577477,0.0
0.8038314528742861,0.10801489086406127,0.0
0.8186713043119747,0.10781049035342674,0.0
0.8334115126817728,0.10609905845082669,0.0
0.847218712454876,0.10740505694262398,0.0
0.8615979498094732,0.11047092681914267,0.0
0.8780998463421386,0.10965074279792111,0.0
0.891426902404851,0.11345579203008312,0.0
0.9052563115434791,0.10894229258064692,0.0
0.9178821772496237,0.10384724290136474,1.0
0.4482707421184987,0.11645812305332484,1.0
0.4601719007366889,0.12457448292040194,0.0
0.4730845285257951,0.11884373345828003,0.0
0.48454633535927283,0.1251449404880113,0.0
0.49823710620044864,0.12223682165098819,0.0
0.5120015906212438,0.11999073908401446,0.0
0.5262528198876752,0.11859544593139641,0.0
0.5416819910218328,0.12359146927550771,0.0
0.5577138982433426,0.1243297795052266,0.0
0.5734001077794888,0.12467614522594525,0.0
0.588393710065509,0.12389294987934428,0.0
0.6036586201609405,0.12362312160778288,0.0
0.6183236377047533,0.12258363085137552,0.0
0.6328678527735747,0.12183757060547115,0.0
0.647481686989732,0.12145995308927135,0.0
0.6620543311318104,0.1211952349998105,0.0
0.6767166832761251,0.12115217305731783,0.0
0.6914342218812758,0.12121113086754877,0.0
0.7062581196452782,0.12134850508462372,0.0
0.7211760590180339,0.12143888100735654,0.0
0.7361146191141731,0.12156905689553874,0.0
0.751109974784008,0.12164295183734956,0.0
0.7662162681189475,0.12136933226830868,0.0
0.7810773046671822,0.12133360094248849,0.0
0.79611263842243,0.1209356016528182,0.0
0.8109443677936738,0.12066379541090266,0.0
0.8258441759466102,0.1199730239199226,0.0
0.8399246962106343,0.12012036302588068,0.0
0.8541932542692237,0.12165884847619773,0.0
0.8698663929935494,0.12192942764225735,0.0
0.884312833344028,0.12405644535331017,0.0
0.9009206113995013,0.12305514055819622,0.0
0.9156490342971989,0.11928415813716282,0.0
0.9391461349254471,0.12175281121773385,1.0
0.18936161153747727,0.13415825794850622,1.0
0.1972902671732895,0.14541674929204312,0.0
0.2113783354514999,0.14470659375635977,0.0
0.21905045304055218,0.13259543837602583,1.0
0.24380232491677828,0.13425692952435575,1.0
0.25346584310250453,0.1349056016735814,1.0
0.27746318342793286,0.13864628894343986,1.0
0.39395765779260816,0.13814264827391842,1.0
0.42045329150802474,0.1280381495123092,1.0
0.4316974022339949,0.13558024385603568,0.0
0.4463021274893493,0.13247416165535325,0.0
0.46011457514692033,0.13715182592680333,0.0
0.4740634060386708,0.1343804414129664,0.0
0.490645713824866,0.13624805423868083,0.0
0.5054067442584369,0.13429967674385235,0.0
0.5197273140127096,0.13269306437948475,0.0
0.5335514677014169,0.133629377417238,0.0
0.549394869981322,0.1357101237059916,0.0
0.5650641888324256,0.13646069402437075,0.0
0.5805998265532106,0.13664177498617058,0.0
0.5956792473064308,0.13616123148059245,0.0
0.6107601592345561,0.13580840200816957,0.0
0.6254849220435229,0.1350927501797906,0.0
0.6401125084780253,0.13455781394947774,0.0
0.6547584621727023,0.1342572376185298,0.0
0.6694019385866995,0.13406711977392113,0.0
0.6841022533461675,0.13402682023765247,0.0
0.6988631981536347,0.1340517853095227,0.0
0.7137048084862067,0.1341002505238523,0.0
0.7285859526394632,0.13417055014978588,0.0
0.743527703959838,0.1342152563749891,0.0
0.7585412557198851,0.13409308968787417,0.0
0.7734501731095005,0.13402675857992613,0.0
0.7884163893422519,0.13378097233360678,0.0
0.8032728468637147,0.13355713675739964,0.0
0.8181064919303155,0.13317062479070602,0.0
0.8326128389712232,0.1332217367393793,0.0
0.8470351963188545,0.13383701554102345,0.0
0.8621394648180928,0.1341323715492434,0.0
0.8770907990897464,0.13535759525264732,0.0
0.8933151480942682,0.134786903711507,0.0
0.9096599826353892,0.1333126558403373,0.0
0.9248357689682659,0.1299805532728532,0.0
0.9377738526042111,0.1353192110513314,0.0
0.9624675765755041,0.1393587501498606,1.0
0.07432395094763578,0.14591692686296343,1.0
0.08979579534135732,0.15113760550778824,0.0
0.10136044077229465,0.13974106157290883,1.0
0.10599500670061834,0.15130956589187178,0.0
0.13086321650505411,0.14104552113608984,1.0
0.15358398468519321,0.1523479492877427,0.0
0.160550657758974,0.13918509964021797,1.0
0.16892185195418447,0.15032082787221554,0.0
0.18343595479162356,0.14832995819542846,0.0
0.2043001824903886,0.15774639785574338,0.0
0.2252287950722119,0.14633740305319462,0.0
0.2390079968828222,0.14822601257940535,0.0
0.2529217753800899,0.1488371109667838,0.0
0.26726271517578787,0.14963474612723568,0.0
0.28208928812169876,0.15220480737293826,0.0
0.2974470839107361,0.15490700430547721,0.0
0.3069249430725632,0.14503350636639686,1.0
0.32821363251260854,0.15959514618404713,0.0
0.3358688016581646,0.14690502087255716,1.0
0.3593038843849141,0.15673314402181235,0.0
0.3652483407835601,0.14465444227184582,1.0
0.37527198230643133,0.15552721118191354,0.0
0.3913043284813005,0.15189571041341643,0.0
0.4060228331156895,0.14746771851627707,0.0
0.4204349874600438,0.1442530925997694,0.0
0.43742871233611275,0.1465456745671237,0.0
0.45165010352073276,0.14738375673073065,0.0
0.46780179754328766,0.14834458579308368,0.0
0.48234159108987307,0.1472614573187451,0.0
0.498145960692475,0.14777846804656247,0.0
0.5128886250862082,0.14661383677693368,0.0
0.527082397313447,0.1465169800704389,0.0
0.5416534869864397,0.14707363944258378,0.0
0.557065786553237,0.14821415394626342,0.0
0.5725286038223869,0.148713683361403,0.0
0.5878803149220263,0.1488160861848365,0.0
0.6029463518736723,0.14850359344133054,0.0
0.6179266606547444,0.1481728550890301,0.0
0.6326858534817625,0.1476703579031117,0.0
0.647368626172758,0.1472826851254262,0.0
0.6620527064693327,0.1470437403068168,0.0
0.6767435365425459,0.14690022734689814,0.0
0.6914800131491982,0.14684823476220035,0.0
0.706267192315012,0.14683277941711,0.0
0.7210993910066573,0.14685104589870743,0.0
0.7359811645615826,0.14685998915032297,0.0
0.7509150909658464,0.1467940787369043,0.0
0.7658174654114406,0.14673557058675565,0.0
0.7807373376388576,0.14657883822246512,0.0
0.7955967459168731,0.14641198869332075,0.0
0.8104179003199923,0.14617998317079658,0.0
0.825074076999688,0.1461546879668323,0.0
0.8396982071626021,0.14643959264826456,0.0
0.854595561208443,0.1465925279030093,0.0
0.8695648031745058,0.147146261315145,0.0
0.8853150214835052,0.14684266466965828,0.0
0.9011208976615749,0.14598654259878235,0.0
0.916494244025331,0.14467867893431063,0.0
0.9302611321291169,0.14570321939473624,0.0
0.9467997184263062,0.14659975039340117,0.0
0.9606090976764391,0.15195245953107614,0.0
0.9731589879151126,0.1613371551017112,0.0
0.048523899146315656,0.15948838713171665,1.0
0.06367203453861996,0.16417408509579454,0.0
0.07756026604378734,0.1601543345532495,0.0
0.09392085157274636,0.16254123477115173,0.0
0.10903079176549116,0.16288821699866113,0.0
0.12202573338423797,0.15528808156825158,0.0
0.13682596132922384,0.15431224586510575,0.0
0.1468609882905665,0.16375068122483327,0.0
0.16286510953150915,0.16312973320898644,0.0
0.1778141753120362,0.16196905934460012,0.0
0.19187245538659847,0.16037826267300054,0.0
0.2165455901160603,0.15932761743791826,0.0
0.22996754050566473,0.16051271075837925,0.0
0.24415452182008704,0.16163455615258182,0.0
0.2584221173371426,0.162181563976325,0.0
0.2726735632897219,0.16335645917166855,0.0
0.2874511236408255,0.16528645397461691,0.0
0.3026347598317079,0.16752324107296376,0.0
0.31304464135353066,0.15951150290854757,0.0
0.3315176237437451,0.17173517148927164,0.0
0.3434639655240424,0.15998303630808589,0.0
0.35550929677333437,0.16885614482405265,0.0
0.37048212992842844,0.1672637130740951,0.0
0.38618830092765033,0.16476125412453765,0.0
0.40139866373968786,0.161814263121655,0.0
0.41568907491730406,0.15886518405186453,0.0
0.42966600477254074,0.15789049514129727,0.0
0.44477165650008726,0.15980564701164426,0.0
0.4599310897733436,0.1599588422091018,0.0
0.4754579882407808,0.16044219291075534,0.0
0.4903377940266709,0.15987513611008564,0.0
0.5055978923406143,0.15995413149262191,0.0
0.5201973581946261,0.15967534580757975,0.0
0.5347645287243126,0.15976091947858545,0.0
0.5495417523600908,0.1601637425876314,0.0
0.5647533989916399,0.16078852965917764,0.0
0.5800223235435195,0.16110552086978738,0.0
0.5952181414865431,0.16115255905638912,0.0
0.6102336933606872,0.16093406634783916,0.0
0.6251512497773822,0.16065638235751567,0.0
0.6399265162681473,0.16029686840499563,0.0
0.6546450933905045,0.16000892880942283,0.0
0.669358423540776,0.15981870298233264,0.0
0.6840833615289388,0.15969667138911312,0.0
0.6988424499219605,0.1596294166730639,0.0
0.713634551090832,0.15959584040699226,0.0
0.7284669086033124,0.15957193195518474,0.0
0.7433367900862362,0.15951748728635545,0.0
0.758205322400971,0.159462143385734,0.0
0.7730840726454379,0.1593576375929933,0.0
0.7879297049118802,0.15923629445190127,0.0
0.8027418972184196,0.15908716400559716,0.0
0.8174655599307086,0.15903663176669144,0.0
0.8321639379501682,0.15914234254278686,0.0
0.8469958806865355,0.1592272683796345,0.0
0.8618877958021599,0.15943561571674236,0.0
0.8771555325027884,0.15923301598010892,0.0
0.8924165906165146,0.1587860809733821,0.0
0.9072979063093636,0.15819776181356127,0.0
0.9213201428594829,0.15847568570429107,0.0
0.9356384850942656,0.15857073080102663,0.0
0.9486237456584308,0.16123188004935704,0.0
0.9611340919070314,0.16583728334916886,0.0
0.9841928813746087,0.16864864688589332,0.0
0.9877036440529003,0.15613428110851424,1.0
0.043568641078899135,0.1750449433440389,0.0
0.05536464149117277,0.17444190385113437,0.0
0.07094729465303126,0.17505080556439578,0.0
0.08503292224091503,0.17338024882457603,0.0
0.10087543676185709,0.17453097345694882,0.0
0.11724226004760614,0.17185694762091488,0.0
0.13078752442916008,0.16888510212650687,0.0
0.143116426777606,0.17561592838849246,0.0
0.15779065888382465,0.17520681004213057,0.0
0.17305820038999398,0.17466789559331433,0.0
0.18850016523187293,0.17349207161650143,0.0
0.20412314270924217,0.17161100358246964,0.0
0.21935862157372663,0.17271062671605797,0.0
0.23441067646278624,0.1737766577720098,0.0
0.24927871396048945,0.1747194662284779,0.0
0.263755728456444,0.17559689307780318,0.0
0.2781066393961628,0.1767933351506905,0.0
0.2924798675594294,0.17834918679773454,0.0
0.30696680146653693,0.17956217233296987,0.0
0.3187530922422488,0.1732860020376809,0.0
0.34239121709261233,0.17557091499907906,0.0
0.3540473483380847,0.18223672539798044,0.0
0.36716560309072643,0.17989904343201152,0.0
0.3813863696427248,0.17776707414173043,0.0
0.39597521630473914,0.1755503940506064,0.0
0.4103306213815853,0.17332920488170392,0.0
0.4242509296252608,0.17179620862903006,0.0
0.4382077458004483,0.17184399165497458,0.0
0.45316342015510097,0.1725113476674469,0.0
0.46811680507194414,0.1726545921143973,0.0
0.4832889461717622,0.17282073929995284,0.0
0.4981455261331741,0.1725504668666439,0.0
0.5130509243838256,0.17268247782268098,0.0
0.5277501435264172,0.17264427633326124,0.0
0.5424638349815377,0.17278572912186718,0.0
0.5573198978397178,0.17305766953658258,0.0
0.5723969096758755,0.17341435746806555,0.0
0.5875178333927145,0.17360356865917623,0.0
0.6025903073274855,0.1736114406850882,0.0
0.6175471399771834,0.17344722636695822,0.0
0.6324197379406901,0.1732234006470037,0.0
0.6471994120722496,0.1729585158238672,0.0
0.6619378245967692,0.17273879081339866,0.0
0.6766712131014242,0.17258056609056516,0.0
0.6914152519947034,0.17246786821172788,0.0
0.7061814077822111,0.1723939172534404,0.0
0.7209747542781271,0.17233751131622416,0.0
0.7357958128547413,0.1722768870064827,0.0
0.7506250662332309,0.1722174853565477,0.0
0.7654627653218158,0.17213717547045373,0.0
0.7802846348032882,0.17204692823975185,0.0
0.7950819260008679,0.17194477433617103,0.0
0.8098281095643082,0.17189079642424746,0.0
0.8245517775477319,0.17191550340349093,0.0
0.8393289472737085,0.17194588884095435,0.0
0.854145382447371,0.17202339003140357,0.0
0.8691106478337591,0.171896213833975,0.0
0.8840324829569524,0.1716630046129411,0.0
0.8987278460881776,0.17143067475518392,0.0
0.9130008276513557,0.17158580994789172,0.0
0.9272524130119185,0.17179063412351045,0.0
0.9409341295344124,0.17337992861566026,0.0
0.9544685253101938,0.17671251252489323,0.0
0.9700353989078226,0.17676296281193182,0.0
0.9827183652553524,0.18053883859422015,0.0
0.02973646958368402,0.18040796272845228,1.0
0.0442500118279794,0.18773410196649626,0.0
0.06066193098868195,0.1867253994059244,0.0
0.07688853650986505,0.18687078204793448,0.0
0.09209031894020919,0.18598802552178648,0.0
0.10815592593628999,0.18531715674911303,0.0
0.1226911599909866,0.18406692714095807,0.0
0.1355932334952532,0.18556833094643027,0.0
0.1510842134605759,0.18770542348018257,0.0
0.16621982262186763,0.18718509197361038,0.0
0.18149131684209266,0.18635102048080862,0.0
0.1966706141000617,0.18510054817431623,0.0
0.21121803624982521,0.18494361892364777,0.0
0.22608264352195326,0.18589537161185613,0.0
0.24095766140249933,0.18689427636008568,0.0
0.2557265207745661,0.18791885855040308,0.0
0.27036525960213653,0.18894931100547957,0.0
0.285044846502562,0.19013803393992756,0.0
0.30013563998835213,0.19107291073351873,0.0
0.31621872575210497,0.18895992679224344,0.0
0.32990043084319703,0.18637512172215065,0.0
0.3437551942685955,0.19060512395349474,0.0
0.3602404337809614,0.1934244266447041,0.0
0.37510442566449154,0.19131795355138673,0.0
0.3897217411800165,0.18928565955781584,0.0
0.404148883398103,0.18740075072668308,0.0
0.4183024446655809,0.18587502744724646,0.0
0.4323085445527546,0.1851833396746389,0.0
0.44660501301357464,0.18510895304918676,0.0
0.46134455709506395,0.185357542453322,0.0
0.4761641836735688,0.18539857149444042,0.0
0.49107811101119,0.18545292936461044,0.0
0.5058350311699034,0.18540247537574991,0.0
0.5206389712286448,0.18550834227119448,0.0
0.535375116213995,0.18556132097098157,0.0
0.5501482012510451,0.1856891896851832,0.0
0.5650119115123287,0.18587199623836967,0.0
0.5799935141813809,0.1860775746051566,0.0
0.5950034457961675,0.18618098039568107,0.0
0.6099802024936928,0.1861620739316909,0.0
0.6248815054659967,0.18603055078271472,0.0
0.6397184305444376,0.1858501993933892,0.0
0.654493952518612,0.1856478774015112,0.0
0.6692407698649161,0.1854723775424486,0.0
0.6839832258175039,0.18533467277217824,0.0
0.6987327368607846,0.18522887369888888,0.0
0.7134985877583261,0.1851461225444995,0.0
0.7282823897736712,0.1850714558831933,0.0
0.7430759780133882,0.18500404968248885,0.0
0.7578763304456255,0.18493169218041944,0.0
0.7726695772674814,0.18485786195733314,0.0
0.7874466418674795,0.1847827190844909,0.0
0.8021918501083204,0.18473366885313125,0.0
0.8169158824152575,0.18472673152657876,0.0
0.8316523720015027,0.18473187400917604,0.0
0.8463986347096135,0.18475852328595485,0.0
0.8611927065339657,0.18469748241845535,0.0
0.8759305889168729,0.18458977790258438,0.0
0.8905223946133646,0.18451456495907503,0.0
0.9048938981252413,0.18464927505686346,0.0
0.9191941402027941,0.1848897666336798,0.0
0.933243545670055,0.1858733888049349,0.0
0.9473542496453986,0.18792988808004732,0.0
0.9629433684343328,0.18874216216697315,0.0
0.9781117892819113,0.19137929859725228,0.0
0.02064940515435347,0.20181411012638734,1.0
0.03702209485342018,0.19954753138265394,0.0
0.05307011396175708,0.198973796649802,0.0
0.06876755753339259,0.19868351406770934,0.0
0.08442543953823373,0.19880116616554008,0.0
0.09966418656116771,0.19797515378689692,0.0
0.11462201536159007,0.1977729360173092,0.0
0.1287073947789016,0.19833640154649287,0.0
0.1432636010086129,0.19899118466841678,0.0
0.15880538646148715,0.19970655983983193,0.0
0.1740479860989914,0.1991500234737461,0.0
0.18913126140060577,0.19836706641229454,0.0
0.20377906200673973,0.19802589007389576,0.0
0.2183405013581387,0.19827142903104744,0.0
0.23309916007636763,0.19911398170084446,0.0
0.24790164499172687,0.20007753303641163,0.0
0.2627143036401345,0.20107719308778574,0.0
0.2775608629488379,0.20204869789179802,0.0
0.29268121156823057,0.2027282550742699,0.0
0.30838749725616355,0.20192512188919187,0.0
0.32313834930433993,0.20095601215074016,0.0
0.336576700425536,0.20158975670798876,0.0
0.3516283410616613,0.2033248725837652,0.0
0.36791646713035003,0.2042879490808225,0.0
0.3829348855916633,0.20280711276410332,0.0
0.39752259588096045,0.2011893544929882,0.0
0.41186157259636086,0.1997650203898068,0.0
0.42603879034433007,0.19879743932374802,0.0
0.4402714308451314,0.1983177635787602,0.0
0.454687146874411,0.19819160103874908,0.0
0.4693355548146452,0.19823331315100035,0.0
0.48404662965219397,0.19822674227128828,0.0
0.4987998617816112,0.19827152478706778,0.0
0.5135157363789324,0.19828481691315888,0.0
0.5282672343486275,0.19837150113207244,0.0
0.5430130574240377,0.19843973696495742,0.0
0.5577962785302601,0.19853895846293423,0.0
0.5726394712987435,0.19865760766411994,0.0
0.5875484171255928,0.19877223874296593,0.0
0.6024740519902453,0.19881874575351768,0.0
0.6173763454072088,0.1987819242531469,0.0
0.6322288746549602,0.1986702609525306,0.0
0.6470349276691478,0.19852170767276345,0.0
0.6618004988372973,0.1983594436881449,0.0
0.6765461703188219,0.1982122422315973,0.0
0.6912876980243635,0.19808893119803272,0.0
0.7060342680599603,0.1979858710675905,0.0
0.7207907458006644,0.1978969418978212,0.0
0.7355543898533657,0.19781919097683043,0.0
0.7503230380329139,0.1977463825359173,0.0
0.7650883222679159,0.19767885980639685,0.0
0.7798429124092234,0.1976174255096108,0.0
0.7945765591576827,0.1975747988231263,0.0
0.8092906765863856,0.19755893245738296,0.0
0.8239975551112073,0.1975579070442732,0.0
0.8386942439825872,0.19757319458576292,0.0
0.8533892437591161,0.19755877217944642,0.0
0.8680266616947161,0.19753549903089263,0.0
0.8825504191700666,0.1975488064841521,0.0
0.8969161441517264,0.19769079850495758,0.0
0.9111606507930842,0.19794497965950783,0.0
0.9251703586954098,0.19860997471075892,0.0
0.9389963292874335,0.19992249570375256,0.0
0.9531218734714276,0.20086971044476157,0.0
0.9661590601293767,0.20216801506356605,0.0
0.9783588380477428,0.2037848458646442,0.0
0.016730699903602375,0.21104529615560536,1.0
0.031100798917717276,0.21317393657037859,0.0
0.04608724553218084,0.21138217245344088,0.0
0.06150955962105029,0.2110275251335848,0.0
0.07667340616604602,0.21111576929856918,0.0
0.09192009071512279,0.21098859590398011,0.0
0.10673398144023227,0.21072511344456243,0.0
0.12133978082090316,0.2111285376810599,0.0
0.13605283241280813,0.21148178209656476,0.0
0.1510389522075538,0.21166592194547634,0.0
0.16640740985054508,0.21180108227312064,0.0
0.18151025957116046,0.21135937347734923,0.0
0.19630685866369088,0.2110729136040552,0.0
0.21094749939544657,0.2110896008712434,0.0
0.2255804011560103,0.21151502591028473,0.0
0.24033696065120802,0.21230115299924887,0.0
0.2551764100200235,0.2131842006885738,0.0
0.2701097264897662,0.21404896516040006,0.0
0.2852299187379983,0.21464669277351967,0.0
0.3006490017014944,0.21444437592543922,0.0
0.3156431695088321,0.21417582077707198,0.0
0.329993642230269,0.21450026874725273,0.0
0.34445909593640966,0.21495763578146604,0.0
0.35975989365524136,0.2154737844794541,0.0
0.37549561190836306,0.2157273121993965,0.0
0.39046496309370676,0.21465251111812886,0.0
0.4050426215321962,0.21342407915588416,0.0
0.41941087987709436,0.21240273883821373,0.0
0.4337204472968116,0.21170863630020278,0.0
0.4480838464010513,0.21133788803777956,0.0
0.46256198612254634,0.21118074897952535,0.0
0.47716063786575447,0.21113993023512226,0.0
0.4918024557132418,0.21112590210747537,0.0
0.5064849389644832,0.21115207601414526,0.0
0.5211725540295955,0.21117968101710424,0.0
0.5358942495384718,0.2112422040380505,0.0
0.550632424747077,0.21129904877639014,0.0
0.5654039435539224,0.21136724283718897,0.0
0.5802165781995824,0.21143817499876966,0.0
0.5950674665974889,0.2114949211419582,0.0
0.6099275697859783,0.211503563787293,0.0
0.6247710381011236,0.21145452132082843,0.0
0.6395813518325685,0.2113548289880204,0.0
0.654359287395491,0.21122764961221427,0.0
0.669110381431342,0.21109060094082538,0.0
0.6838474939469749,0.21096188460788204,0.0
0.6985812548931813,0.21084762521445813,0.0
0.7133174225720991,0.2107468128076405,0.0
0.7280572103400655,0.2106590569057872,0.0
0.7427997674391015,0.21058133581222205,0.0
0.7575404726433446,0.2105138755226342,0.0
0.7722738718772344,0.21045755765340046,0.0
0.7869929289013863,0.21041887890690325,0.0
0.8016954101595894,0.21040225115764066,0.0
0.8163837650580171,0.21040330423389883,0.0
0.8310540363023259,0.21042242253651303,0.0
0.8457051084794057,0.21044123531333672,0.0
0.8603079454978918,0.2104716530330169,0.0
0.8748335999068694,0.2105410438216252,0.0
0.889263303766136,0.21070000040863265,0.0
0.9036203124351626,0.21095802365140864,0.0
0.9178891722913801,0.2114708253600509,0.0
0.9321464257281573,0.21241227700303955,0.0
0.9467016504957437,0.2133114299215404,0.0
0.9612442709017944,0.21481065367336868,0.0
0.9751336040524868,0.2163734729289513,0.0
0.02451334099184554,0.22682081730232775,0.0
0.039648248189506546,0.22460479217339915,0.0
0.054706371894177236,0.22352243179391088,0.0
0.06945850204673026,0.22381369412432625,0.0
0.08434162704962195,0.22372626361854428,0.0
0.09918521519961046,0.22371608437255386,0.0
0.11387529419608752,0.22381547736811955,0.0
0.1286860606943906,0.2240770972766802,0.0
0.14362817584155538,0.22418627567597643,0.0
0.1586981660443536,0.22415424204446852,0.0
0.1738646467672565,0.22411969954213287,0.0
0.1887845737135351,0.22396263246536627,0.0
0.20355122827044098,0.22393176712660567,0.0
0.2182447651580117,0.2241548373525925,0.0
0.23295930670321036,0.22466280808668165,0.0
0.24777686999971954,0.22537891737185806,0.0
0.2627064901543204,0.22612151873596562,0.0
0.2777932604566297,0.22669450910985858,0.0
0.2930464877905642,0.226812623433258,0.0
0.3080935328902909,0.22685863236947187,0.0
0.32283192899478963,0.22715046567316444,0.0
0.33756619170809066,0.22745644459842587,0.0
0.3524712195340289,0.22755821986907684,0.0
0.36767790470778944,0.22766192856492212,0.0
0.3830300066102911,0.22758346356332337,0.0
0.397914481907219,0.22677772465709187,0.0
0.4124989650349257,0.2258711956347886,0.0
0.42694011499415024,0.22511632543057572,0.0
0.44134559524739364,0.2245980047648663,0.0
0.4557880223760195,0.22429295846715733,0.0
0.47029604910078315,0.22413456164021128,0.0
0.4848693689571691,0.224070647214891,0.0
0.4994813278478669,0.22404611104432548,0.0
0.5141290494481829,0.22405544655424342,0.0
0.528798031314478,0.2240751868891196,0.0
0.543498299442385,0.22411339837646205,0.0
0.5582213655216651,0.22415027156250736,0.0
0.5729725267039303,0.2241897423994752,0.0
0.5877525340774676,0.22422465294758814,0.0
0.6025555559575294,0.22424291925422823,0.0
0.6173632776838524,0.2242259554079815,0.0
0.6321589713954469,0.22416826215415475,0.0
0.646932414364897,0.22407525647201335,0.0
0.6616836666477346,0.22396159748809613,0.0
0.6764170126167642,0.22384029097567473,0.0
0.6911407547732624,0.22372312831877186,0.0
0.7058614793426542,0.22361534737029456,0.0
0.7205821095128071,0.2235191365551746,0.0
0.7353034873493666,0.22343488124918534,0.0
0.7500233935562799,0.22336355791832732,0.0
0.7647382592568895,0.22330671414560596,0.0
0.7794431293837525,0.22326833513605995,0.0
0.794134735919811,0.2232516052525685,0.0
0.8088115101004203,0.22325573810613622,0.0
0.8234687942404744,0.22328157694056924,0.0
0.8381020521059713,0.22332269923601564,0.0
0.852694403074768,0.2233863292784037,0.0
0.8672290991202233,0.22348878546002968,0.0
0.8816962924486035,0.2236567259867986,0.0
0.8961103826547177,0.22390357491837093,0.0
0.9104805007236542,0.22429195313161096,0.0
0.9249003116856053,0.22490392977632942,0.0
0.9396440924490878,0.2255487113177093,0.0
0.9548016549184577,0.22631454888203079,0.0
0.9708978848589069,0.22789153409455057,0.0
0.009903531575621884,0.2333856385349367,1.0
0.03382657879283866,0.2378996710656817,0.0
0.048598270660933404,0.23630434473984954,0.0
0.06262063299755223,0.23681377254364622,0.0
0.0771160455080599,0.2366756133018383,0.0
0.0917374954332609,0.23661087605113665,0.0
0.10648865916755447,0.23661552389188928,0.0
0.12127439450863893,0.2367129497601714,0.0
0.13618967924154743,0.23679286231632207,0.0
0.15121042667842682,0.236740063920702,0.0
0.16625221144050892,0.23667026134049263,0.0
0.18125165588098835,0.2366955311676682,0.0
0.19612747890850873,0.236695282014712,0.0
0.21091686076250463,0.23683259209283455,0.0
0.22567894489836193,0.23717069996361703,0.0
0.24048135305181442,0.237691071242558,0.0
0.2553832556602124,0.23830231730835916,0.0
0.2704119413634276,0.23883267724922566,0.0
0.28555602626748566,0.23911639788662173,0.0
0.30060973556801895,0.23932889569647986,0.0
0.31550943244496665,0.23962879999094625,0.0
0.33039301542861,0.23990782092228888,0.0
0.3453418890090889,0.24002941209780465,0.0
0.3603378674195314,0.24000507231088383,0.0
0.3754343912728916,0.23994011403667265,0.0
0.3905435804464933,0.23972420839994607,0.0
0.40535650086316755,0.2391112266575124,0.0
0.4199588992493669,0.23843475383942062,0.0
0.43445574623938926,0.2378712677945495,0.0
0.44892516714827374,0.2374721897277719,0.0
0.4634132154722226,0.23722022107958488,0.0
0.4779380288217979,0.2370766834284414,0.0
0.49250450535381834,0.23700457537566016,0.0
0.5071033451490102,0.2369704569191311,0.0
0.5217336048860298,0.2369632294457245,0.0
0.5363888501798316,0.23696787529486732,0.0
0.5510717592193997,0.23698358858857713,0.0
0.5657772607815151,0.23699943141818222,0.0
0.5805054960665627,0.2370142676407538,0.0
0.5952540372092016,0.23702200037034232,0.0
0.6100165684415418,0.2370138979364305,0.0
0.6247809928921136,0.23697928337831647,0.0
0.6395365408442822,0.2369150108911855,0.0
0.6542770093014719,0.2368251385424272,0.0
0.6690024792336472,0.236719424320005,0.0
0.6837162503977583,0.2366073699821931,0.0
0.6984235275186617,0.23649760962752572,0.0
0.7131280932786758,0.2363957317839523,0.0
0.7278317543704986,0.23630478305377564,0.0
0.742534092606954,0.23622743313557087,0.0
0.757233061943199,0.2361661538304286,0.0
0.7719253251904246,0.2361244140209641,0.0
0.7866076985438394,0.23610522445795662,0.0
0.801277302294157,0.23610980355125571,0.0
0.8159294028679028,0.23613993322217922,0.0
0.8305582664692652,0.23619479341525673,0.0
0.8451516123303141,0.23627979740584906,0.0
0.8596955264919022,0.23640527686172286,0.0
0.8741773759419665,0.23658710921352136,0.0
0.8885904356033614,0.23683450212781387,0.0
0.9029200415511996,0.23718215863890027,0.0
0.9171590037805107,0.2376362827633798,0.0
0.9313667389837379,0.2381033592047771,0.0
0.9454051312428242,0.23863812870628937,0.0
0.9589466239952201,0.23894176536276315,0.0
0.9713817923172364,0.24024903974142847,0.0
0.003300842466417427,0.2618521094842552,1.0
0.02065349105319642,0.24217866332746182,0.0
0.042945981101658995,0.24916619924237263,0.0
0.055718220283130324,0.2503033135288076,0.0
0.06978324754297612,0.24984923328691808,0.0
0.08423657560246281,0.2496447654961311,0.0
0.09902965976982439,0.24941382756968783,0.0
0.11384687240713068,0.249449480612866,0.0
0.1287256875588646,0.249454342976676,0.0
0.1437475428974032,0.24935721442645228,0.0
0.1587874611566322,0.24928139734015564,0.0
0.17375278350668494,0.2493065317426864,0.0
0.18870074615938506,0.24936487980945757,0.0
0.20357743019067057,0.2494776778699274,0.0
0.21840932857553638,0.2497209194349932,0.0
0.23324173091095549,0.2501078196598875,0.0
0.24812577658704482,0.2505882979354903,0.0
0.2631028780944796,0.25106047467810294,0.0
0.2781645597297715,0.2514097582982635,0.0
0.29320092137788706,0.2517083024342898,0.0
0.30816607812286856,0.2520272357314826,0.0
0.3231189785143571,0.2523104165338431,0.0
0.338100977757664,0.2524780245416763,0.0
0.35309585339594407,0.2525151139961005,0.0
0.3680858358489172,0.25244499546224697,0.0
0.38308851595491705,0.252313901807383,0.0
0.39804701373092155,0.25206149110851817,0.0
0.4128108201599745,0.2515871131052108,0.0
0.4274244815605167,0.2510805027896834,0.0
0.4419588460566764,0.2506550557416512,0.0
0.4564678447443179,0.25034422219478036,0.0
0.4709834009813475,0.25013781715717076,0.0
0.48552139012400275,0.25000973651902647,0.0
0.5000879386930822,0.24993482439016795,0.0
0.5146814036844207,0.24989128449165213,0.0
0.5293018290562886,0.24986868116100122,0.0
0.5439461349513035,0.249857032839466,0.0
0.558614087195538,0.24985310028630564,0.0
0.5733018033516011,0.24985004644470518,0.0
0.588007091398544,0.249844948161082,0.0
0.602726254885818,0.24983248900385213,0.0
0.6174535178232792,0.24980606169091985,0.0
0.6321807669948853,0.2497589520889172,0.0
0.64690127559879,0.2496891987676071,0.0
0.6616116071190365,0.24959987481537274,0.0
0.6763122689876195,0.24949788461806244,0.0
0.691005758223473,0.24939081256298198,0.0
0.7056952713417909,0.24928611503539183,0.0
0.7203831229324643,0.24918933603823062,0.0
0.7350699547109918,0.24910484140134936,0.0
0.7497549796512708,0.24903644049661797,0.0
0.7644361344694052,0.24898797756332475,0.0
0.7791108938131591,0.24896290704458765,0.0
0.7937764662226329,0.24896370891310465,0.0
0.8084289662433453,0.24899303809444584,0.0
0.8230636702815857,0.24905281926995645,0.0
0.8376726775993931,0.24914827279716434,0.0
0.852246921463559,0.2492870274866688,0.0
0.8667788050312143,0.24947910149446914,0.0
0.8812665224253815,0.24973298450720455,0.0
0.8957095419154106,0.2500638674767173,0.0
0.9101272982770153,0.2504887635913285,0.0
0.9245611098097596,0.25089506952048896,0.0
0.939091869836817,0.25132591931967735,0.0
0.9537731719140821,0.2518361148825438,0.0
0.968070975481944,0.25243272696775587,0.0
0.017542370044572632,0.2568522312616742,0.0
0.031002498392816814,0.2532826291717863,0.0
0.044713299778277885,0.26298608716128274,0.0
0.06073037740259296,0.2628397079671025,0.0
0.07594569498343207,0.262625495261916,0.0
0.0912925940494244,0.26214301708227933,0.0
0.10628779169613957,0.26217628420663763,0.0
0.12121140996771011,0.2621820393732297,0.0
0.1362924099614797,0.2619758028892248,0.0
0.15138316126878903,0.2618705029372694,0.0
0.16634279551148504,0.261934682281341,0.0
0.1813042626862032,0.2619636217884193,0.0
0.19624328039152522,0.2620724512489159,0.0
0.2111406425943272,0.2622658683787235,0.0
0.22601673595367464,0.26256906369125016,0.0
0.2409091827706036,0.2629568085543992,0.0
0.25585338711952443,0.26336554794947764,0.0
0.2708567912686914,0.2637271001905584,0.0
0.2858639276503139,0.2640600532411135,0.0
0.3008457878542209,0.26439263432679816,0.0
0.3158245444613176,0.2646890396859669,0.0
0.3308184701073131,0.2648987013114611,0.0
0.34581645612976053,0.26500308785458043,0.0
0.36079918897505114,0.26500625983095766,0.0
0.3757538552703916,0.2649242971273856,0.0
0.39068158159354305,0.26477733521580593,0.0
0.405545952515567,0.26453519164183614,0.0
0.42027387286126594,0.26416855357624897,0.0
0.43489268885386706,0.2637878417327532,0.0
0.44944966724317065,0.26346480015286317,0.0
0.4639827379017111,0.26322153686077315,0.0
0.4785164227330734,0.26305092545490927,0.0
0.4930643548192248,0.26293570687447637,0.0
0.507633198650945,0.26285882738713456,0.0
0.5222243590818411,0.262806140751235,0.0
0.5368383848854751,0.26276972043613833,0.0
0.5514734816784845,0.26274308348688313,0.0
0.5661280958537891,0.26272295518793143,0.0
0.5807985746130969,0.2627045652038631,0.0
0.5954816359430962,0.2626843693793099,0.0
0.6101732555936464,0.2626574484348755,0.0
0.6248686578520702,0.2626182518834284,0.0
0.6395626532998759,0.26256185859563624,0.0
0.6542515450114259,0.26248684448362986,0.0
0.6689340656332277,0.26239570881313534,0.0
0.6836112060672112,0.2622941642784095,0.0
0.6982848581920831,0.2621891856578598,0.0
0.7129570922274379,0.2620876860691992,0.0
0.727629116955864,0.26199566047361456,0.0
0.7423009716451553,0.26191826214600533,0.0
0.7569715639086849,0.2618602407563759,0.0
0.771639058434473,0.2618257836611354,0.0
0.7863011538315314,0.26181833860935816,0.0
0.8009548513555672,0.2618412001601333,0.0
0.8155966330111367,0.2618974981901822,0.0
0.8302215553778803,0.26199231713946747,0.0
0.8448239903086165,0.2621325817742557,0.0
0.8593985846997775,0.2623250433951854,0.0
0.8739443413561622,0.26257370242457856,0.0
0.8884674885154267,0.26288499204418203,0.0
0.9029918942089646,0.26324972837890714,0.0
0.9175928640682421,0.26362999215532296,0.0
0.9323414016722683,0.26382705362065373,0.0
0.9475848551676045,0.2638377802488459,0.0
0.9636925575248098,0.2640737381141442,0.0
0.014201217578608885,0.2706086895770265,0.0
0.029238130576408342,0.2668115371974982,0.0
0.03832934747100731,0.2768434640814767,0.0
0.05341471710247823,0.2750320275520339,0.0
0.06840865534679462,0.2755168506465416,0.0
0.08393014362675538,0.2746041224617422,0.0
0.09892231038706194,0.2748689271091565,0.0
0.1137448860937768,0.2749630118529778,0.0
0.1289055143702332,0.27458698619607214,0.0
0.14407588119428252,0.27441030599294514,0.0
0.1589975016283118,0.2745694645417256,0.0
0.17397614807562578,0.27456133330492266,0.0
0.18894245438876023,0.27462887375296474,0.0
0.20388830127048288,0.2747892917574991,0.0
0.21880461178202232,0.2750421420392992,0.0
0.23371454449803125,0.2753691001591928,0.0
0.24864626823950012,0.2757292762131686,0.0
0.2636118409402761,0.27607861423315366,0.0
0.2785896609868585,0.2764182318219839,0.0
0.29356392384450514,0.27675407108061695,0.0
0.30854301966495407,0.2770613956158589,0.0
0.32353353028379683,0.27730475712074704,0.0
0.3385264341438953,0.2774654835121422,0.0
0.35350591302412726,0.27754006203350023,0.0
0.36845695871398276,0.27753408608346003,0.0
0.3833694809071209,0.277457590737357,0.0
0.3982385000971194,0.27731985969392703,0.0
0.4130403924362295,0.2771106951547048,0.0
0.42774150646341436,0.2768301344030596,0.0
0.44236056689628445,0.27654449054624736,0.0
0.4569299683383058,0.27629852944983724,0.0
0.47147765663935925,0.27610596842183743,0.0
0.4860230338083017,0.2759620907497796,0.0
0.5005780679078855,0.27585576786597504,0.0
0.5151493439285414,0.27577613166840964,0.0
0.5297393362983662,0.2757145842407454,0.0
0.5443486403006368,0.2756661309576383,0.0
0.5589757002529795,0.2756269947971644,0.0
0.5736180604407338,0.2755946318994035,0.0
0.5882717997290035,0.27556522605013045,0.0
0.6029330714198118,0.2755347751564276,0.0
0.6175980737668387,0.2754981604046105,0.0
0.6322634460702025,0.27544990878674075,0.0
0.6469265665836439,0.27538575322219333,0.0
0.6615863902889297,0.27530457603356784,0.0
0.6762433720544674,0.27520915370471233,0.0
0.6908987935173228,0.27510537853690964,0.0
0.7055541595197612,0.2750001717546132,0.0
0.7202107450691545,0.2749005192992417,0.0
0.7348690809225453,0.27481283587556893,0.0
0.7495286968533067,0.27474295461589987,0.0
0.7641882730167904,0.27469603975751217,0.0
0.7788459276470301,0.2746764099402321,0.0
0.7934993060714847,0.274687925902632,0.0
0.8081457192412859,0.2747342361709193,0.0
0.8227818470587618,0.2748201089840262,0.0
0.8374037457878533,0.27495217050070775,0.0
0.8520062004916593,0.27513819814292856,0.0
0.8665814680521879,0.2753818187146071,0.0
0.8811198240529491,0.2756834224156587,0.0
0.895611506809482,0.27603875864647226,0.0
0.9100347606452194,0.276398707371238,0.0
0.924342801407708,0.27675013287236394,0.0
0.9382816335755482,0.27667412794859136,0.0
0.9517515130376182,0.2762726098080133,0.0
0.9641634907532977,0.2760361670130406,0.0
0.02262737735284493,0.2803835082608089,0.0
0.0309814963114987,0.28982956520024994,0.0
0.04700686014960965,0.2879625811328993,0.0
0.060966453419467596,0.28848167527063917,0.0
0.07705597626349815,0.28697104342053653,0.0
0.09170816800535073,0.2875089006769919,0.0
0.10629915214154156,0.28790505043753173,0.0
0.12158640174895656,0.2871717111297267,0.0
0.13691101600308322,0.2868641495526983,0.0
0.15171984440868505,0.28724001575065483,0.0
0.16670990036963673,0.28716239270943006,0.0
0.18170010508646225,0.2871816700264448,0.0
0.19667500211964933,0.287294779292158,0.0
0.2116191533932004,0.28751388961461577,0.0
0.22654375803750745,0.2878029705044433,0.0
0.2414706000901755,0.28812929318148967,0.0
0.25641316131775826,0.2884625135749298,0.0
0.2713656749260594,0.2887960628227217,0.0
0.2863227005487002,0.2891283384551507,0.0
0.30128820096139547,0.2894408084375783,0.0
0.31626461693678115,0.2897080486640249,0.0
0.33124470456225036,0.28991252321730243,0.0
0.34621569610576763,0.2900467531601565,0.0
0.3611640574166279,0.29011071728144305,0.0
0.37607828814510746,0.2901087385424928,0.0
0.39095003506541615,0.29004725377691637,0.0
0.4057723250609421,0.2899326904926243,0.0
0.42053066453329746,0.28976511274436845,0.0
0.43521084291312206,0.28955466706082617,0.0
0.4498268985372062,0.289341760593655,0.0
0.4644020976590477,0.2891533708762024,0.0
0.4789578628160896,0.28899780439868067,0.0
0.4935102846410734,0.28887231753494624,0.0
0.5080700535776584,0.2887705948985875,0.0
0.5226433620589214,0.2886868218692232,0.0
0.5372327229979467,0.28861681426169855,0.0
0.5518383232672417,0.28855845007839287,0.0
0.5664581416966725,0.2885101843134437,0.0
0.581088765945115,0.28847018835991556,0.0
0.5957255859601103,0.28843472611716275,0.0
0.6103644701632734,0.2883988252398888,0.0
0.6250025463004801,0.28835619250361805,0.0
0.6396384233397593,0.2883007659743501,0.0
0.6542723178145564,0.288228372502625,0.0
0.6689054997513892,0.28813888992318604,0.0
0.6835394132851672,0.28803664405796264,0.0
0.6981755149864917,0.2879282306161128,0.0
0.7128149683003503,0.28782090049426,0.0
0.727458495516486,0.2877219344096159,0.0
0.7421059958722493,0.2876382977900943,0.0
0.7567564121191178,0.28757630380026683,0.0
0.771408104453095,0.28754120031979463,0.0
0.7860591672056159,0.28753735390210816,0.0
0.8007077386374772,0.2875686474393888,0.0
0.8153522164299274,0.28763921261962516,0.0
0.8299914969595127,0.28775466625673524,0.0
0.8446249784078149,0.2879229494818759,0.0
0.8592517145369444,0.2881526892071136,0.0
0.8738678617463584,0.28844490998232686,0.0
0.8884743994612835,0.28879161396647735,0.0
0.9030846743452756,0.289178964883275,0.0
0.9176930108870605,0.2895476469495039,0.0
0.9323298849353424,0.28995498407330533,0.0
0.946558946705292,0.2896468025914565,0.0
0.9609412394044031,0.28895493123066274,0.0
0.03965000720105989,0.2993275784151027,0.0
0.05310926952287757,0.3022858240050698,0.0
0.07017269156374442,0.2983821521730597,0.0
0.08494524984424287,0.3004685142843054,0.0
0.09855024318467036,0.301014155388161,0.0
0.11433263067745388,0.29970044818568964,0.0
0.12995855775545748,0.29912597631481685,0.0
0.14450547848550854,0.30000366003703227,0.0
0.15951072426869906,0.2997807230244045,0.0
0.1745215092433756,0.29973649137224273,0.0
0.18952304221945118,0.2997965308624087,0.0
0.20448026338747322,0.29998443292974863,0.0
0.21940905869742577,0.3002496027861655,0.0
0.2343285410070497,0.3005536443871477,0.0
0.24925246165320977,0.30087236220748187,0.0
0.264182636780815,0.30119696019423225,0.0
0.27911869058770794,0.30152251828788473,0.0
0.2940638828884658,0.301835793678418,0.0
0.30901954248253527,0.3021181068904296,0.0
0.32398068529911184,0.3023543903981057,0.0
0.33893750984586946,0.30253559241053535,0.0
0.3538784077004841,0.30265814757455595,0.0
0.3687925022320797,0.30272261875376916,0.0
0.38367066034785136,0.3027320468470015,0.0
0.3985056912870618,0.3026917499972809,0.0
0.41329086336309506,0.30260720052943185,0.0
0.4280175034615718,0.3024827658822324,0.0
0.4426807854337228,0.3023299270203166,0.0
0.4572918327295123,0.30217277205802023,0.0
0.4718681239228955,0.30202657833125895,0.0
0.48642722259102983,0.30189637510030815,0.0
0.5009833283216567,0.30178156360046265,0.0
0.5155462256877047,0.301680150840048,0.0
0.53012142782061,0.3015908299016769,0.0
0.5447107508112132,0.3015131442400567,0.0
0.5593134072338821,0.30144770397098525,0.0
0.5739263919825501,0.3013946914326247,0.0
0.588544890758656,0.3013527257684981,0.0
0.603163130696541,0.30131694775765866,0.0
0.6177774822956705,0.30127988907362474,0.0
0.6323869361800355,0.301233316406225,0.0
0.6469933899385464,0.30116989504026004,0.0
0.6615999819093529,0.30108655736403206,0.0
0.676209058305335,0.3009860064628284,0.0
0.6908227036276219,0.30087431750768684,0.0
0.7054424870851153,0.3007590308040736,0.0
0.7200692205869778,0.3006478866681878,0.0
0.7347029079358869,0.3005488017779843,0.0
0.7493424420905245,0.3004694519077736,0.0
0.7639860456546299,0.3004161759947949,0.0
0.7786317712841723,0.3003939220011151,0.0
0.7932779028696137,0.3004066403296202,0.0
0.8079237112394101,0.3004576622773945,0.0
0.8225694795808328,0.3005509420305605,0.0
0.8372169802815649,0.3006923142305476,0.0
0.8518700203546405,0.3008904374689808,0.0
0.866533513870942,0.3011547965733725,0.0
0.8812116127670283,0.30147484956811516,0.0
0.8959306503014397,0.30181744164977453,0.0
0.9107682800825289,0.3021569045985966,0.0
0.9258403754362723,0.3023336933913209,0.0
0.9414910288366399,0.30263289801483173,0.0
0.9572043716588426,0.30080428524288966,0.0
0.06412003021054052,0.3087588361236485,0.0
0.07834570090644205,0.31210509235027933,0.0
0.09144687396514974,0.31578224559144663,0.0
0.1065899424474228,0.31154217464269696,0.0
0.12332845719613501,0.31095702117269886,0.0
0.1373001737527518,0.31294392774235386,0.0
0.15237590381161353,0.3124247889136256,0.0
0.16741601354790964,0.31229964734463606,0.0
0.18244844230511764,0.3122943036486218,0.0
0.19740982974024332,0.31246052728210816,0.0
0.21232820279055928,0.3127100808621466,0.0
0.2272303046876846,0.3129996109827643,0.0
0.24213144326049496,0.3133062124349814,0.0
0.2570369822668868,0.3136212979686005,0.0
0.2719488619791296,0.3139394245721501,0.0
0.28686960417432267,0.31425076689590353,0.0
0.30180032086057607,0.3145417127735273,0.0
0.3167379213246947,0.31479975301740987,0.0
0.33167553080504325,0.31501596984631697,0.0
0.3466038559961771,0.315185305639742,0.0
0.3615129473421992,0.3153055205444958,0.0
0.3763939596454972,0.31537715410986666,0.0
0.39123928470271924,0.3154026028699612,0.0
0.40604311947329663,0.31538710254436064,0.0
0.42079928715975623,0.3153353514993793,0.0
0.4355023757367995,0.31525224528445905,0.0
0.4501517892685275,0.315146854870001,0.0
0.46475641795176637,0.31503225628909903,0.0
0.4793301445857174,0.3149155174056982,0.0
0.4938889844808967,0.3148002235746912,0.0
0.508446575174679,0.3146887150509948,0.0
0.523012019070354,0.3145835294671596,0.0
0.5375897395822484,0.31448766687175694,0.0
0.5521798736712938,0.3144040407361766,0.0
0.5667802382943983,0.3143354791818467,0.0
0.5813860010536566,0.31428381223145724,0.0
0.595990040665795,0.31424744315195924,0.0
0.6105858676212839,0.31421729354079075,0.0
0.6251713636954896,0.3141821346509459,0.0
0.6397501468100815,0.3141300863872976,0.0
0.6543283306888127,0.3140543505037505,0.0
0.6689098141774779,0.3139565592315391,0.0
0.6834975086270115,0.3138417943006688,0.0
0.6980942273666141,0.3137178463722993,0.0
0.7127016889200374,0.31359341390760687,0.0
0.7273197786148373,0.3134772074976502,0.0
0.7419467843676454,0.3133783729075868,0.0
0.75658037528381,0.3133046408445824,0.0
0.7712180485710427,0.3132617769130894,0.0
0.78585744228509,0.3132540177527343,0.0
0.8004977673686104,0.3132836825429896,0.0
0.8151393508628895,0.31335348004363495,0.0
0.8297829436472918,0.3134671395070888,0.0
0.8444298192240277,0.31363082992738167,0.0
0.8590801536067385,0.31385605526830396,0.0
0.8737246885567022,0.31415759274373206,0.0
0.8883216782778278,0.31451026971493123,0.0
0.9028068381840053,0.3148579733349175,0.0
0.917081705462293,0.3151899359157059,0.0
0.9307938423725499,0.315189575753933,0.0
0.9435218999296023,0.3156644923555614,0.0
0.9560236798719927,0.3125063912436479,0.0
0.10188876059411013,0.3249974566106997,0.0
0.11644899913235439,0.32107804957692065,0.0
0.12980528990308507,0.3260932386335999,0.0
0.14524960642581428,0.325043391380713,0.0
0.160387441255827,0.32486502967545394,0.0
0.17547601042450384,0.3247818985111283,0.0
0.19043280259084147,0.32494428666585307,0.0
0.20532402175542308,0.32519183353226605,0.0
0.22019226786823642,0.3254723397850137,0.0
0.2350590020183722,0.3257678573821929,0.0
0.24993177404759573,0.32607227761592233,0.0
0.2648132102387096,0.3263815775346881,0.0
0.2797046999358353,0.32668876011599157,0.0
0.2946065894343285,0.3269835675764014,0.0
0.30951671502981204,0.32725559528692144,0.0
0.32443053548746414,0.3274964773452308,0.0
0.33934123643445857,0.32770098073692794,0.0
0.35424050044269034,0.32786611654757747,0.0
0.3691194479802735,0.3279899007378885,0.0
0.3839707298737798,0.32807288938540335,0.0
0.39878800913852774,0.32811683066600694,0.0
0.4135671871563145,0.3281280171195161,0.0
0.4283018636617179,0.3281096937622041,0.0
0.4429877472319712,0.3280648430295872,0.0
0.4576257494385688,0.3279987903010492,0.0
0.47222274505652595,0.3279162403523681,0.0
0.48679056183713815,0.3278175427238349,0.0
0.5013462923721653,0.32770693166585485,0.0
0.5159043749545987,0.327591423989605,0.0
0.5304732769732522,0.32747874138325084,0.0
0.5450550655359068,0.3273766707520191,0.0
0.5596474449996018,0.3272901444520466,0.0
0.5742456538367591,0.3272246995536269,0.0
0.5888412217441213,0.32718396635763075,0.0
0.6034256959831398,0.3271621657290823,0.0
0.6179914669209153,0.327143457209088,0.0
0.6325431202617978,0.3271080916426314,0.0
0.647091648185887,0.3270432366866307,0.0
0.6616432244382576,0.3269503324134899,0.0
0.6762018959213195,0.3268342571541,0.0
0.6907714088391778,0.32670145086266383,0.0
0.705356056195551,0.3265616805506937,0.0
0.719956981046804,0.3264260882564006,0.0
0.734570671580447,0.3263056058363507,0.0
0.7491932907029993,0.3262092275540334,0.0
0.7638215325589545,0.3261438662446129,0.0
0.7784518729463016,0.326114555338515,0.0
0.7930836809422236,0.32612228491737033,0.0
0.8077181823783884,0.32616809333651264,0.0
0.8223576959432997,0.32625461936265104,0.0
0.837005483984231,0.3263852113535048,0.0
0.8516676823322974,0.3265670768357886,0.0
0.8663529918217185,0.32681972468194326,0.0
0.8810620187769087,0.3271782687541081,0.0
0.8957469133866534,0.32760722129445224,0.0
0.9103665632953458,0.32803596034481597,0.0
0.9249284728831406,0.32854245425813533,0.0
0.9389855296707784,0.3288138802005713,0.0
0.9537587905880991,0.32596488971304177,0.0
0.11442780689960202,0.3331320082427866,0.0
0.12508522860386023,0.34057856588494306,0.0
0.13934276111085903,0.33774029681051554,0.0
0.15397336302013778,0.33753712153230825,0.0
0.16886680235273138,0.3373017965901325,0.0
0.18368077455199888,0.3374655036960647,0.0
0.1984655219361841,0.33771700337513855,0.0
0.21325277940020412,0.3379891087700371,0.0
0.22805601338882947,0.3382695883834236,0.0
0.24287752218879777,0.3385586341739908,0.0
0.2577162177434412,0.33885482846040543,0.0
0.2725702431249602,0.33915395505110835,0.0
0.28743775716484804,0.3394479075765862,0.0
0.3023160361651881,0.33972772191369677,0.0
0.3172014846416423,0.3399848476708948,0.0
0.3320893263816827,0.34021402242117843,0.0
0.3469733725559584,0.3404124704516015,0.0
0.3618459034153717,0.3405786293727123,0.0
0.3766982558884415,0.34070980455330996,0.0
0.39152463609865673,0.34080647683989,0.0
0.40631979015144165,0.34086947999378003,0.0
0.4210821792750922,0.34090825828208704,0.0
0.43580317276546493,0.3409233234305573,0.0
0.45047755956324,0.3409137850555638,0.0
0.4651063600285837,0.34088100884092987,0.0
0.47969424250082326,0.3408219559126858,0.0
0.4942522128493055,0.3407297545869125,0.0
0.5088023046101373,0.34061278381884796,0.0
0.5233617804141573,0.34048547227021625,0.0
0.5379366801841209,0.3403631154425965,0.0
0.552526182127777,0.34025655430282076,0.0
0.567122676448088,0.3401731626680281,0.0
0.5817150653912027,0.34012304709320096,0.0
0.5962938582210326,0.34010525776786776,0.0
0.6108472116288095,0.34011008877108406,0.0
0.6253737562802656,0.3401013334802091,0.0
0.639891573850431,0.34005316458890933,0.0
0.6544108377933024,0.3399686432352494,0.0
0.6689372114653974,0.33985391785872077,0.0
0.6834756675000295,0.33971479821536055,0.0
0.698032459401405,0.33955785252751586,0.0
0.7126134649316777,0.33939788919322417,0.0
0.7272144402504596,0.3392526537486701,0.0
0.7418269629696884,0.3391317263697766,0.0
0.7564455104947109,0.3390421316823722,0.0
0.7710645778708934,0.33899092641596607,0.0
0.7856836965372817,0.33897703208679164,0.0
0.8003049937735455,0.3389993559001182,0.0
0.8149314783453511,0.33905871164161966,0.0
0.8295676280304453,0.3391573496579445,0.0
0.8442202777785207,0.3392960505847198,0.0
0.8589031586350879,0.339481573578483,0.0
0.8736411595785166,0.3397442669267124,0.0
0.8884656104292218,0.3401530843285305,0.0
0.9033550624934586,0.3406159434876115,0.0
0.9183963296901854,0.3409538845833396,0.0
0.9339286597501102,0.3415575887111537,0.0
0.9499700150444264,0.3386438133930396,0.0
0.13353974122936219,0.3512316900154693,0.0
0.14763061174421138,0.3505251974981909,0.0
0.16243322941994584,0.3499323912857271,0.0
0.17709788981856855,0.3500748371420693,0.0
0.19174296021706314,0.3503232514539073,0.0
0.2064154699570625,0.3505777375310024,0.0
0.22112840747613757,0.35083194886939434,0.0
0.2358786328191634,0.3510950114353336,0.0
0.2506601185792054,0.35136933591639086,0.0
0.2654662916319968,0.35165321554824086,0.0
0.28029231760174445,0.3519400276284333,0.0
0.29513345694736765,0.352221308218442,0.0
0.309986121434089,0.3524878980159009,0.0
0.3248458898312306,0.35273311707965505,0.0
0.33970863206904683,0.3529539986277549,0.0
0.35456883713649784,0.353150190923241,0.0
0.3694189058640194,0.35332130776228476,0.0
0.3842495313361471,0.3534619670109069,0.0
0.39905700376971587,0.3535730635828584,0.0
0.4138370314658659,0.35365342741577277,0.0
0.42859278759920705,0.35372065576404865,0.0
0.4433093353523805,0.3537698001484518,0.0
0.45797809921601834,0.3537938329888056,0.0
0.472599833064657,0.35379068279482523,0.0
0.48717607710627364,0.3537480945440861,0.0
0.501717840184787,0.3536488625515565,0.0
0.516260689101702,0.35351118792900366,0.0
0.5308241457633132,0.35336538962118025,0.0
0.5454123281717369,0.35323126516345565,0.0
0.5600167885448155,0.35312587168874093,0.0
0.5746135703090028,0.35306251425046314,0.0
0.5891919079421835,0.3530429020054511,0.0
0.603734763780296,0.35306876110416935,0.0
0.6182429470035,0.35310311278519285,0.0
0.6327317525685385,0.35308315197608575,0.0
0.6472156629798809,0.3530126368398076,0.0
0.6617050708819104,0.35290303217064495,0.0
0.6762070027777001,0.35276082703564376,0.0
0.6907315085984106,0.352589348718233,0.0
0.70528791638982,0.3523983219914623,0.0
0.7198755888676119,0.3522194226334467,0.0
0.7344827313948882,0.3520713647453455,0.0
0.7490953774793174,0.35195705058406573,0.0
0.7637022194103694,0.3518850476607216,0.0
0.7783046614910475,0.3518513356020767,0.0
0.792906626376145,0.35185218254914397,0.0
0.807511197337806,0.35188739586407014,0.0
0.8221209265499481,0.351957745807975,0.0
0.8367398614553577,0.3520641372844083,0.0
0.8513684161694943,0.3522049066157623,0.0
0.8660045905925142,0.35238970955821225,0.0
0.880647426958396,0.3526689590903664,0.0
0.8952735091487981,0.3531835763163701,0.0
0.9095842638681251,0.353750112504144,0.0
0.923216129482374,0.3539933378394052,0.0
0.9359078698843095,0.35480909817231415,0.0
0.9483110918535312,0.35063406007794146,0.0
0.1403578899994619,0.36385852377933803,0.0
0.15567369449923354,0.3625081726091889,0.0
0.1704512813680001,0.36271967653562065,0.0
0.185055089115288,0.36300762935781183,0.0
0.19963721966931242,0.36325313919637675,0.0
0.2142568759821917,0.36347260315193247,0.0
0.2289251876588353,0.36369675586543876,0.0
0.24363896693931578,0.3639368643715088,0.0
0.2583883360747692,0.3641954527458654,0.0
0.2731656777954918,0.3644663078810287,0.0
0.2879642625668718,0.36474189383113353,0.0
0.3027797629389333,0.36501080854403567,0.0
0.31760765504359584,0.36526580212874116,0.0
0.33244335007143877,0.36550065207670235,0.0
0.3472838851249348,0.36571519576473976,0.0
0.36212470918742895,0.36591187976347395,0.0
0.3769584082903158,0.3660911033377523,0.0
0.39177298784008135,0.36624173542280236,0.0
0.4065686996337863,0.3663662523216371,0.0
0.4213415957252841,0.36645885337844686,0.0
0.43610529316470714,0.36655663119824616,0.0
0.45082960705093644,0.3666431476701987,0.0
0.465499380918453,0.36670118415550607,0.0
0.4801161601027559,0.36672742408353254,0.0
0.4946746891783148,0.36669651244038065,0.0
0.5091905334162373,0.36656841347813324,0.0
0.5237224436210988,0.3663942912506699,0.0
0.5383012339829086,0.3662185439104412,0.0
0.5529207543819029,0.3660730083609771,0.0
0.5675402740698374,0.36599630236212827,0.0
0.5821298902707066,0.36597239736088705,0.0
0.5966596627663513,0.3660199999950783,0.0
0.6111391816637838,0.36609516017365423,0.0
0.6256149308809857,0.3661254131326891,0.0
0.640066081149514,0.3660839301732012,0.0
0.654510200940768,0.3659853924845364,0.0
0.6689649274036749,0.3658445511258149,0.0
0.6834486618367074,0.3656599272199266,0.0
0.6979801245397004,0.3654371864231853,0.0
0.7125513362247602,0.3652111414186355,0.0
0.7271562480849281,0.3650222804339282,0.0
0.7417763288133136,0.36488311067139817,0.0
0.7563761292130989,0.364797008522993,0.0
0.770958867214751,0.3647475107646243,0.0
0.7855374057814849,0.3647293322484108,0.0
0.8001177581409631,0.3647427509340515,0.0
0.8147031714167207,0.3647888949925462,0.0
0.8293004792228341,0.36486499792994415,0.0
0.8439170371269027,0.36497506331717794,0.0
0.8585433064332976,0.36512271259507545,0.0
0.8731754639461234,0.36532008216504136,0.0
0.8878789480059437,0.3656321101634152,0.0
0.9027405389028662,0.36641584221112833,0.0
0.9172913189931585,0.3673565126562878,0.0
0.9311050742722142,0.36791367068057607,0.0
0.9458611331484246,0.3648128124759254,0.0
0.13969583093247284,0.3773114386896057,0.0
0.15233447262729904,0.3751692771195346,0.0
0.16556381974288,0.37559258219083513,0.0
0.17923757672375507,0.3759122333358315,0.0
0.19327568951660234,0.37610715474085255,0.0
0.2075819571189164,0.3762467717732471,0.0
0.2220651829355576,0.37639661446509304,0.0
0.23666412905684023,0.3765761449359714,0.0
0.25133509397330406,0.3767923274235205,0.0
0.2660527203985872,0.37703518025473454,0.0
0.2808012000023516,0.37729534266960985,0.0
0.29557525925334793,0.37755877499840435,0.0
0.31036791946711223,0.3778161115563668,0.0
0.3251742467203571,0.37806052355700354,0.0
0.3399885683727439,0.3782857063887604,0.0
0.35481029076414305,0.3784948858628882,0.0
0.3696378535668498,0.378693293977746,0.0
0.3844631825245875,0.3788841979365957,0.0
0.3992677458176149,0.37904297473263043,0.0
0.41405989325686554,0.37917808512930634,0.0
0.42883451368466735,0.3792709531530684,0.0
0.44362911426909285,0.3794054473909504,0.0
0.45837888158414636,0.3795379476550223,0.0
0.4730576540303334,0.3796335308781423,0.0
0.48766873242952957,0.3796972670144147,0.0
0.5022016205591487,0.37966941808481586,0.0
0.516663597892551,0.3794855024643352,0.0
0.5311910973651923,0.37923834810204604,0.0
0.5458227203956258,0.37901539027398434,0.0
0.5604815801250929,0.37889977205735054,0.0
0.5751251037712133,0.3788790084405691,0.0
0.5896469359040837,0.3789681099263323,0.0
0.604065557225749,0.37909730195957725,0.0
0.6185112915870692,0.37914155286259665,0.0
0.6329728516153558,0.3791712916508825,0.0
0.6473716991938918,0.37911005415085086,0.0
0.6617531341605768,0.3789778008745729,0.0
0.6761741607741645,0.37877997869294483,0.0
0.6906776376603938,0.378513444555109,0.0
0.7052431705381715,0.3782405112319924,0.0
0.7198432142171806,0.3779884297395156,0.0
0.7344825575436864,0.3778009531133968,0.0
0.7490967343662163,0.37771720592419356,0.0
0.7636625187976449,0.37766886372436015,0.0
0.77820742441186,0.37763535069578585,0.0
0.7927537528308932,0.37762785366338625,0.0
0.8073055470712726,0.37765129429198796,0.0
0.8218741520232685,0.377697771959399,0.0
0.8364737500050169,0.3777646291963039,0.0
0.8510932678193937,0.3778843602206969,0.0
0.8656818646109441,0.3780606917790501,0.0
0.8803029893327616,0.37820955486551516,0.0
0.895174583640562,0.3784070540070157,0.0
0.9106414606209112,0.37951612614779634,0.0
0.9262160687743705,0.38082960333829957,0.0
0.941985405777365,0.3777604710366119,0.0
0.14593384463700934,0.3890334293947333,0.0
0.1591415087828856,0.3888741079071479,0.0
0.17265684995084082,0.38917394795483773,0.0
0.18650128981438294,0.38922989221246823,0.0
0.2006736868772285,0.3892025539384236,0.0
0.21507096294570446,0.3892167944817161,0.0
0.22961370942953083,0.3892967023025355,0.0
0.2442392060108348,0.38944705710657873,0.0
0.25891631655986136,0.38964905984703513,0.0
0.2736222434131781,0.3898865154782244,0.0
0.2883560274679187,0.39013475670833425,0.0
0.30311469582150313,0.39038758880536345,0.0
0.3178916780587815,0.3906341608281951,0.0
0.3326811841054791,0.39087036203718745,0.0
0.34747543670694836,0.3910865341035769,0.0
0.36228219798581746,0.391288116958934,0.0
0.37710413925473385,0.3914884617721142,0.0
0.3919322872064186,0.39169641344604655,0.0
0.40673159127372366,0.39185828692452074,0.0
0.4215301199215393,0.39199835791520954,0.0
0.43631442397524367,0.3920658101355261,0.0
0.45117936715523205,0.39225257661515994,0.0
0.4659830784754149,0.392448965633101,0.0
0.48067304511551073,0.3925970586808444,0.0
0.4952874711536839,0.392703683219424,0.0
0.509752926425629,0.3926978784399355,0.0
0.5241245793594254,0.3923696309283775,0.0
0.538705206516177,0.3919728488782097,0.0
0.5534091282712582,0.3917657508593999,0.0
0.5681614669146042,0.3916939539810764,0.0
0.5827465514307338,0.3918933981898515,0.0
0.5970590457984568,0.3921542120784099,0.0
0.6114155675952453,0.39217796015185624,0.0
0.625868864278883,0.39217855817991,0.0
0.6403280678204595,0.39226451068596513,0.0
0.6546080107045428,0.3921966822864858,0.0
0.6688955165682309,0.39197958862045174,0.0
0.683353149862923,0.3916345803312078,0.0
0.6979281958379481,0.391290307063344,0.0
0.7125539680218573,0.39099049781735057,0.0
0.7272142412767937,0.3907078301226288,0.0
0.7418537193409657,0.390606324646512,0.0
0.7564369355936593,0.39060460395322155,0.0
0.7709456135084827,0.39058352706691546,0.0
0.7854333314628528,0.39055363560892925,0.0
0.7999300025866853,0.39055480192813574,0.0
0.8144530135623983,0.39057042266924114,0.0
0.8290309162080837,0.39058718464269965,0.0
0.843628105953095,0.39066097457196086,0.0
0.858106144324449,0.390898687150469,0.0
0.8724240697416048,0.39110896024091935,0.0
0.8867014065062403,0.39108731582407985,0.0
0.9010683158697161,0.3910219305127756,0.0
0.9156659849839085,0.3927566666838812,0.0
0.9281055182437783,0.3946802139936817,0.0
0.9403948512366435,0.39015489658249236,0.0
0.15104637057024456,0.40221226101734114,0.0
0.1646929357029258,0.40238428585884883,0.0
0.1787774419739268,0.40241094006257255,0.0
0.19317073415611094,0.40221738265652335,0.0
0.2077190374181704,0.40208321631230004,0.0
0.22235406886592768,0.4020503333962721,0.0
0.23702278509576688,0.40213176974204823,0.0
0.251710017624928,0.40228913852774956,0.0
0.26640058757269375,0.4025083601420064,0.0
0.2811056395196501,0.4027410753080472,0.0
0.29583155904499175,0.40297971125915305,0.0
0.3105839412074908,0.40322303265576825,0.0
0.32535116444648765,0.40346251006468287,0.0
0.34012434062419755,0.4036973097807263,0.0
0.3548973248203377,0.4038999964918983,0.0
0.3696914827958617,0.40408818035748206,0.0
0.3845185246378049,0.40428808555747736,0.0
0.3993651206994475,0.4045257311028047,0.0
0.4141609571206543,0.4046772789193598,0.0
0.4289779039658768,0.40481550136330413,0.0
0.4437740059741007,0.40480120063691316,0.0
0.45878468486573404,0.40507373451868217,0.0
0.4736716620782901,0.40538884025810246,0.0
0.48840297031881486,0.40557320376028305,0.0
0.5029738100732445,0.40582106153315506,0.0
0.5173188418218666,0.4057966285752831,0.0
0.5316226454769188,0.40507757495740265,0.0
0.546258878462027,0.4046077160892255,0.0
0.5611978450951578,0.4043663996483764,0.0
0.5759462757476708,0.4046396762770302,0.0
0.5902099199096635,0.40529852816913775,0.0
0.6043839040301915,0.40534151215504566,0.0
0.6187336184818848,0.4051879579691721,0.0
0.6332410550692964,0.4052075202962354,0.0
0.6476398832981725,0.4055228159594504,0.0
0.6616539301357326,0.40537357559230314,0.0
0.6759546319189083,0.4048330494577973,0.0
0.6905537903301182,0.40434809524453136,0.0
0.705250509312987,0.40397859168567013,0.0
0.7200202961702238,0.4036340212344806,0.0
0.7346510731332274,0.4034652182811382,0.0
0.7492552925910095,0.4034785552273801,0.0
0.7637985647273343,0.4035644906014532,0.0
0.7782133727371812,0.4035545147457597,0.0
0.7925968470887149,0.40352136775080405,0.0
0.8070489052000204,0.4034941681330747,0.0
0.8216414644635823,0.40342263160184455,0.0
0.8363339372775602,0.4034143556547869,0.0
0.8508263139808632,0.40372303588978453,0.0
0.8650568444458139,0.40416981037993444,0.0
0.8791744398072394,0.40427871304554375,0.0
0.8933174354560216,0.4040010143911949,0.0
0.907721419378448,0.4037693241171496,0.0
0.9229576200610147,0.4078151328623275,0.0
0.93765894506336,0.4048707457539268,0.0
0.1543935901518463,0.41475338135542056,0.0
0.16985455500313465,0.41518293208812473,0.0
0.18505217421025594,0.4150306992449045,0.0
0.20003111303852134,0.4148490011728919,0.0
0.21490196718690438,0.414749673617418,0.0
0.22968867544217553,0.41479105828802476,0.0
0.2444349294087445,0.4149240917290214,0.0
0.2591298610355159,0.4151402506476055,0.0
0.27382101137364173,0.4153713942409244,0.0
0.2885159392119089,0.41560096631380505,0.0
0.30323692814042685,0.4158236105166646,0.0
0.31799002356183387,0.416062406455985,0.0
0.33274434867901187,0.4163071401429438,0.0
0.34749986931648236,0.4165442868899697,0.0
0.3622427517129979,0.41672380063722725,0.0
0.37702666428967674,0.41688293324404835,0.0
0.3918723201273067,0.41708011436102177,0.0
0.40676524450619855,0.41737287528593753,0.0
0.4215491107913497,0.41748629828300726,0.0
0.43640229839827094,0.41761797273458284,0.0
0.4512024101012173,0.41738942117429534,0.0
0.4664542197119425,0.4178706819683096,0.0
0.4815649733550554,0.41829814237793667,0.0
0.49623112363064437,0.41868529576623686,0.0
0.5107044349981237,0.4191225613905174,0.0
0.5250688078054306,0.41876977719763264,0.0
0.539058029642807,0.41765374846450215,0.0
0.554104001554311,0.4168255998741989,0.0
0.5691919883860163,0.4170737254998976,0.0
0.5834416846476127,0.41827920021583936,0.0
0.5976122993064894,0.41876660713471403,0.0
0.6116616780148703,0.4183998245570069,0.0
0.6260768362187905,0.41807170845045216,0.0
0.6405646294118932,0.4183880184352705,0.0
0.6546928169684365,0.41918471893872095,0.0
0.6684993582167339,0.4183193916521352,0.0
0.6829958619590657,0.41740271862087436,0.0
0.6978411342788641,0.41690594755942634,0.0
0.7128681998598796,0.4164329369475324,0.0
0.7276134086142194,0.41639108040387557,0.0
0.7421096648244984,0.416311160293986,0.0
0.7566935317924021,0.41641425762669715,0.0
0.7711946634406618,0.4166333546930329,0.0
0.7853780135720909,0.4166506625268314,0.0
0.7996022491087678,0.4165182808970832,0.0
0.8142124470799849,0.416259813054441,0.0
0.8291377747060794,0.4160344618070205,0.0
0.8437731755138387,0.41644479982194954,0.0
0.8578818201659265,0.4171910283188039,0.0
0.8717751964978706,0.41764699478803113,0.0
0.8853702785327157,0.41758053433414777,0.0
0.8986883287658783,0.4170179019656738,0.0
0.9119099998808908,0.41616086922489975,0.0
0.9345060659497698,0.4183965041077426,0.0
0.1505785318030699,0.42722255996410363,0.0
0.16355207737611446,0.42795657831645284,0.0
0.177970975612764,0.42769107979201365,0.0
0.19275444282152174,0.42750371480536864,0.0
0.20761575227969223,0.42737383765616066,0.0
0.22240978709861178,0.4274100233414343,0.0
0.23717360699097834,0.4275274497104435,0.0
0.25185418226405526,0.42777754925401085,0.0
0.26651557657012964,0.42801162722568825,0.0
0.2811794941987388,0.42825372016037844,0.0
0.2958601351962888,0.4284598172578844,0.0
0.3105804116170872,0.42865912405240786,0.0
0.32532968438376486,0.42891872677990994,0.0
0.3400687487752843,0.42917210024327024,0.0
0.35479779267220823,0.42942290917851067,0.0
0.3694946254789625,0.4295499303132216,0.0
0.38426513878546426,0.4296572846558308,0.0
0.3991560453321328,0.4298392458296776,0.0
0.4141437082000276,0.43025195055637216,0.0
0.42888327178433183,0.43026249158417007,0.0
0.44383720912217733,0.4303753694046686,0.0
0.4584813401526755,0.4297614821934069,0.0
0.47437893904417394,0.43041863264066216,0.0
0.4896261828245762,0.43144068231167154,0.0
0.5040000396902791,0.4320759894964645,0.0
0.5189493151470446,0.43213412420002817,0.0
0.5328985934678586,0.43204001224989685,0.0
0.5468411092735425,0.42928362577859985,0.0
0.5622134613346369,0.42896226728730097,0.0
0.5764988158767085,0.4309588092000178,0.0
0.5908838160485493,0.43191067995389093,0.0
0.6051357579018625,0.4321811004431361,0.0
0.6190193025170398,0.43117858110274526,0.0
0.6333207012032017,0.43105485264321075,0.0
0.6472646614149856,0.43220387476170785,0.0
0.6616178945362184,0.43282609105439934,0.0
0.6751957357005188,0.4307112134291511,0.0
0.6900735799279526,0.42966151955378373,0.0
0.7056662115401694,0.42893923809674106,0.0
0.7206900643884373,0.42910353018747943,0.0
0.7352798240437777,0.4293866236907877,0.0
0.7495807185701109,0.4291767168696082,0.0
0.7642263967332944,0.4294011738439712,0.0
0.7785138636243785,0.4300419754733157,0.0
0.792160375147716,0.4299212518852223,0.0
0.8065860630867432,0.42912572133823507,0.0
0.8219725421960468,0.4283925556193989,0.0
0.8370197730849758,0.42882425213139364,0.0
0.8513448817172922,0.4300800253623445,0.0
0.8654438770626729,0.4308061182382482,0.0
0.8794982376102537,0.43118849674874904,0.0
0.893289878299503,0.4308072975709524,0.0
0.9071526105163876,0.42955750784940017,0.0
0.9218482264811814,0.4239279395088804,0.0
0.9320490444487649,0.43301508171028114,0.0
0.15351452292941464,0.44068295680199976,0.0
0.16950628389952074,0.4403115522873839,0.0
0.1849764443029055,0.44007156888892507,0.0
0.20017526714861314,0.43991391234360466,0.0
0.21509260432899632,0.4399944429362807,0.0
0.22991791714083165,0.4400990050440278,0.0
0.24456751678045718,0.4404066571859671,0.0
0.2592051439886579,0.44067656482691064,0.0
0.2738121167275333,0.44092162411146346,0.0
0.2884649099478049,0.4411403322344743,0.0
0.3031445996806138,0.4413020306126138,0.0
0.31784461595268393,0.441503700450337,0.0
0.3326026755241374,0.4417951171968588,0.0
0.3473107040596544,0.4420746178550612,0.0
0.3620086384565056,0.4423447045113479,0.0
0.3766131993225166,0.44237513644385335,0.0
0.39137932127000014,0.44237166693315233,0.0
0.4063563822948005,0.44252539032570415,0.0
0.4215379097658164,0.4432004192968968,0.0
0.43624896844108924,0.44287653002650007,0.0
0.45122721745538036,0.44327148713821907,0.0
0.4658481818243959,0.44124642869753106,0.0
0.4823058294689629,0.44305671038030525,0.0
0.49739922940119474,0.4453213549864541,0.0
0.5125393615016562,0.44440657727281974,0.0
0.527195821017071,0.446083769834688,0.0
0.5420391561566604,0.4439290887376012,0.0
0.5548984674960752,0.44056388961505616,0.0
0.5685168143440602,0.44301901834303586,0.0
0.5835857146148153,0.4444807598486505,0.0
0.5986727937955956,0.4452777366319509,0.0
0.6134395904950073,0.44536176420716056,0.0
0.626299770893264,0.44408172811118735,0.0
0.6389503295143685,0.44521122579344496,0.0
0.6534611059814114,0.44553969533929566,0.0
0.6689341581845444,0.4461598551949275,0.0
0.6816817722630262,0.44241165938413707,0.0
0.6980297871482871,0.4407448279893598,0.0
0.7136649244522882,0.44136587062723703,0.0
0.7286113030542017,0.44213170340836905,0.0
0.7431172351242051,0.4425669758415778,0.0
0.7571729832827163,0.44187241557398793,0.0
0.7717410674864245,0.44278020603864315,0.0
0.7851305280689614,0.44431790141970134,0.0
0.7986799510971453,0.4424180833174014,0.0
0.8145152677295415,0.4403315382052517,0.0
0.8300716927354505,0.44070124037458747,0.0
0.8445538215186068,0.44250235343755284,0.0
0.8590881316457437,0.4437504361099157,0.0
0.8734840546807693,0.44419036033671705,0.0
0.88814608860049,0.44437147959072704,0.0
0.9023810728040532,0.44317710415993056,0.0
0.9176076229639945,0.43803489091790593,0.0
0.9287857073349232,0.44666173429259054,0.0
0.1535079657025858,0.45318406746004825,0.0
0.16601996933273325,0.45300636947214895,0.0
0.17953389664733657,0.45283703476805226,0.0
0.19382901445151526,0.4525085853034242,0.0
0.20828703179137265,0.45262171493189396,0.0
0.222954175451857,0.4526706028294543,0.0
0.23740550986662315,0.45308396882590796,0.0
0.2519232250218659,0.4533470059752693,0.0
0.2664549046806021,0.453656945946188,0.0
0.2810228248911398,0.45382555963575916,0.0
0.29571368850064594,0.453997292490021,0.0
0.3103397385938142,0.45417202712882104,0.0
0.3250258871104545,0.4543361816321207,0.0
0.3397939868610296,0.45472416031631746,0.0
0.3544649990120074,0.45501715153926187,0.0
0.36909002324945894,0.45536585128425744,0.0
0.38353939900110523,0.45515623634705904,0.0
0.39830618630771125,0.45497649149654606,0.0
0.4134081113546213,0.455069966727645,0.0
0.429206383048083,0.4561010776856972,0.0
0.4432156621388191,0.4556453339293652,0.0
0.45941942397155455,0.45542229379568705,0.0
0.47255376674527394,0.45237086854412484,0.0
0.5142402120807451,0.45881299774174866,1.0
0.6892258285971946,0.451459164080762,0.0
0.7055019258604943,0.4524954418525827,0.0
0.7214306045882611,0.4541414520576996,0.0
0.7368022597412267,0.45525268777113737,0.0
0.7517408607548367,0.45565338859036975,0.0
0.7648263027093235,0.4546885552241169,0.0
0.7776026360445714,0.45804255371875935,0.0
0.7919033756462531,0.4575602433105031,0.0
0.8070060656675652,0.4520255800229004,0.0
0.8226767333831542,0.4519707658669691,0.0
0.8369362712566875,0.4545334009933329,0.0
0.851764508684093,0.4559859554706763,0.0
0.866935295885144,0.4571367328707115,0.0
0.8818532879240198,0.45691406677031177,0.0
0.8974165308055075,0.4569993015721357,0.0
0.9134312737254602,0.45132480069515607,0.0
0.9259365001855331,0.4599064610381512,0.0
0.1601176995746264,0.46659584125074766,0.0
0.1737632995705001,0.4665636054253183,0.0
0.18751141537758398,0.4655993945584151,0.0
0.2014972352444907,0.46550832906096673,0.0
0.21610669917606132,0.46526769734744805,0.0
0.2303187215079965,0.46588943105601943,0.0
0.24465683734027655,0.46611455132105756,0.0
0.2590125632664938,0.4664037360709087,0.0
0.27355517905629406,0.46662660732997946,0.0
0.28820424071594375,0.46661749215697046,0.0
0.3028694579621209,0.46693711448515496,0.0
0.3174497915423306,0.46703013276844546,0.0
0.33207426745744184,0.46717765915263915,0.0
0.34693304589230134,0.4677011633901823,0.0
0.3614613493283545,0.46808322083766146,0.0
0.37602041677887416,0.46851146325952603,0.0
0.3901817632748397,0.46782598149275256,0.0
0.40501324644745046,0.46739032080530923,0.0
0.4209069591435197,0.466761605607589,0.0
0.4364735913164196,0.4701915140276662,0.0
0.4512087907608153,0.4660312444789505,0.0
0.7891666839561523,0.47294406965476865,1.0
0.8037865545859734,0.4649609997004641,0.0
0.8165670517080185,0.4635264506681631,0.0
0.8286783357780432,0.466613336762106,0.0
0.8431345987442764,0.4678811775825236,0.0
0.8585864452232408,0.4689131344198839,0.0
0.8741332119141155,0.47040355967671654,0.0
0.8872162540678039,0.4698434875359678,0.0
0.9109721325578092,0.4639331128095173,0.0
0.9234242498613154,0.472895958624681,0.0
0.16670158689069856,0.4797708621648253,0.0
0.18158150505515666,0.4794298782379081,0.0
0.19447060490355422,0.47885645933764936,0.0
0.20918002195067759,0.4777817380042802,0.0
0.22314483264045837,0.47877195286676194,0.0
0.2373949804006296,0.47903307281569557,0.0
0.25143853702308183,0.4793366089844706,0.0
0.26583019272987646,0.47934960344584604,0.0
0.2807308058596357,0.47936109223118994,0.0
0.29524418452274753,0.47951081222869496,0.0
0.3100140614298525,0.4798907867130289,0.0
0.3243870198359931,0.479964749535244,0.0
0.33902655908301454,0.47989182182785445,0.0
0.3538992085897199,0.4809437527004978,0.0
0.36818614591418847,0.4812536813767574,0.0
0.3825051995810471,0.4819493145651136,0.0
0.39596405925450573,0.4802716563713276,0.0
0.41185013572806156,0.4786832769036576,0.0
0.42488875899301876,0.47977920660847034,0.0
0.891927018829513,0.4862140890504449,1.0
0.8989286590274321,0.47202209142832535,0.0
0.9105058746856505,0.47829716662838195,0.0
0.9251739462044367,0.48838853537652793,1.0
0.1763894102941468,0.4912762786092685,0.0
0.18976144200183703,0.494506297842918,0.0
0.20203128050362465,0.49012262848160376,0.0
0.21551178622568537,0.4916177555617834,0.0
0.22997989434639265,0.4918641265846678,0.0
0.2437203618872399,0.4926401986562562,0.0
0.25776649860996426,0.4923076064888302,0.0
0.27293215050485353,0.49161575476775254,0.0
0.2877814853860181,0.49243944465946565,0.0
0.3023211745726978,0.4922125178581786,0.0
0.317042196908386,0.49316016545201125,0.0
0.33131708659873427,0.4927045767028642,0.0
0.3456534726806902,0.4926952597986264,0.0
0.3609748203140343,0.4944129271677266,0.0
0.3748291935627575,0.4946250029870586,0.0
0.3899043833281384,0.4953013382430251,0.0
0.405024442391924,0.4892518660749716,0.0
0.20463329392451887,0.5031114847362608,0.0
0.22149922115484086,0.5038598197420422,0.0
0.23534527980512393,0.505932551555234,0.0
0.2493615265598645,0.5058459598443312,0.0
0.26495003596903594,0.5037751919928433,0.0
0.2796769815115097,0.5044603856341415,0.0
0.29523172487871313,0.5053104103198688,0.0
0.3089817723842378,0.5052142164063861,0.0
0.32450958701824,0.5062644010516122,0.0
0.33746833398203724,0.5059597162225858,0.0
0.35173824310126384,0.504940348466599,0.0
0.3662798009976079,0.5090867338347697,0.0
0.3792000008906381,0.5072312766944744,0.0
0.21400170165991952,0.5135850054535601,0.0
0.22742003941217043,0.5190325434268291,0.0
0.24096624697967847,0.51963660897067,0.0
0.2578527841373723,0.5159031977206119,0.0
0.2715803708928188,0.5169509323835106,0.0
0.28733778593629394,0.5161095282304098,0.0
0.30245151974127393,0.5195280016363559,0.0
0.3164437881593624,0.5165406425208645,0.0
0.3300330301597104,0.521807308797007,0.0
0.34179504575267833,0.5180731842556606,0.0
0.3546123126925125,0.5177647200610094,0.0
0.36991801922636003,0.5242267630335131,1.0
0.2516932633829868,0.526136544091668,0.0
0.26378720199697353,0.5310681211633445,0.0
0.278549187434127,0.5278491250110794,0.0
0.2913256913001307,0.5294375879796253,0.0
0.301954229703973,0.5352061349722265,0.0
0.3160121418854469,0.5289675857146524,0.0
0.2741470845345693,0.5396371578589247,0.0
0.2868215692316951,0.5428141819741625,0.0
