0.0004283163405578059,0.9995439009778925,1.0
0.0,0.9632319361924413,1.0
2.7203875684087322e-05,0.9463840550560139,1.0
6.251103348681162e-05,0.9246747834542555,1.0
0.00010302744408012496,0.899684261400305,1.0
0.0001435438546734383,0.8746937393463545,1.0
0.0001840602652667195,0.849703217292404,1.0
0.00022457667586003286,0.8247132740443192,1.0
0.0002650930864533462,0.7997227519903687,1.0
0.00030560949704665956,0.7747322299364181,1.0
0.00034670471350557605,0.7497417078824677,1.0
0.0003872211240988894,0.7247511858285172,1.0
0.0004277375346921706,0.6997612425804323,1.0
0.0004682539452854839,0.6747707205264818,1.0
0.0005087703558787973,0.6497801984725313,1.0
0.0005492867664720785,0.6247896764185807,1.0
0.0005898031770653918,0.5997991543646304,1.0
0.0006303195876587052,0.5748092111165455,1.0
0.0006708359982520185,0.5498186890625949,1.0
0.0007113524088452997,0.5248281670086445,1.0
0.000751868819438613,0.49983764495469396,1.0
0.0007923852300319264,0.4748471229007435,1.0
0.0008329016406252397,0.4498571796526586,1.0
0.000873418051218521,0.4248666575987081,1.0
0.0009139344618118344,0.3998761355447576,1.0
0.0009544508724051477,0.3748856134908071,1.0
0.000994967282998461,0.3498950914368566,1.0
0.0010354836935917422,0.32490514818877175,1.0
0.0010760001041850555,0.2999146261348212,1.0
0.001116516514778369,0.27492410408087076,1.0
0.0011570329253716822,0.24993358202692026,1.0
0.0011975493359649635,0.22494305997296976,1.0
0.001238644552423912,0.1999531167248849,1.0
0.0012791609630171932,0.1749625946709344,1.0
0.0013196773736105067,0.1499720726169839,1.0
0.00136019378420382,0.1249815505630334,1.0
0.0014007101947971013,0.09999102850908291,1.0
0.0014412266053904145,0.07500108526099804,1.0
0.0014759549573275356,0.05335027305166711,1.0
0.001503158833011623,0.03663551726433195,1.0
0.0020466575408275094,0.00013312534909229232,1.0
0.017936614969656095,0.0,1.0
0.033918023725252426,0.0003530715780273714,1.0
0.04990001128671439,0.0007061431560547428,1.0
0.05990293425633577,0.0075094273005362555,1.0
0.05951224029704317,0.02348909963853574,1.0
0.07333065153282263,0.028914825822844888,1.0
0.08840738672045703,0.024405928129675656,1.0
0.09158445211683774,0.03613369257884058,1.0
0.09181192282202588,0.05210005238193084,1.0
0.10400041674022323,0.060531517426397605,1.0
0.11989500461597677,0.0599231924616324,1.0
0.13262005157160262,0.06907121916773504,1.0
0.1329355007683648,0.08503989419428777,1.0
0.14275146944339134,0.09518809743617941,1.0
0.1574768694705952,0.09978034317399771,1.0
0.16888686949953552,0.11072035284005567,1.0
0.17815586663155247,0.12371107168800048,1.0
0.18598305835231335,0.137649295737963,1.0
0.1959830872926066,0.14975328399978002,1.0
0.20948315530229583,0.1580851944353604,1.0
0.22536211541967768,0.15992406067043083,1.0
0.24068310668260312,0.16426626227430188,1.0
0.2541687045456519,0.17240311513316878,1.0
0.26734811410578835,0.18098564850856197,1.0
0.2829943942651915,0.18391845782965166,1.0
0.2986707723296068,0.186581543617363,1.0
0.3140803208899719,0.19045201844075488,1.0
0.329831364911052,0.1929177314282903,1.0
0.3444873082343817,0.1992301881987272,1.0
0.3600230364734516,0.2029964779663077,1.0
0.37581864854618435,0.20539736469689385,1.0
0.3917925328255277,0.2056850312121063,1.0
0.4077756779987209,0.20550097094683958,1.0
0.4237553503367203,0.20505529043031323,1.0
0.43849811453989274,0.20939286158725934,1.0
0.44976804354935335,0.22039306706334164,1.0
0.46574308544042786,0.22054645061773057,1.0
0.48154680079527923,0.2193147517356941,1.0
0.49526855145150045,0.21132549437255996,1.0
0.5090649680643864,0.2078150367975829,1.0
0.5293272250020982,0.23055921328706747,1.0
0.5685766295555639,0.24152063877015328,1.0
0.6096978922784403,0.24912093859159168,1.0
0.6523408356220282,0.24782904389953087,1.0
0.6937190881492394,0.25828459305606605,1.0
0.732619472765737,0.2756748152885781,1.0
0.7657329563377796,0.3025065188010615,1.0
0.7822503393249388,0.33458625509710915,1.0
0.820487991225303,0.34827964426591496,1.0
0.8494033958540137,0.37808640992767817,1.0
0.8643510573336151,0.4178364815549041,1.0
0.8758409325720107,0.4589398012959463,1.0
0.8831755605011301,0.500608614367698,1.0
0.8657581343929339,0.5388960435725056,1.0
0.8373763887723238,0.5706140262025415,1.0
0.7975273413420771,0.5857220169069194,1.0
0.769718034722564,0.6082994973071058,1.0
0.7476915775064465,0.644424507797962,1.0
0.7291512680189501,0.6826760510391012,1.0
0.7022940970483795,0.7157594367061316,1.0
0.6713760241246286,0.745098527228475,1.0
0.6312549379375411,0.7536955307505087,1.0
0.5998622442039828,0.728896593438078,1.0
0.5663354932438885,0.7035454753298469,1.0
0.5268134711277164,0.7052321156222597,1.0
0.4864880664700656,0.7161877530466895,1.0
0.4455832771409306,0.7262769180902879,1.0
0.4038183822954862,0.7321408003148704,1.0
0.36684194837630485,0.7528487377691087,1.0
0.32733381760090763,0.7477257270525179,1.0
0.30245384746729026,0.7378813968900761,1.0
0.3089162149569224,0.7780186896414009,1.0
0.3415817027889761,0.7914562466176032,1.0
0.37617056251248054,0.7937992527616274,1.0
0.39874283365987634,0.8295573003336816,1.0
0.4139440121086187,0.8693386274776509,1.0
0.42717377777906407,0.9096142548308584,1.0
0.43774740333218537,0.9508767461849459,1.0
0.4688738463675591,0.9638651498094282,1.0
0.48987060794874093,0.9986832166557176,1.0
0.47197219416621566,0.9991740440297622,1.0
0.4638231863841708,0.9991885141764026,1.0
0.4532495608310495,0.9992081935758337,1.0
0.4410083955790808,0.9992301881987272,1.0
0.42876723032711217,0.9992527616274862,1.0
0.41652606507514345,0.9992747562503799,1.0
0.40428489982317484,0.9992967508732734,1.0
0.39204373457120617,0.9993193243020324,1.0
0.37980256931923745,0.999341318924926,1.0
0.36756140406726884,0.9993638923536852,1.0
0.35532023881530017,0.9993858869765786,1.0
0.3430790735633315,0.9994084604053377,1.0
0.3308379083113629,0.9994304550282312,1.0
0.31859674305939417,0.9994524496511247,1.0
0.3063555778074255,0.9994750230798839,1.0
0.29411441255545684,0.9994970177027774,1.0
0.2818732473034882,0.9995195911315364,1.0
0.2696320820515195,0.99954158575443,1.0
0.25739091679955084,0.9995641591831892,1.0
0.2451497515475822,0.9995861538060826,1.0
0.23290858629561353,0.9996087272348417,1.0
0.22066742104364484,0.9996307218577353,1.0
0.2084262557916762,0.9996527164806288,1.0
0.19618509053970754,0.9996752899093879,1.0
0.18394392528773887,0.9996972845322815,1.0
0.17170276003577017,0.9997198579610405,1.0
0.15946159478380154,0.9997418525839341,1.0
0.1472204295318329,0.9997644260126932,1.0
0.1349792642798642,0.9997864206355866,1.0
0.12273809902789555,0.9998084152584802,1.0
0.11049693377592688,0.9998309886872394,1.0
0.09825576852395823,0.9998529833101328,1.0
0.08601460327198955,0.999875556738892,1.0
0.0737734380200209,0.9998975513617855,1.0
0.061532272768052225,0.9999201247905446,1.0
0.04929110751608358,0.9999421194134381,1.0
0.0370499422641149,0.9999646928421972,1.0
0.02623148182983688,0.9999837934357626,1.0
0.017518717134679437,1.0,1.0
0.025732886497719355,0.00017224025323670221,1.0
0.044433057670442054,0.04888428630670722,0.0
0.030731099119396796,0.07097947288518641,0.0
0.06404834479127525,0.06350342542458509,0.0
0.08229065235971442,0.08297629302518363,0.0
0.053553881112147504,0.09554438342054733,0.0
0.08014860855848306,0.10967267235343216,0.0
0.10778327344719439,0.09529558311332881,0.0
0.0344629703435188,0.12554231996784587,0.0
0.0629528356661202,0.1291706070180648,0.0
0.09847492613991413,0.128424403102285,0.0
0.12647439738517866,0.12067188254446114,0.0
0.1491849393976963,0.13556268431819482,0.0
0.05328368666523815,0.15618153562345785,0.0
0.0835747631704642,0.15422641692694417,0.0
0.11557988189686393,0.1527382092310219,0.0
0.14062284267865507,0.1622671512132201,0.0
0.16864761996188338,0.1620446451198854,0.0
0.033074007039583304,0.18162948494257286,0.0
0.06648594918081782,0.18205076169247605,0.0
0.09814242054981014,0.18080769121181245,0.0
0.12696093628962693,0.18593688370845707,0.0
0.15902378956210292,0.1887644910743555,0.0
0.19122113798862336,0.1841546415743931,0.0
0.2221971384637249,0.189903309228565,0.0
0.05425719316142913,0.20889955472829916,0.0
0.08390758239944394,0.20885922423432676,0.0
0.11309399410244618,0.21128154146255576,0.0
0.14424257010970698,0.21322601819208745,0.0
0.17719284357402076,0.21221092761393423,0.0
0.20815744414126888,0.21231616996647,0.0
0.24394524340294993,0.20643175943031908,0.0
0.27397022937686466,0.2125151290936869,0.0
0.30453001199340024,0.2195909554258946,0.0
0.03378106528050698,0.23640317740242475,0.0
0.06622891258504257,0.23623190469112862,0.0
0.0974044190305643,0.23751871969366103,0.0
0.12893466563660924,0.23871108356768575,0.0
0.1612777344721829,0.23848217711263886,0.0
0.1930932671369343,0.23856799871497417,0.0
0.22551171057215114,0.2348747726067388,0.0
0.254633462993922,0.2362078142856613,0.0
0.28502334252375433,0.23962161045834954,0.0
0.3290433364791387,0.22855182401805,0.0
0.3571510999143812,0.23365511431161506,0.0
0.3872192769135561,0.236307250520655,0.0
0.416656322791363,0.2371507017159328,0.0
0.4430079660652654,0.2473605465629377,0.0
0.47265393542576684,0.24972314157999972,0.0
0.5025004057663137,0.24262147825123248,0.0
0.05447530008895885,0.2635858017119015,0.0
0.08380224501568874,0.26418751568393933,0.0
0.11446051403539217,0.26483056675870353,0.0
0.14607147637886508,0.26480422812920335,0.0
0.17782977552379986,0.264752965664987,0.0
0.2101022128036126,0.2630959788195089,0.0
0.24085738371401774,0.26308000164870704,0.0
0.2724703255603035,0.2635941029858936,0.0
0.30735861062915615,0.255898839931582,0.0
0.33721313892364696,0.25895105722122697,0.0
0.3677926878985136,0.26220032386008707,0.0
0.398079023930492,0.2643865471504749,0.0
0.4261872373564107,0.269664394481595,0.0
0.45746892130961,0.2743295467412142,0.0
0.4899073988870682,0.27189329630489734,0.0
0.5196537011918406,0.26431907964200696,0.0
0.5460373349378281,0.25498475168663304,0.0
0.588497337157184,0.24520251380030142,1.0
0.6316435562868291,0.24845608094755545,1.0
0.6538755667208548,0.27963073213402573,0.0
0.033637140778657565,0.29080789745839963,0.0
0.06632077267447524,0.29098755133560744,0.0
0.09838800649649355,0.29126997523906656,0.0
0.1303555196564928,0.2912692902398862,0.0
0.16221925221847225,0.29114135862332635,0.0
0.1942577476023199,0.29028460122472166,0.0
0.22566610357876635,0.2900014551050692,0.0
0.25735316017325943,0.2895181271506234,0.0
0.2902695992095578,0.2856970398219598,0.0
0.3199335726947954,0.285529137111682,0.0
0.3502862763623887,0.2879839871844602,0.0
0.38090223162350584,0.2906187806425269,0.0
0.4107401716207361,0.2945208480788067,0.0
0.44181340068288233,0.29752474704998705,0.0
0.4752338214730609,0.29759737780471884,0.0
0.5081997405990291,0.293758250032409,0.0
0.5391855090050659,0.2866275844929711,0.0
0.5685488140887333,0.2761929820162384,0.0
0.5968211095890933,0.27791103453639426,0.0
0.6259294975158027,0.2789800474470944,0.0
0.6730593266697114,0.2530642384369471,1.0
0.6809577599219945,0.2858794466898394,0.0
0.7096608859646112,0.2815660375984484,0.0
0.054253226787211596,0.31789225549029826,0.0
0.08430073440854227,0.31786617878085427,0.0
0.11538766136354273,0.31781703085719176,0.0
0.14686131958330337,0.31769180920967255,0.0
0.1785602290828721,0.3171895027741745,0.0
0.21005947428665475,0.31685434416400016,0.0
0.2416786856789372,0.31628306688832786,0.0
0.273619326437956,0.3142497985469685,0.0
0.30399681513895654,0.31369732872011347,0.0
0.33410432499479675,0.3144860141617678,0.0
0.3646305982368465,0.31661867457905296,0.0
0.39516544812623494,0.3196422576053284,0.0
0.4265613051275691,0.3220480174853251,0.0
0.4592733234205433,0.3222087953038434,0.0
0.4925977044369358,0.3205196567777009,0.0
0.5249544141834935,0.3164649861259726,0.0
0.5553378289190841,0.30965162601994534,0.0
0.5833755973367506,0.30622524412351754,0.0
0.6130329974819145,0.30697423652918854,0.0
0.6429390017506806,0.3079329175897269,0.0
0.6721652574912685,0.31108051615526505,0.0
0.7041901360145435,0.3098313917769779,0.0
0.7355675836063034,0.3050152497483456,0.0
0.034139130875983394,0.34542893673181235,0.0
0.06704746417865462,0.34464742578817287,0.0
0.09922545738048721,0.34448346645401834,0.0
0.1310451024187922,0.34435115255911036,0.0
0.1627577597063925,0.34403755944867825,0.0
0.19429711046880188,0.3437294609462924,0.0
0.2258326288200952,0.3432510022841956,0.0
0.2573984620836648,0.34213606315234335,0.0
0.2881630500998266,0.34161509958078723,0.0
0.3186025850789922,0.3418457698016294,0.0
0.34904345434769674,0.3429996065215731,0.0
0.3797549147577459,0.34514471201135166,0.0
0.41119456686705563,0.34703761298334795,0.0
0.44359875154158335,0.347477944942212,0.0
0.47639244329295116,0.34644866695907794,0.0
0.5090060889444024,0.34428501588411065,0.0
0.5405134065561815,0.34042403181183706,0.0
0.5700663672199321,0.33669190224926665,0.0
0.5993890390432605,0.3349657417613046,0.0
0.6294871713172862,0.3354641864185904,0.0
0.6595948834585132,0.33723515038960233,0.0
0.691109295653491,0.33682433037607334,0.0
0.7227373167883786,0.3344086750944305,0.0
0.7530177608276246,0.3319556531290634,0.0
0.05446338117858317,0.37144504581124727,0.0
0.08487145369573405,0.371176537234477,0.0
0.11593929456538232,0.3710756680255414,0.0
0.14727243827277592,0.3708748140701731,0.0
0.17865315401504214,0.37063341707221575,0.0
0.21005750077053853,0.3702689033737345,0.0
0.24144081382951016,0.36962205957279903,0.0
0.272417215877709,0.3692337057572266,0.0
0.30313309076475947,0.36925377813735166,0.0
0.33376388258796513,0.36987314773697944,0.0
0.3645271363219391,0.3711603534171192,0.0
0.3958671822671214,0.3725196910276881,0.0
0.42795102222054315,0.37302975394218363,0.0
0.46041980425865026,0.37252370090048503,0.0
0.4928083996963367,0.37116200171654157,0.0
0.52475382902228,0.36898573068568136,0.0
0.5555924824982532,0.3663422766778549,0.0
0.5856537775844439,0.3639789800110292,0.0
0.615719471182336,0.36310076548905684,0.0
0.6461933725120814,0.36385542845275193,0.0
0.6775189228764915,0.36382398786203113,0.0
0.7088911230466362,0.36267079375636574,0.0
0.7392584509014004,0.3612850189926476,0.0
0.767948128016709,0.3617720700187709,0.0
0.7972276126308134,0.36024185050015073,0.0
0.03537975182784834,0.39878691005945327,0.0
0.06802808690008019,0.39801298211625524,0.0
0.0998893878788663,0.3978929954015089,0.0
0.13145632562912632,0.39775239918464106,0.0
0.16289358954430277,0.3975618363438578,0.0
0.19427870298626257,0.39729161772965876,0.0
0.22560557819066498,0.396889308483234,0.0
0.2567089419369094,0.39661081992519104,0.0
0.2876320800974371,0.39656811831324384,0.0
0.3184601105023046,0.39688908938158163,0.0
0.34935032434127017,0.39763637598516927,0.0
0.38059537522521797,0.3984862301856266,0.0
0.4123941766444783,0.39890422535120973,0.0
0.44456003492577845,0.398663767899124,0.0
0.47677711609685297,0.3978209428189046,0.0
0.5087701095976681,0.3964274887927565,0.0
0.5402538279261867,0.394693610158994,0.0
0.571145172199946,0.39272712855324643,0.0
0.6016676321500922,0.39122217409040466,0.0
0.6323376096113774,0.3908250388402828,0.0
0.6637613067914221,0.39065255216255274,0.0
0.6955396650467817,0.39009320711682866,0.0
0.7270429496097272,0.3894447149342259,0.0
0.7578760784848042,0.3896130526163914,0.0
0.7889338968830573,0.3884478188491446,0.0
0.8203473593954551,0.38199007452599537,0.0
0.05506035529764794,0.42483785792827194,0.0
0.08531957156932463,0.4247685302214042,0.0
0.116205511140804,0.42466746614550627,0.0
0.14735291718189117,0.4245122522278868,0.0
0.17860268745856153,0.42430222402201073,0.0
0.20986671263841722,0.4240312601732132,0.0
0.24103118946289584,0.42382398105244506,0.0
0.27209254450218195,0.42376329301566396,0.0
0.30308421891350906,0.42392711389971344,0.0
0.33409956785200473,0.4243488223134921,0.0
0.3653243916396164,0.42484980620349516,0.0
0.39691212838518897,0.42510289337915147,0.0
0.4288159368872209,0.42494680344960223,0.0
0.4608494573303282,0.42438038989142834,0.0
0.4928186423844247,0.4234384826076268,0.0
0.52453671705622,0.4222139301197327,0.0
0.5559308634910312,0.4207583286498372,0.0
0.5869731058475532,0.41929533740951536,0.0
0.6179060362806842,0.4182469377181873,0.0
0.6492509526140385,0.4174905186000118,0.0
0.6811430209371115,0.4169175483442438,0.0
0.713184245454178,0.41654518438140536,0.0
0.7450062408377335,0.41668625298694706,0.0
0.7768538324774863,0.41633178982503116,0.0
0.8083829569491963,0.41313231736177247,0.0
0.838105479056263,0.40955085642047034,0.0
0.03536759745244733,0.4509368390934826,0.0
0.06803927425893673,0.4516067543826232,0.0
0.09985464101653348,0.4515950846787828,0.0
0.13135773922227947,0.4514682181109139,0.0
0.16274201019472131,0.45129478261283673,0.0
0.19406664565077175,0.45109112448945604,0.0
0.22531419806455066,0.4509271638785876,0.0
0.25648914159301167,0.45085448055648475,0.0
0.2876187667583287,0.4509317425024178,0.0
0.3187533956320051,0.4511695901963532,0.0
0.3500012195415237,0.4514582395517484,0.0
0.3814656756536916,0.4515822112680535,0.0
0.41315928059491713,0.4514152859646627,0.0
0.44500937636783044,0.4509606417008237,0.0
0.47690034368574075,0.45025346571596797,0.0
0.5087001823584736,0.4493371978665596,0.0
0.5403294223744771,0.44822685880547475,0.0
0.5717337031844273,0.44701404331219785,0.0
0.6029620264050525,0.44584247596851606,0.0
0.6342797660191377,0.44470886670753895,0.0
0.6659435970021715,0.44363147663842983,0.0
0.6981335567380396,0.4430492884706342,0.0
0.7305578714610957,0.44308072505792034,0.0
0.7631221724861154,0.4432492993581529,0.0
0.7953388256590028,0.4426832080878017,0.0
0.8252687496909238,0.44098208676171635,0.0
0.8521382384164528,0.443282952612668,0.0
0.054467237216572616,0.4781837538732724,0.0
0.08485219605632278,0.47845809438297676,0.0
0.11583416600297669,0.4783906495298429,0.0
0.14703254024994855,0.4782519789721204,0.0
0.1783068031760408,0.47808584893638223,0.0
0.20958374749472983,0.47794474096933587,0.0
0.24083626140700168,0.47786741003301025,0.0
0.2720648469764431,0.47788113861476417,0.0
0.3033087123331853,0.47801515035102315,0.0
0.33461128212195024,0.4781896284717987,0.0
0.366028163911095,0.4782559484222737,0.0
0.39757166665245147,0.4780782274725203,0.0
0.42924159657817346,0.47764560617343416,0.0
0.46101060918844966,0.4770200531595399,0.0
0.4928062171340422,0.4762631404744873,0.0
0.5245434623266049,0.4753719012256969,0.0
0.5561483302927207,0.47438050728085823,0.0
0.5876151985921788,0.4733274868316724,0.0
0.6190145584986909,0.47218019503202135,0.0
0.6504611317855228,0.47086674394048483,0.0
0.6821979267703792,0.469491364812387,0.0
0.7147562078527334,0.4689779121866468,0.0
0.7479060891099152,0.4690890429175304,0.0
0.7814186420849734,0.4694989447680499,0.0
0.8147089054050854,0.47053869598508197,0.0
0.8461975346965304,0.4752374957905444,0.0
0.8795736074132094,0.48014553002801186,1.0
0.034175800926304616,0.5040607776746753,0.0
0.06708115050428234,0.5050734840870476,0.0
0.09918509235247909,0.5052071744432695,0.0
0.1308530084868373,0.5051475658093787,0.0
0.16233364366327846,0.505019224151959,0.0
0.19373112236696982,0.5048909547841243,0.0
0.2250863649480897,0.5048067076742093,0.0
0.25641775441046755,0.504790125308149,0.0
0.2877463183784652,0.5048337508976958,0.0
0.3191334569576299,0.5049499326704452,0.0
0.3505704145101152,0.5050114253195926,0.0
0.38205277871175136,0.5048959915536995,0.0
0.41356456505343425,0.5044948521244862,0.0
0.44516156092711223,0.5038612925599062,0.0
0.47686741618519024,0.5031191040824547,0.0
0.5086414896756294,0.5023323075853787,0.0
0.5403555616075868,0.5015034980575049,0.0
0.5719804795234867,0.5005996773210101,0.0
0.6035049011212863,0.4996177055617889,0.0
0.6348892963093143,0.49847404984119,0.0
0.6661559661120833,0.49695605520943514,0.0
0.6976936806555001,0.4950553878353,0.0
0.7304860607415758,0.4945517941231761,0.0
0.7635951601037178,0.4950422944714184,0.0
0.7962263394640303,0.49675451352274586,0.0
0.8270462723582795,0.5018092508035464,0.0
0.8558400120404583,0.5079001348177409,0.0
0.0540871470601093,0.5317432422404205,0.0
0.08431685970645206,0.5319427763976879,0.0
0.11533161714146795,0.5319796671212512,0.0
0.14659129453848646,0.5319059011576523,0.0
0.17792738583657985,0.5317866077547934,0.0
0.20930073372318117,0.5316860621651359,0.0
0.24069527028635504,0.5316408570574743,0.0
0.27210368652803824,0.5316538402234757,0.0
0.3035300162939807,0.5316679792100943,0.0
0.3350501101690417,0.5317508897992737,0.0
0.3665602106703344,0.531735017504554,0.0
0.3980253210103754,0.5315028651658132,0.0
0.42942826990295196,0.5308970394627167,0.0
0.4609274555746644,0.5300636532118828,0.0
0.49262751520001963,0.5291952443957632,0.0
0.5244067442884354,0.528458588255828,0.0
0.556159406653464,0.5276740635919249,0.0
0.58782182931387,0.526852824836617,0.0
0.6192818098681073,0.5260299432322696,0.0
0.6503638572900616,0.5249991564536187,0.0
0.6811544402768446,0.5230946227025995,0.0
0.7121457503003268,0.5202809326141602,0.0
0.7449006288520803,0.5203545943986266,0.0
0.7771954454238109,0.5222373496377342,0.0
0.8080132395272529,0.526768393073683,0.0
0.8369476125126483,0.5358327439467859,0.0
0.033326543638756444,0.55841282122624,0.0
0.06642479530443045,0.5586019408164592,0.0
0.09862712323464772,0.5587296712800751,0.0
0.13037969190589638,0.558735765081994,0.0
0.16192664679995789,0.5586594448996929,0.0
0.1933875493436784,0.5585346708526471,0.0
0.2248539049127529,0.5584434211043929,0.0
0.2563460655195872,0.5584183114550575,0.0
0.2878570680799043,0.5584377337581079,0.0
0.31936547754171707,0.5583762533834737,0.0
0.35101825923109553,0.5584796981737694,0.0
0.382557059028158,0.5584579157083712,0.0
0.41394175610704337,0.5581640946965418,0.0
0.4451381763018884,0.557308923712705,0.0
0.47657072734332445,0.5561669111959646,0.0
0.5082442234194551,0.5552758588462804,0.0
0.540169045178413,0.5545515392578829,0.0
0.572040856553461,0.5538441687356954,0.0
0.6036639269535592,0.5532743059284717,0.0
0.6347382943180234,0.5529224026582451,0.0
0.6652347499635894,0.5519458907001525,0.0
0.6951140362694049,0.5493815561772404,0.0
0.7250040445797082,0.5452553517876049,0.0
0.7574719815089106,0.5471652661492956,0.0
0.7876383724314857,0.5517094528299933,0.0
0.8140728642440511,0.5590865871345926,0.0
0.054231953566116264,0.585442353870984,0.0
0.08414331741179344,0.5855254144666552,0.0
0.11502425282470165,0.5855524184353064,0.0
0.146249351351517,0.5855120356311299,0.0
0.17759477427869774,0.5854138866447497,0.0
0.20898858765291503,0.585245323888342,0.0
0.24048921959004654,0.5851388500939457,0.0
0.27206877321170553,0.5851225160447175,0.0
0.30367346604404577,0.585152900709942,0.0
0.3352129275383146,0.5849575977459468,0.0
0.36704365448590687,0.5852031966083178,0.0
0.39858589025928165,0.5852673754398268,0.0
0.42978446651728436,0.5849946230069645,0.0
0.46074476818125243,0.5835983627928929,0.0
0.49191774605960686,0.5822772046600678,0.0
0.5238196762993443,0.5811269732617473,0.0
0.5561607113015166,0.5804902069956482,0.0
0.5881817157269839,0.5801121755466399,0.0
0.6193558790996512,0.5803638427082835,0.0
0.6499530047162942,0.5804473036742251,0.0
0.6795974819719829,0.579477123648202,0.0
0.7083296669210861,0.5756757890477302,0.0
0.7370371938240586,0.569721853398328,0.0
0.7703187295778314,0.5756866637328568,0.0
0.03342839257146021,0.6124305273129195,0.0
0.0663290817571012,0.6124291352962499,0.0
0.09839844819622473,0.6124084611022051,0.0
0.13008165080812886,0.6123667846322156,0.0
0.16160781603641752,0.6122868622872067,0.0
0.19307172859036262,0.6121550432587608,0.0
0.22450713481593582,0.6118881433916112,0.0
0.2561098072972628,0.6117450716519551,0.0
0.28781969868824675,0.6117497536624955,0.0
0.3195318989666998,0.6118388957432991,0.0
0.3510136585998013,0.6113674092939814,0.0
0.3831868605757776,0.6119800187070943,0.0
0.4146062836784942,0.6123621549755381,0.0
0.44581773086154547,0.6118287110694209,0.0
0.4757782913245974,0.6101532404887396,0.0
0.5070966921551797,0.6078525853411776,0.0
0.5397247054175266,0.606390089719704,0.0
0.5727752324062726,0.6062725483342697,0.0
0.6042564711322954,0.6073269606023415,0.0
0.6351150662697157,0.6080488696235424,0.0
0.6649699162517257,0.6089508312685054,0.0
0.693210730947455,0.6075769066482266,0.0
0.7198902364853501,0.6017349443780161,0.0
0.7468090228417366,0.5928828727029977,0.0
0.054082491341718844,0.6394514078949364,0.0
0.08393737033566799,0.6393444953896937,0.0
0.11475375060770983,0.639257495103116,0.0
0.1459387185940986,0.6391662076877869,0.0
0.17727441823941484,0.6390494362695475,0.0
0.2086620164751229,0.6388820185094496,0.0
0.240024302343495,0.6384224431584565,0.0
0.27173734146377787,0.6382316796008101,0.0
0.3036171226513795,0.6383011104875459,0.0
0.3354598351478831,0.6385765234534749,0.0
0.36671066591282186,0.6374130192551567,0.0
0.39929597877113265,0.6391546005855531,0.0
0.43147227492356477,0.639075116823774,0.0
0.46110848896746237,0.64019413989635,0.0
0.49034856394707416,0.6356873043502079,0.0
0.5227556444104149,0.632155113603422,0.0
0.5565407455061753,0.6307757220548679,0.0
0.5891136450247755,0.6334924824818777,0.0
0.6209677932456176,0.6347935375833431,0.0
0.6519005649944837,0.6364873265152566,0.0
0.6827328877188377,0.6378255390714808,0.0
0.7125305624531367,0.633666510212367,0.0
0.7419664791303727,0.6217068302324305,0.0
0.03305924979873837,0.6665446995400155,0.0
0.06604068197520123,0.6663505536072474,0.0
0.09810818317323892,0.6662028410686035,0.0
0.1297594625840147,0.6660760118669583,0.0
0.161269869775557,0.665941365826626,0.0
0.19273327842405355,0.6658026175913775,0.0
0.2241546234546635,0.6656187749199306,0.0
0.255395436142767,0.6647812364718841,0.0
0.2873221483452839,0.664546481230012,0.0
0.3194584108591198,0.6647854926880568,0.0
0.35160029605284987,0.6654527230235929,0.0
0.3813773140263992,0.663306202371588,0.0
0.417654066865162,0.6644488041587542,0.0
0.44683783524124154,0.669419620918942,0.0
0.47651416313441486,0.6677014818675822,0.0
0.5056292303576148,0.6585912654704982,0.0
0.5396496752527083,0.6548680478260931,0.0
0.5713963321905866,0.6573256806945713,0.0
0.6056107049375613,0.6603940178359582,0.0
0.636772775743307,0.6632956016899337,0.0
0.6674143381120623,0.6650377985935478,0.0
0.6995326447326055,0.6661206974450338,0.0
0.7280938942951303,0.6580192769276271,0.0
0.05363807691032936,0.6933331258466022,0.0
0.08363064492325344,0.6931854511256634,0.0
0.11442897760622642,0.6930387366430221,0.0
0.1455833207340208,0.6928610217173488,0.0
0.17690560843606606,0.6926973222744435,0.0
0.20830130558603313,0.692563870940332,0.0
0.23968685448316657,0.6924188272814334,0.0
0.27062241673950554,0.6907911590234361,0.0
0.3030276400765459,0.6905544498042817,0.0
0.33629298401280816,0.6906515299272193,0.0
0.36824185347204486,0.6938088177821577,0.0
0.3993498194469531,0.6823784840782943,0.0
0.4298468562721858,0.6964225993733915,0.0
0.46202964675762426,0.6981114643280377,0.0
0.495825838720838,0.6909503300699996,0.0
0.5229498086660205,0.6789382776050552,0.0
0.5522263492509021,0.6823292336609488,0.0
0.5865458769699013,0.6811475791404321,0.0
0.6206456546121513,0.6892284931850521,0.0
0.6506997230210856,0.6928041382906962,0.0
0.6832334860200265,0.6915737127975292,0.0
0.7161402525228165,0.6987033699272289,1.0
0.03369798068780925,0.7211324519067913,0.0
0.06621300966636484,0.7203102014373244,0.0
0.09797380891714265,0.72012885425887,0.0
0.12945536145898812,0.7198721828693085,0.0
0.16086782647751477,0.719633718082833,0.0
0.19227913926565202,0.7194588161197459,0.0
0.22370275023992858,0.7193700424038882,0.0
0.2550594063220479,0.719418312653035,0.0
0.28509241970663635,0.7162066014599864,0.0
0.31890038099050655,0.7153359553125921,0.0
0.34773971833834244,0.7194903468826052,0.0
0.3750886063156364,0.7258360522511296,0.0
0.39895541368804516,0.7062859989018276,0.0
0.4249068944581841,0.7291799272641575,1.0
0.5987246685787777,0.7060814948305699,0.0
0.632218137598596,0.7205479412535504,0.0
0.6671981438243719,0.7179747751011122,0.0
0.05363015104484791,0.7475923760978441,0.0
0.0834256894458938,0.7473536695948458,0.0
0.11408203181320045,0.7470096041787744,0.0
0.14511937688741705,0.7466658311085543,0.0
0.17634652630086273,0.7463967820735046,0.0
0.20774043697433114,0.746200711028082,0.0
0.23941840073046833,0.7461134338804238,0.0
0.2716345466304922,0.746433408548028,0.0
0.3055663175288196,0.757212721244465,1.0
0.34744551388140865,0.7503336063308255,1.0
0.6512266370856321,0.7494160661538499,1.0
0.034179732750516896,0.774979215218163,0.0
0.06616759318695775,0.774847330055168,0.0
0.09763498317233513,0.7743459633805305,0.0
0.1288748902905317,0.7738827773162836,0.0
0.1599254382301813,0.773562410028618,0.0
0.19075274347583548,0.7733715859925503,0.0
0.221227300967945,0.7732843373392316,0.0
0.2510639162087495,0.7733894347675752,0.0
0.27923897625410843,0.7756324505571685,0.0
0.053170078132954914,0.8024946770355971,0.0
0.08297480907946195,0.8018164351906204,0.0
0.11361111667968413,0.8012041193757409,0.0
0.14438367389165369,0.8008710388310256,0.0
0.17502042184527,0.8007710353495712,0.0
0.20535786673670128,0.8008952838567452,0.0
0.2352105344774118,0.8012815163406726,0.0
0.2641968589207074,0.8029143271898205,0.0
0.29308238733687886,0.8045999516701081,0.0
0.32090864306382955,0.8085893373128484,0.0
0.35372316359444583,0.8127043723955695,0.0
0.032895003119661814,0.8295494623440409,0.0
0.06555330244147994,0.8293550505204238,0.0
0.09749280791567382,0.8284720855159531,0.0
0.1288709646265358,0.8281095750174361,0.0
0.15981572738978575,0.8280701498349272,0.0
0.1904261207252811,0.8282972893281226,0.0
0.2207337436402205,0.8288340730182094,0.0
0.25061462722845285,0.8300813005058565,0.0
0.2805226712723985,0.8316298402227241,0.0
0.30996262074082803,0.8345047294057453,0.0
0.3402687785835674,0.83574862825987,0.0
0.37344184174386286,0.8281393705103894,0.0
0.05332711907787735,0.8567886276507801,0.0
0.0836379718160448,0.8556064404047843,0.0
0.11446400705830319,0.8551673461841378,0.0
0.14529829446863848,0.8552194640111909,0.0
0.1759215869132746,0.8555033869993488,0.0
0.20640455652671863,0.8560189119011784,0.0
0.23680293369192915,0.857022189137824,0.0
0.26732124775889426,0.8581878221580894,0.0
0.29791627602350784,0.8601837672691348,0.0
0.32945890748985496,0.8613358078725845,0.0
0.36217159091955703,0.8575858883268748,0.0
0.3916831507102474,0.8553324981154657,0.0
0.03322883477935868,0.8849279267861545,0.0
0.06698884718276812,0.882643059594803,0.0
0.09918504461663881,0.8821278256125918,0.0
0.13053204935458118,0.8821548912348834,0.0
0.16145934395264602,0.882638811348285,0.0
0.19197950178909062,0.8831454589603237,0.0
0.22249524288454997,0.883803544764468,0.0
0.25344313117151857,0.8846663218140589,0.0
0.2844093869623241,0.8858513144337616,0.0
0.3163819780988818,0.8864643728199267,0.0
0.35004350350019964,0.8843976913034931,0.0
0.38339868035187596,0.8836876956776152,0.0
0.4202907695812408,0.8886601820112701,1.0
0.05766541169781828,0.9091945075925866,0.0
0.08745163363082556,0.909053772915924,0.0
0.1175308880549018,0.9092023477493066,0.0
0.14771863612807162,0.9095819636287343,0.0
0.1780562887426528,0.9104762997160905,0.0
0.20810818615369056,0.9109163543012517,0.0
0.23895701864421653,0.9109552705443722,0.0
0.2701654049401955,0.9120846406214217,0.0
0.3013159781800103,0.9122818961587728,0.0
0.3336375677295259,0.9108226120574825,0.0
0.36489354885948405,0.9101238001378747,0.0
0.3958050348757261,0.9100030690226345,0.0
0.4324359103255918,0.9301491884365851,1.0
0.028260307633606818,0.9406922494226625,0.0
0.08008682266917407,0.9371605237125197,0.0
0.10727957339770196,0.9372234564719764,0.0
0.13541331859090774,0.9373479762311423,0.0
0.1643643144981269,0.9376193682383666,0.0
0.1941985388413777,0.9388549327938589,0.0
0.22452886632631588,0.9377819426521128,0.0
0.2553786039679944,0.9379030249492822,0.0
0.2868270093093346,0.9393130591985835,0.0
0.31802508039099037,0.937635912011294,0.0
0.3478135880933274,0.938022398506433,0.0
0.37689310629235706,0.9375858688114949,0.0
0.4051780456663224,0.9378111219981249,0.0
0.05405524223301291,0.9375046204297178,0.0
0.07284892299011285,0.9670306444464228,0.0
0.12171323974685332,0.9669303888615526,0.0
0.14647444189531458,0.9668700926203875,0.0
0.19367383631264293,0.9675134547498992,0.0
0.21686292873394905,0.9668671018425168,0.0
0.2661229471177174,0.9665663484829123,0.0
0.2900052764872896,0.9679818964342092,0.0
0.31299591733771515,0.9650269604346379,0.0
0.33757347875521004,0.9671740410543938,0.0
0.3634196097728834,0.9668249045211679,0.0
0.38919534495586505,0.9668629974367434,0.0
0.4147673827331071,0.9662841557141856,0.0
0.44496835343172886,0.9702188966898162,0.0
0.04907120658235006,0.9673844644581185,0.0
0.09704986499486686,0.9669808955228391,0.0
0.1707027375269357,0.9666191404636486,0.0
0.2411310810091058,0.9662063966809977,0.0
0.25140565998091347,0.999574913344573,1.0
0.31245457641744123,0.9994637761676993,1.0
0.4101548063134736,0.9992862039705058,1.0
0.02765944487644093,0.032267227279470456,0.0
0.026677775321491036,0.0996974814737092,0.0
0.0264579591369671,0.152014996292897,0.0
0.02749392615411893,0.20903370466366733,0.0
0.027502632430090792,0.2636491112848775,0.0
0.026992378987246723,0.3186058705470108,0.0
0.026009435191343567,0.37317604097493595,0.0
0.025918342524067547,0.424885886826424,0.0
0.025852279011198954,0.47650770511773144,0.0
0.026581078271906533,0.5305996464971805,0.0
0.026992293689410897,0.5853668793547372,0.0
0.026891916372555825,0.639533881820132,0.0
0.026234109990318312,0.6944929534068842,0.0
0.025429200782222775,0.7486652494920071,0.0
0.025329632655038577,0.8013784971037495,0.0
0.0263067192560491,0.8571911246088446,0.0
0.028883994099061148,0.9125427001286068,0.0
0.024593947823085754,0.9690081828271644,0.0
