0.08383239497221397,0.403401848345324,1.0
0.05984565708356129,0.404852832064891,1.0
0.0403076385274698,0.3946694894339173,1.0
0.044586307710696056,0.3792425359725534,1.0
0.0671529800887517,0.37920122689715113,1.0
0.05846926843525604,0.36806067217125593,1.0
0.0517100783107355,0.354252658750718,1.0
0.03454651949807924,0.3473635925800368,1.0
0.01331717706889585,0.33687120483877014,1.0
0.004699822153765541,0.3169382746527904,1.0
0.0,0.30087190132034836,1.0
0.01754234600951201,0.28503751239761466,1.0
0.01127455972274743,0.2623247612664191,1.0
0.008309855715285747,0.2388089390099582,1.0
0.028764501324903984,0.22730758052647518,1.0
0.0497546972782505,0.21569049401270832,1.0
0.07263055174600609,0.20891586435218948,1.0
0.09618249742889654,0.2039012243845574,1.0
0.11857428624140483,0.19601072133903544,1.0
0.14240627653731402,0.19291177751288127,1.0
0.16303954329343737,0.18102625049870286,1.0
0.18272522565009058,0.1673892852203211,1.0
0.20628182863281325,0.16308439426493043,1.0
0.22762275057310227,0.1598665718821354,1.0
0.2114029798734984,0.1462264560773966,1.0
0.18774066792567698,0.14235569199922066,1.0
0.16494901665614797,0.14387313029958643,1.0
0.14784373279685417,0.1606321106499296,1.0
0.12440103797515323,0.16205385905038203,1.0
0.10060493628383324,0.16566571248116424,1.0
0.08616126014166173,0.15612488154216572,1.0
0.10511670528050918,0.1433578920450422,1.0
0.1139404490247575,0.12746125576614803,1.0
0.11815982569331349,0.10391067987732591,1.0
0.11981772659113907,0.08123677219220976,1.0
0.10154130794043012,0.06840878772207386,1.0
0.10893287328082038,0.047562733241684925,1.0
0.12002816609700195,0.028957113939392282,1.0
0.14179278491109998,0.0265152603277971,1.0
0.1628442106592991,0.02099859083413648,1.0
0.16443387624403719,0.0,1.0
0.19134565281763116,0.014082422309389818,1.0
0.2226705145095242,0.024172755923126517,1.0
0.25241662983225194,0.02487144874038824,1.0
0.27262569093391226,0.041202427149850576,1.0
0.2969054082052857,0.05923185236156016,1.0
0.2685431762612652,0.06670427468895292,1.0
0.23714285848469627,0.06429375022454838,1.0
0.22351109842377406,0.09338717824222224,1.0
0.24198024709989158,0.10647305579844392,1.0
0.26890703270277666,0.09480137320681226,1.0
0.2944643764701315,0.07716719228926477,1.0
0.3232337503482212,0.08832923321354541,1.0
0.33732947922856016,0.1020074879988427,1.0
0.3518488658457348,0.08558551612627237,1.0
0.38391335762904455,0.08860258540411624,1.0
0.41259641491234533,0.1042567094274628,1.0
0.4331762596998054,0.12656719117777476,1.0
0.4640287185545182,0.13103072385476008,1.0
0.49071215045692806,0.14621119265777852,1.0
0.49855132536186253,0.12537093044944977,1.0
0.5067850792324113,0.09397360665134427,1.0
0.5139101413525723,0.06213515045778897,1.0
0.531641675491402,0.037969008683163614,1.0
0.5544890186740503,0.05668988637205959,1.0
0.567526366383281,0.08511418955586028,1.0
0.586197716232365,0.08526204904128894,1.0
0.6131898801492809,0.07698246577491247,1.0
0.6429770110201106,0.08837183380906932,1.0
0.6717613547905182,0.09158793416503568,1.0
0.6860739612088409,0.1130749348584646,1.0
0.7022222873635401,0.14083700131570667,1.0
0.7198225560936543,0.168587130996068,1.0
0.7495203959597181,0.18066080900976955,1.0
0.7822922493998934,0.18190624534514618,1.0
0.8109413944957605,0.1686220216078361,1.0
0.8272700442553068,0.1400365132306843,1.0
0.8364300724433203,0.10860748848414117,1.0
0.8342604947555282,0.07671204885734509,1.0
0.8627934617459176,0.06472269145279015,1.0
0.8953293192366131,0.06164932363873973,1.0
0.9087030883690158,0.07181480024136545,1.0
0.9253089844479844,0.07668674680405514,1.0
0.9416358534752419,0.08242336608810989,1.0
0.9575323332062424,0.08913651156344925,1.0
0.9725980719717984,0.09765191466292532,1.0
0.9829249298841554,0.11079778919933807,1.0
0.9876047334760371,0.12687443598729237,1.0
0.9832892951063207,0.14298008327252096,1.0
0.9700559885713776,0.15363169978998314,1.0
0.9604266102301074,0.16757244625573828,1.0
0.9446744676569313,0.17179534525189838,1.0
0.9289763928124793,0.16544075315817763,1.0
0.9177264306775009,0.1524077692214786,1.0
0.9041367232944753,0.14174225907846666,1.0
0.8908490946404812,0.14453141419183355,1.0
0.8869156135624642,0.16034192956080556,1.0
0.8988033322471519,0.17209844154223777,1.0
0.9097999216164698,0.1854578669738971,1.0
0.9236343329255523,0.19578844289872524,1.0
0.9356554891209782,0.20817711484267362,1.0
0.947756719563939,0.2205148304472815,1.0
0.9612450621859112,0.2306369628518893,1.0
0.968417147379588,0.24636409689907582,1.0
0.9699123558790741,0.2634369753444112,1.0
0.9676637215050545,0.2805918848859505,1.0
0.9659207172586146,0.29778387670976714,1.0
0.9525963585551036,0.3028043480864329,1.0
0.9415921570444634,0.30148601913813644,1.0
0.9472259830679364,0.3133977092190193,1.0
0.9578853095691543,0.32250231945272734,1.0
0.9748218739362082,0.3259909109858501,1.0
0.9850954859962823,0.32958914474989637,1.0
0.9924447638369356,0.33438947065130104,1.0
1.0,0.34901548595244875,1.0
0.9860942419884464,0.3567492845565581,1.0
0.9762172244481158,0.3656881301395163,1.0
0.9818690534793436,0.3817526836026961,1.0
0.9687210459778816,0.3924221074430461,1.0
0.951755696366907,0.3957897461599389,1.0
0.934794417001164,0.3983241391450904,1.0
0.9189678359046195,0.3709670620883817,1.0
0.8909482090255652,0.3545114911241649,1.0
0.8607932493104261,0.34296455763518124,1.0
0.8410502704247451,0.3213149819543329,1.0
0.8374006302461645,0.29766891185046424,1.0
0.8177179027310015,0.31867971342029505,1.0
0.7924551233937892,0.3224489366210374,1.0
0.762593319177751,0.33429924035917413,1.0
0.7614990689705404,0.358021901519947,1.0
0.7724121204701792,0.376287400955083,1.0
0.7701349161055925,0.407028299867177,1.0
0.795198742638629,0.4239728481768002,1.0
0.7845752264680533,0.4512407712081497,1.0
0.7667712497914978,0.46279731282409814,1.0
0.7491523518620552,0.4394009170419054,1.0
0.718729793091432,0.4292029371828877,1.0
0.6972392700703988,0.40764290689713234,1.0
0.6655484581089188,0.40550101861800614,1.0
0.6355392836196191,0.3944354111961332,1.0
0.6053282601901134,0.4002744519395227,1.0
0.5745424907380395,0.40970458394931664,1.0
0.5443637944485455,0.4187040918410134,1.0
0.5127113954264377,0.41918256090906736,1.0
0.4867987075092815,0.40124688831708905,1.0
0.47513829636598337,0.4084246092349324,1.0
0.46826752673035715,0.42274829141672166,1.0
0.4479401154211964,0.402269948369722,1.0
0.4231555898986846,0.3879105145627503,1.0
0.3942868276766971,0.39788758577552613,1.0
0.37494220447456156,0.4085371084649125,1.0
0.3541357174742595,0.4224383657245275,1.0
0.3238140146840359,0.4120587707405412,1.0
0.2950580647878154,0.41671851663356585,1.0
0.2669977158879597,0.40412648897593645,1.0
0.23482099883348337,0.40721834900990883,1.0
0.20250323212694665,0.40909608228720856,1.0
0.17165511747627887,0.4069015547788866,1.0
0.1452269173457649,0.38871622743371903,1.0
0.11315050835406092,0.3898931740656811,1.0
0.17991367359109936,0.029212063221592817,0.0
0.1348303199175339,0.045701793706995994,0.0
0.1588971899145493,0.04393088194693524,0.0
0.18183763963577962,0.04948972172455738,0.0
0.2011462907220669,0.03952205743200712,0.0
0.20687862043447142,0.01908588654833488,1.0
0.23454810461787035,0.04006108757214544,0.0
0.2542929199037019,0.04513075597609696,0.0
0.10515168998147939,0.05822661151760061,1.0
0.12846592391739145,0.06357065317356257,0.0
0.14986774075906245,0.06464802023103894,0.0
0.17179779443402882,0.06563735233487004,0.0
0.19802322883838347,0.06479602710206782,0.0
0.2169915199923131,0.050559161760744,0.0
0.25287028722480753,0.06550110589559532,1.0
0.283123171689618,0.06286297321496662,1.0
0.5233859226420258,0.04922069690439836,1.0
0.5357147442805574,0.06797356862653597,0.0
0.15968662009040963,0.08479511754608936,0.0
0.18321913758891906,0.08329980718895118,0.0
0.20313474413324067,0.08800940574033578,0.0
0.22018570249505473,0.07309557724519689,0.0
0.281258002812616,0.08627939050756442,1.0
0.5104427010156767,0.07762946410842197,1.0
0.5302262633334297,0.09160658071607904,0.0
0.550577698471094,0.08245257615328858,0.0
0.6055562488887607,0.09384177610145301,0.0
0.8542306912252503,0.08061035432899008,0.0
0.8783913696653236,0.06324929834551662,1.0
0.8906245164075287,0.08373718923403288,0.0
0.9121030085695484,0.09525647479056434,0.0
0.13799607609527978,0.08623678012946269,0.0
0.17086718205860957,0.10227201499723083,0.0
0.1934161525984706,0.10635641118336162,0.0
0.21681100408470824,0.11085939002811845,0.0
0.22889684655871897,0.12836292157803864,0.0
0.25511060033927313,0.10078157380775121,1.0
0.29282867369074783,0.10878774500653805,0.0
0.30619956621146593,0.09382948619669114,0.0
0.3177176436004736,0.11433642859235497,0.0
0.3532470147184645,0.11190223731992158,0.0
0.37084993223465024,0.1049303628901751,0.0
0.39382601204507245,0.10758830862663661,0.0
0.520727474516561,0.11263532766743953,0.0
0.5472600820743356,0.10719262342300484,0.0
0.5709448523532006,0.10723559153408523,0.0
0.5937460124746944,0.1098075286380568,0.0
0.6215742557649842,0.10454894128277419,0.0
0.6421764181332931,0.11014551147406239,0.0
0.6629008044227008,0.10988737220940929,0.0
0.8353637033972866,0.09293056217768264,1.0
0.8563808032265726,0.10491576388932321,0.0
0.8724508923588246,0.08907368342572038,0.0
0.8929455572036651,0.10323641805608134,0.0
0.9315780427711232,0.10179094227093248,0.0
0.9521350524626333,0.1082834009473495,0.0
0.13343356081933447,0.11964876215480168,0.0
0.14539413116671004,0.1038871848924338,0.0
0.17964650717290254,0.12374296000283366,0.0
0.20375344892696318,0.1268049959955428,0.0
0.24055501000847532,0.1455393547423661,0.0
0.25341181854307376,0.12703942146136718,0.0
0.27405950196101836,0.11658134643875716,0.0
0.2971016987818932,0.13112093321745458,0.0
0.31880401619890264,0.1353760789040189,0.0
0.33986224273187543,0.12921542151010465,0.0
0.3650556711500195,0.1303663999362308,0.0
0.3867699972403013,0.12778034699807259,0.0
0.41080442010475265,0.12725364146329757,0.0
0.5162856852540763,0.1355870956507686,0.0
0.5382175324742072,0.1294199500561117,0.0
0.5607409179567828,0.12855510976774628,0.0
0.583493400210303,0.12959756987530505,0.0
0.6080904069449585,0.12692896669528073,0.0
0.6300025042614785,0.12915558262995153,0.0
0.6539129913508459,0.131321137925997,0.0
0.677768414975466,0.1315239745404955,0.0
0.831806315257706,0.12447208802749675,1.0
0.8530141621926632,0.1286490074092173,0.0
0.8725353328506003,0.13507993509360558,0.0
0.8732829825010507,0.11348465793218859,0.0
0.914363086979362,0.11783831084425735,0.0
0.9396415651000531,0.12292960628567233,0.0
0.9656435842296687,0.12314586776128843,0.0
0.12811229303703453,0.14417097900690218,0.0
0.14585352132325957,0.137556734792583,0.0
0.158694930593339,0.12062843924005735,0.0
0.26104665336746674,0.15237794872958324,0.0
0.27525379888598567,0.1365794010847893,0.0
0.28606366984216625,0.15467738568283448,0.0
0.30785450933690345,0.1543638505993433,0.0
0.33235294190959175,0.1532863786646982,0.0
0.35456844489032135,0.1503529104127387,0.0
0.3787294195712803,0.15034145677501096,0.0
0.4019854412701359,0.1484431663638991,0.0
0.42580778118497037,0.14809719093789506,0.0
0.44973955136103383,0.14551956072644784,0.0
0.47725042549367636,0.13855268394020231,1.0
0.5082108152483269,0.15629928234287047,0.0
0.5302091393250351,0.15369200828909663,0.0
0.5509828266177919,0.15082973338710004,0.0
0.5728488488235343,0.1507489615937557,0.0
0.5958241855796435,0.14947035165717906,0.0
0.6176682139819488,0.14998933120626073,0.0
0.6400634370339834,0.15117768859163494,0.0
0.6627040883167569,0.15215091127260638,0.0
0.6844782370341566,0.15239066794940928,0.0
0.8458365257081373,0.14863468078969275,0.0
0.8653478316105115,0.15403297558727425,0.0
0.8935970108371335,0.12226650316242783,0.0
0.9265261892915995,0.13470493691566787,0.0
0.9571635037871581,0.13799928579004422,0.0
0.19427055667755536,0.1652794143211266,1.0
0.21697687398677856,0.16147177619616618,1.0
0.24740235903750707,0.17068863867432113,0.0
0.2715430379923307,0.17318110586171212,0.0
0.2959641313089516,0.17528286076818658,0.0
0.320227500834839,0.17391431311186392,0.0
0.34454828951848776,0.17285743323398547,0.0
0.3680603805051852,0.17100741042107598,0.0
0.39249950468024614,0.17019060634592761,0.0
0.41667633652118063,0.1689027342592523,0.0
0.44182472691828045,0.16705529639399416,0.0
0.46735139624625477,0.16284427021396683,0.0
0.48960486252032526,0.1704249421571884,0.0
0.515040473695472,0.1755291313562316,0.0
0.5383889491641228,0.1741696890152835,0.0
0.5608619568971746,0.17260835874954025,0.0
0.583827575795349,0.17172624876515494,0.0
0.6063270460531293,0.17167170138216659,0.0
0.6289516658047567,0.17217438315292574,0.0
0.6519202717004997,0.17289033526086164,0.0
0.6752543220081195,0.17317974830572758,0.0
0.699347484780176,0.16781858926552706,0.0
0.829270107435807,0.16476991760212423,0.0
0.8504114174789275,0.17190046997871572,0.0
0.8726279554025009,0.1762804174477966,0.0
0.9432904322569068,0.14882697245712867,0.0
0.15263904085637986,0.18701732569478108,1.0
0.18340400249693287,0.19056875249462368,0.0
0.20686901158389903,0.18747331202556677,0.0
0.2301560576219787,0.18597900767874737,0.0
0.2560838636337147,0.1913438629738289,0.0
0.2816089445830025,0.19365083612632147,0.0
0.3073544543884953,0.19435859947857662,0.0
0.33218158057637615,0.19349349406894192,0.0
0.35680303587266415,0.19251096000769666,0.0
0.38102664014722454,0.19106824988971485,0.0
0.4055141673124019,0.19012413893915395,0.0
0.42998708761640525,0.18848626420253367,0.0
0.4543135786389188,0.18626124761171498,0.0
0.4762947412294896,0.18840672267130787,0.0
0.5001208017606856,0.19264363208079976,0.0
0.5251308541052192,0.1953534542851241,0.0
0.5488061534462886,0.1947321170586869,0.0
0.5719250495325507,0.19362485003243227,0.0
0.5948770477499971,0.19332772412362556,0.0
0.6178310466835819,0.19341353242674766,0.0
0.6409567445746659,0.19370769563885812,0.0
0.6643834935355424,0.19383037180825663,0.0
0.6882545553076966,0.19138698703759235,0.0
0.7097855807666791,0.19056846789525292,0.0
0.7317055307995469,0.18796411972626015,0.0
0.7654664353709348,0.18126681003819264,1.0
0.7977400099456536,0.18864232833015077,0.0
0.818111762923321,0.18948691697907064,0.0
0.8378223444513455,0.18941995860561447,0.0
0.8605168394805122,0.1939102261106759,0.0
0.8861868495390212,0.1925094766191222,0.0
0.09269919203443248,0.22369294604211956,0.0
0.1172701168839298,0.21769319534189374,0.0
0.1409945564754851,0.2130898337958167,0.0
0.16647588306238192,0.20800699509020096,0.0
0.19358047566437392,0.20938895054999668,0.0
0.2183897950949626,0.20795825237099083,0.0
0.2422607034737993,0.20860487914800813,0.0
0.26784496253214096,0.21172460329248163,0.0
0.29366561983250117,0.21311943604372302,0.0
0.31928981725369515,0.21357800783166864,0.0
0.3443348998586999,0.2130061745935555,0.0
0.3691139376100746,0.21214332485762089,0.0
0.3935567032991521,0.21107978635010252,0.0
0.41796376881273545,0.2100548889500527,0.0
0.44191672935565846,0.20876548274531165,0.0
0.464683928876385,0.20953876520463446,0.0
0.4876023584657175,0.21175274220328003,0.0
0.5116062520385721,0.21423350286919735,0.0
0.5361355238801124,0.2157001636398145,0.0
0.5599603939012446,0.21533423159105863,0.0
0.5833000700948766,0.21482494976031674,0.0
0.6066392405816635,0.21466359063001159,0.0
0.6301161376619916,0.2146360204678113,0.0
0.6538987835735826,0.21447806136913156,0.0
0.6782277876080963,0.21319568820230045,0.0
0.7019475061910152,0.21228873687358935,0.0
0.7260875707859378,0.20986167421319205,0.0
0.7507376098419885,0.20483762054500476,0.0
0.7751137375196461,0.2049196898031288,0.0
0.7992761704462789,0.20928206132335309,0.0
0.82299816911281,0.21040848005718518,0.0
0.8468705752250353,0.21117004336323209,0.0
0.8731849510868048,0.2110294060300365,0.0
0.8999723046087965,0.20853512509759906,0.0
0.9198999933328998,0.2215019591974208,0.0
0.0497828023644309,0.23972524306727827,0.0
0.06909715596818741,0.23162343403138064,0.0
0.08725470312848455,0.24429742884114775,0.0
0.1106642429202918,0.2393113919631389,0.0
0.1340589148748336,0.23528307162547962,0.0
0.15772167331520767,0.23057002743160648,0.0
0.18147555965402054,0.2285757025994966,0.0
0.20676478281825167,0.2289977916073837,0.0
0.23103161752047477,0.22916842309688978,0.0
0.25521796044204165,0.2301796882571877,0.0
0.280492639901124,0.23183200791812567,0.0
0.30599541935277735,0.23272785693348802,0.0
0.3314403525432579,0.23298173788360513,0.0
0.35653596735317167,0.23258424406679631,0.0
0.38130488043129707,0.23195677791754482,0.0
0.40573889752504466,0.23123582611188273,0.0
0.4297762291215961,0.23063892279639034,0.0
0.4530122953228765,0.23098381785021624,0.0
0.47605391956719745,0.23235941586693404,0.0
0.49945014212007166,0.234063497990924,0.0
0.5234453585654769,0.23554115628934055,0.0
0.5476915687518259,0.2362805049895019,0.0
0.5715059047854113,0.23615632728802005,0.0
0.5951400707203974,0.2358308994668248,0.0
0.6188706217756772,0.23558600796401147,0.0
0.6427905875041575,0.2352238933608905,0.0
0.6670198796601627,0.2342433896257113,0.0
0.6911432711900299,0.2334683896627964,0.0
0.7152674545908938,0.2317748964136155,0.0
0.7390622177108652,0.22846927813691958,0.0
0.7616685231730055,0.22588838684248547,0.0
0.7851317690930848,0.22745237060657608,0.0
0.8094773272333018,0.23011068024423614,0.0
0.8332012940076863,0.2304043225262965,0.0
0.8573104799526851,0.23040249805727311,0.0
0.8813122013166148,0.22892082517353934,0.0
0.9007674654738429,0.23085289479162702,0.0
0.9352477454844926,0.2379970567123551,0.0
0.02952870415684466,0.25243011274334226,0.0
0.05032383044594256,0.2613806329274208,0.0
0.07135939596388816,0.25778855467003714,0.0
0.09928001718480657,0.2607702486815548,0.0
0.1238235338630909,0.25754821060368127,0.0
0.14787752718032846,0.2535669534915249,0.0
0.17156202759268097,0.25050009936223544,0.0
0.19547764446915805,0.24926330325347834,0.0
0.219881244975368,0.2497495634855791,0.0
0.24398618430925417,0.250398151260768,0.0
0.2682683202991387,0.2511744564954344,0.0
0.29315800634228734,0.25200891995315283,0.0
0.318378849259526,0.2524563732357947,0.0
0.3436647042500669,0.2525470267811812,0.0
0.36871116701398965,0.25236650120606335,0.0
0.3933699386388206,0.25204748821647716,0.0
0.4176248532489217,0.25189765186083796,0.0
0.44125433870204545,0.25230985107518933,0.0
0.46451054688980636,0.25333079079704207,0.0
0.4878489365327151,0.25464352510489313,0.0
0.5115064567263357,0.2558181840121148,0.0
0.5355038213843974,0.2566564428730504,0.0
0.5594985270103132,0.25708670850231274,0.0
0.5834255415555292,0.25690820182601876,0.0
0.6073827898824978,0.2565111090030895,0.0
0.6314650869181591,0.25605808976065814,0.0
0.6556530362506805,0.25525153022926805,0.0
0.6797304146742796,0.2543252936522115,0.0
0.70403745366417,0.2534255153468274,0.0
0.7276834746112142,0.251581934232168,0.0
0.7502411857811697,0.24929962381473378,0.0
0.7724771587404637,0.24718701937605242,0.0
0.7970674114728428,0.24887214714321493,0.0
0.8214935653252692,0.25086059212391304,0.0
0.84384853279557,0.25038383761994165,0.0
0.8697192957348651,0.24901886043855054,0.0
0.8912858758214655,0.2521143702021841,0.0
0.9147736021513608,0.24680865618920292,0.0
0.9479409576100086,0.25425973424231335,0.0
0.03688120810514343,0.27830382035205,0.0
0.0614014270608377,0.281314170816028,0.0
0.08553967265816059,0.277536959144078,0.0
0.11175315942924653,0.27869030834884606,0.0
0.1366075312944681,0.2758342919595423,0.0
0.16105442453179794,0.27256538524381746,0.0
0.18511429465773852,0.2706321196578429,0.0
0.2090504441260825,0.27020879482984145,0.0
0.23301143290735502,0.2709137762273776,0.0
0.2569155871658856,0.2715504176151973,0.0
0.28107725400651257,0.2719892914990191,0.0
0.3056672549066674,0.2721656222111962,0.0
0.33071898850641124,0.2722221083592541,0.0
0.35588427386100363,0.2722823286960545,0.0
0.3808469945851275,0.2724453719812212,0.0
0.40530383835600936,0.27256611782210055,0.0
0.4293565095317204,0.27327552228739715,0.0
0.4528490126187336,0.2743477530440629,0.0
0.4762669706845565,0.2754734094992084,0.0
0.49990411009441404,0.27647064492665496,0.0
0.5237912965288988,0.2771848998494328,0.0
0.5475799211432577,0.2778548329937421,0.0
0.5715218975284179,0.2778054534669769,0.0
0.5957168663917524,0.27737475964232844,0.0
0.619999174279942,0.2768265997919985,0.0
0.6443255178303846,0.27619547744329953,0.0
0.6683888565441259,0.27544563045951376,0.0
0.6923925151069411,0.2742304000958904,0.0
0.7167619142407091,0.2738342342755337,0.0
0.7397603862197282,0.2726189050356599,0.0
0.7618849179843964,0.27046544182763044,0.0
0.7840825254970982,0.2668325805729159,0.0
0.810759841991625,0.2692454712860746,0.0
0.8336635100481954,0.2735755536782059,0.0
0.8574234738478679,0.26593566895028703,0.0
0.8803025714624797,0.2725123974000628,0.0
0.9053573759945395,0.26920686729849214,0.0
0.9279378308074884,0.2635402864151444,0.0
0.025810784856669006,0.3020920947155297,0.0
0.04922516656913468,0.30164334067496495,0.0
0.07580463240237258,0.2986090308833588,0.0
0.09917485369958529,0.2980828464222753,0.0
0.1244634418252334,0.2971198256657609,0.0
0.14991218292871497,0.29392829083231187,0.0
0.1745479880415964,0.2919178902591045,0.0
0.19871414576637286,0.29107985056609076,0.0
0.2223920828044211,0.29154509857634175,0.0
0.24593092350699186,0.2923517011321175,0.0
0.26956380954878356,0.29267273831849977,0.0
0.2935926343900425,0.2926736534941216,0.0
0.31799243989141796,0.29215179302939764,0.0
0.3429728280833792,0.2919930616787815,0.0
0.36803951221651854,0.2922205234795843,0.0
0.3929302790515925,0.29293715288570554,0.0
0.4170882837351277,0.2935927494468747,0.0
0.44099012073007965,0.2951967078223347,0.0
0.46452940529441034,0.29638000754104404,0.0
0.4882853230060231,0.2972170879749492,0.0
0.512427284686866,0.29778363456730955,0.0
0.5359712925877498,0.29879568821699404,0.0
0.5597111755617421,0.2988685048119377,0.0
0.5838396793676236,0.29810368245390506,0.0
0.6084114530718471,0.29747910900975344,0.0
0.6329752559899929,0.2968625903928431,0.0
0.657218136827093,0.2965500450719344,0.0
0.6810978119274048,0.2956774262360023,0.0
0.7048268025054089,0.2941071068998604,0.0
0.7299858590707763,0.2949596058653177,0.0
0.7529217345707544,0.29398902232959284,0.0
0.7749465157516523,0.2906993149779228,0.0
0.7963177778960843,0.28370373898527584,0.0
0.8173020730525412,0.293779432655665,0.0
0.8565517233879419,0.28472743890303004,0.0
0.8774491706531831,0.2946934535043459,0.0
0.8994341194990927,0.28935981373461567,0.0
0.9238734575200629,0.28582765586289927,0.0
0.9465084679362656,0.2774858595724046,0.0
0.03144428854795755,0.32001385495394363,0.0
0.06628924029472516,0.3173642173195827,0.0
0.08872392949221741,0.3204545264322104,0.0
0.11182798336350763,0.3177766051313702,0.0
0.1382982935016523,0.31421788009992263,0.0
0.16362065403994105,0.3126291942679438,0.0
0.18832367227745586,0.3116777672439765,0.0
0.21213050723778212,0.3123011894035172,0.0
0.23533558184965828,0.31338856061347403,0.0
0.25844734584532947,0.31395246325883935,0.0
0.28180906912002573,0.31365439535187317,0.0
0.30596133683455656,0.3130764424075529,0.0
0.3301338199849417,0.31191450965987605,0.0
0.3550637549657744,0.31183013435308005,0.0
0.3800825256591235,0.3123694266976362,0.0
0.40493507605900253,0.3140138111740372,0.0
0.42830765719774533,0.31522609150279135,0.0
0.4525305081309004,0.3172754443878374,0.0
0.476441733943131,0.31798844079046173,0.0
0.5012596101709275,0.3180030428497789,0.0
0.5246972186350908,0.31993253884124856,0.0
0.5480867520230172,0.32021735486354164,0.0
0.5721704304809359,0.3192577751594949,0.0
0.5965308573150132,0.3178533255039943,0.0
0.6215945516652768,0.3172420161627902,0.0
0.6459815646298358,0.31722888778495234,0.0
0.6700888051633143,0.31717513473337905,0.0
0.693292080395347,0.31625012436188193,0.0
0.7168724669312204,0.31316677276881794,0.0
0.7449027642803897,0.31601622217418146,0.0
0.7703239929450759,0.3132066455497745,0.0
0.795817279474245,0.30438792870705644,0.0
0.8577255735144269,0.3066623138176728,0.0
0.8725528244284173,0.31960579969460806,0.0
0.8928398969555024,0.3120026753193855,0.0
0.9156047864504562,0.3063847992651647,0.0
0.9259392579396282,0.3231518653486623,0.0
0.024257072047961067,0.3422781372650565,1.0
0.05024644300911346,0.32966666195576816,0.0
0.07310677509769553,0.34024713723793854,0.0
0.09938259996921761,0.3407909411477242,0.0
0.12607937598363758,0.33320849523190976,0.0
0.1520874851526021,0.33246265570379446,0.0
0.17766401399072937,0.3316166160353957,0.0
0.20180564779172416,0.3326294635196362,0.0
0.22508759390863634,0.33443862655117673,0.0
0.24776225008478175,0.3356382896414639,0.0
0.27035066617678566,0.3355604969544118,0.0
0.29390823334515565,0.33393956146489523,0.0
0.31840523387606695,0.33332160577062087,0.0
0.3419356772585957,0.3315590168536874,0.0
0.36698082866299886,0.3316935756520099,0.0
0.39202885149298433,0.33271011074850604,0.0
0.4159449007972485,0.3366791533155847,0.0
0.4385640777612118,0.3365026520117896,0.0
0.46436371798156173,0.3389141897796833,0.0
0.49038753779966354,0.33745785715465465,0.0
0.5135467561988807,0.34078229035047525,0.0
0.5367750154315475,0.34211744526831134,0.0
0.5606968547446725,0.3405707901867879,0.0
0.5852384469593088,0.3390281755376072,0.0
0.6097927222299608,0.3368837175865874,0.0
0.6347008962740341,0.3376338808139827,0.0
0.6589474325701256,0.3378787981103976,0.0
0.6817029152400138,0.33914180921363474,0.0
0.7039104434895598,0.33657600386780523,0.0
0.7270365838249555,0.32956538934881313,0.0
0.7431198754140926,0.34296759045919795,0.0
0.8510339726088092,0.33226281901886573,1.0
0.8815479933661332,0.33772981217680764,0.0
0.9023511225730702,0.3300283787555947,0.0
0.9165580053425684,0.34425047689270305,0.0
0.941105835501865,0.3383354004640602,0.0
0.9649340035998506,0.3444609280285242,0.0
0.05509634212725685,0.3611702887274788,1.0
0.08273755512554236,0.35970462400774134,0.0
0.11861709519404094,0.35289929881238974,0.0
0.141208784063551,0.351931136745986,0.0
0.16695495341677263,0.35059368385043654,0.0
0.19137933387857878,0.35238588858338793,0.0
0.21478049077307765,0.3547838284606417,0.0
0.23771316047076027,0.3573556465192821,0.0
0.2592081950810671,0.3584173522199077,0.0
0.2822609994191424,0.35591008274177927,0.0
0.30624721861763726,0.353462907272531,0.0
0.3309360942515508,0.35410964673083994,0.0
0.35326020538488606,0.35074729050107606,0.0
0.37891322548274126,0.35143562001496687,0.0
0.4016127788838413,0.35506195439699556,0.0
0.4248788360225552,0.36054020651628493,0.0
0.4466054341620671,0.35551399190791927,0.0
0.48211520225970567,0.3558755036956809,0.0
0.5037405535079431,0.3616947891271443,0.0
0.525427987863305,0.36405278641471456,0.0
0.5500472465735068,0.3625641019597749,0.0
0.5742740087169723,0.35997135200980634,0.0
0.5996411697038633,0.357954867584183,0.0
0.6225356039709832,0.35675701218983785,0.0
0.6486685613712068,0.35781791540324176,0.0
0.670857468270761,0.360984216686893,0.0
0.6945815566975604,0.360463253182427,0.0
0.7203143314199199,0.3513373691856885,0.0
0.7402694577149581,0.36647468382748555,0.0
0.9048610865899992,0.3626823473980986,1.0
0.9333645202841764,0.3586201617632604,0.0
0.954614279361514,0.35874285607938255,0.0
0.10418514513923598,0.36714362469364287,0.0
0.12906525270856634,0.37389046353288596,0.0
0.15435371529126216,0.3684900375395833,0.0
0.16591272775764315,0.3885891605125469,0.0
0.17940804438101968,0.37098532954038915,0.0
0.22754284102631067,0.37724665293256254,0.0
0.24855679524937635,0.38257411287901194,0.0
0.27090494259900255,0.3786777503955622,0.0
0.2950420499852571,0.37500309196879716,0.0
0.3184636226129537,0.3731016523396354,0.0
0.34448801400712753,0.3753280993727724,0.0
0.36478916909850473,0.36833015375654315,0.0
0.38617874102425026,0.3751579919997567,0.0
0.4072547285818464,0.37743461528922967,0.0
0.44281243436871714,0.37867600653642686,0.0
0.4647503003923431,0.3654305385303588,0.0
0.48800240336811584,0.3789376758732882,0.0
0.51095295085236,0.38641410752773,0.0
0.5378468659277187,0.38307439871716603,0.0
0.5648809618201475,0.38181959148908245,0.0
0.5902422933813777,0.37709774760319065,0.0
0.6137437913716706,0.3799787150404595,0.0
0.6359392232675865,0.374031308519845,0.0
0.65759600162239,0.3829842825887593,0.0
0.6806030089488145,0.38250471585734813,0.0
0.7150195825118395,0.37004533873033235,0.0
0.7288167988512325,0.38606878393194527,0.0
0.755049645789366,0.38545443217234837,0.0
0.9269929233938481,0.3848388475037162,1.0
0.95050004325518,0.3760859150133733,0.0
0.05179570481973958,0.4006571444709757,1.0
0.08988127955017645,0.383997693327057,0.0
0.19017471431246336,0.39241352705114024,0.0
0.203573671513889,0.37444120734690806,0.0
0.21691671390872466,0.39527735566564887,0.0
0.2509257614088934,0.4056708427282947,1.0
0.2857249106435754,0.39657243392746866,0.0
0.30773959454159244,0.3957713202555277,0.0
0.33035775900575853,0.3911940682885191,0.0
0.3485490208400915,0.40219888249521424,0.0
0.3673481933341882,0.38952924230890584,0.0
0.45637822755664226,0.410770713782032,1.0
0.46573955715399024,0.38626771591610987,0.0
0.4998601525486101,0.41028747116023034,1.0
0.5271970312520559,0.4032800577096255,0.0
0.55371236219052,0.40035305122611325,0.0
0.5850906290481015,0.39617559853753576,0.0
0.6816266421237707,0.40658769553663177,1.0
0.7021431606920236,0.3863118930371001,0.0
0.7185656879165037,0.4058416119679024,0.0
0.7429115573805664,0.4027368472025297,0.0
0.7349561880770034,0.42482939410085735,0.0
0.756228993391241,0.41891754091529443,0.0
0.7784405137558874,0.4273748091824439,0.0
0.7653282280871816,0.44279648901453383,0.0
