0.0,0.9632319361924412,1.0
2.720387568408732e-05,0.946384055056014,1.0
6.251103348681162e-05,0.9246747834542556,1.0
0.0001030274440801,0.899684261400305,1.0
0.0001435438546734,0.8746937393463545,1.0
0.0001840602652667,0.849703217292404,1.0
0.00022457667586,0.8247132740443192,1.0
0.0002650930864533,0.7997227519903687,1.0
0.0003056094970466,0.7747322299364181,1.0
0.0003467047135055,0.7497417078824677,1.0
0.0003872211240988,0.7247511858285172,1.0
0.0004277375346921,0.6997612425804323,1.0
0.0004682539452854,0.6747707205264818,1.0
0.0005087703558787,0.6497801984725313,1.0
0.000549286766472,0.6247896764185807,1.0
0.0005898031770653,0.5997991543646304,1.0
0.0006303195876587,0.5748092111165455,1.0
0.000670835998252,0.5498186890625949,1.0
0.0007113524088452,0.5248281670086445,1.0
0.0007518688194386,0.4998376449546939,1.0
0.0007923852300319,0.4748471229007435,1.0
0.0008329016406252,0.4498571796526586,1.0
0.0008734180512185,0.4248666575987081,1.0
0.0009139344618118,0.3998761355447576,1.0
0.0009544508724051,0.3748856134908071,1.0
0.0009949672829984,0.3498950914368566,1.0
0.0010354836935917,0.3249051481887717,1.0
0.001076000104185,0.2999146261348212,1.0
0.0011165165147783,0.2749241040808707,1.0
0.0011570329253716,0.2499335820269202,1.0
0.0011975493359649,0.2249430599729697,1.0
0.0012386445524239,0.1999531167248849,1.0
0.0012791609630171,0.1749625946709344,1.0
0.0013196773736105,0.1499720726169839,1.0
0.0013601937842038,0.1249815505630334,1.0
0.0014007101947971,0.0999910285090829,1.0
0.0014412266053904,0.075001085260998,1.0
0.0014759549573275,0.0533502730516671,1.0
0.0015031588330116,0.0366355172643319,1.0
0.0020466575408275,0.0001331253490922,1.0
0.017936614969656,0.0,1.0
0.0339180237252524,0.0003530715780273,1.0
0.0499000112867143,0.0007061431560547,1.0
0.0599029342563357,0.0075094273005362,1.0
0.0595122402970431,0.0234890996385357,1.0
0.0733306515328226,0.0289148258228448,1.0
0.088407386720457,0.0244059281296756,1.0
0.0915844521168377,0.0361336925788405,1.0
0.0918119228220258,0.0521000523819308,1.0
0.1040004167402232,0.0605315174263976,1.0
0.1198950046159767,0.0599231924616324,1.0
0.1326200515716026,0.069071219167735,1.0
0.1329355007683648,0.0850398941942877,1.0
0.1427514694433913,0.0951880974361794,1.0
0.1574768694705952,0.0997803431739977,1.0
0.1688868694995355,0.1107203528400556,1.0
0.1781558666315524,0.1237110716880004,1.0
0.1859830583523133,0.137649295737963,1.0
0.1959830872926066,0.14975328399978,1.0
0.2094831553022958,0.1580851944353604,1.0
0.2253621154196776,0.1599240606704308,1.0
0.2406831066826031,0.1642662622743018,1.0
0.2541687045456519,0.1724031151331687,1.0
0.2673481141057883,0.1809856485085619,1.0
0.2829943942651915,0.1839184578296516,1.0
0.2986707723296068,0.186581543617363,1.0
0.3140803208899719,0.1904520184407548,1.0
0.329831364911052,0.1929177314282903,1.0
0.3444873082343817,0.1992301881987272,1.0
0.3600230364734516,0.2029964779663077,1.0
0.3758186485461843,0.2053973646968938,1.0
0.3917925328255277,0.2056850312121063,1.0
0.4077756779987209,0.2055009709468395,1.0
0.4237553503367203,0.2050552904303132,1.0
0.4384981145398927,0.2093928615872593,1.0
0.4497680435493533,0.2203930670633416,1.0
0.4657430854404278,0.2205464506177305,1.0
0.4815468007952792,0.2193147517356941,1.0
0.4952685514515004,0.2113254943725599,1.0
0.5090649680643864,0.2078150367975829,1.0
0.5293272250020982,0.2305592132870674,1.0
0.5685766295555639,0.2415206387701532,1.0
0.6096978922784403,0.2491209385915916,1.0
0.6523408356220282,0.2478290438995308,1.0
0.6937190881492394,0.258284593056066,1.0
0.732619472765737,0.2756748152885781,1.0
0.7657329563377796,0.3025065188010615,1.0
0.7822503393249388,0.3345862550971091,1.0
0.820487991225303,0.3482796442659149,1.0
0.8494033958540137,0.3780864099276781,1.0
0.8643510573336151,0.4178364815549041,1.0
0.8758409325720107,0.4589398012959463,1.0
0.8831755605011301,0.500608614367698,1.0
0.8657581343929339,0.5388960435725056,1.0
0.8373763887723238,0.5706140262025415,1.0
0.7975273413420771,0.5857220169069194,1.0
0.769718034722564,0.6082994973071058,1.0
0.7476915775064465,0.644424507797962,1.0
0.7291512680189501,0.6826760510391012,1.0
0.7022940970483795,0.7157594367061316,1.0
0.6713760241246286,0.745098527228475,1.0
0.6312549379375411,0.7536955307505087,1.0
0.5998622442039828,0.728896593438078,1.0
0.5663354932438885,0.7035454753298469,1.0
0.5268134711277164,0.7052321156222597,1.0
0.4864880664700656,0.7161877530466895,1.0
0.4455832771409306,0.7262769180902879,1.0
0.4038183822954862,0.7321408003148704,1.0
0.3668419483763048,0.7528487377691087,1.0
0.3273338176009076,0.7477257270525179,1.0
0.3024538474672902,0.7378813968900761,1.0
0.3089162149569224,0.7780186896414009,1.0
0.3415817027889761,0.7914562466176032,1.0
0.3761705625124805,0.7937992527616274,1.0
0.3987428336598763,0.8295573003336816,1.0
0.4139440121086187,0.8693386274776509,1.0
0.427173777779064,0.9096142548308584,1.0
0.4377474033321853,0.950876746184946,1.0
0.4688738463675591,0.9638651498094282,1.0
0.4898706079487409,0.9986832166557176,1.0
0.4719721941662156,0.9991740440297622,1.0
0.4638231863841708,0.9991885141764026,1.0
0.4532495608310495,0.9992081935758336,1.0
0.4410083955790808,0.9992301881987272,1.0
0.4287672303271121,0.9992527616274862,1.0
0.4165260650751434,0.99927475625038,1.0
0.4042848998231748,0.9992967508732734,1.0
0.3920437345712061,0.9993193243020324,1.0
0.3798025693192374,0.999341318924926,1.0
0.3675614040672688,0.9993638923536852,1.0
0.3553202388153001,0.9993858869765786,1.0
0.3430790735633315,0.9994084604053376,1.0
0.3308379083113629,0.9994304550282312,1.0
0.3185967430593941,0.9994524496511248,1.0
0.3063555778074255,0.999475023079884,1.0
0.2941144125554568,0.9994970177027774,1.0
0.2818732473034882,0.9995195911315364,1.0
0.2696320820515195,0.99954158575443,1.0
0.2573909167995508,0.9995641591831892,1.0
0.2451497515475822,0.9995861538060826,1.0
0.2329085862956135,0.9996087272348416,1.0
0.2206674210436448,0.9996307218577352,1.0
0.2084262557916762,0.9996527164806288,1.0
0.1961850905397075,0.999675289909388,1.0
0.1839439252877388,0.9996972845322816,1.0
0.1717027600357701,0.9997198579610403,1.0
0.1594615947838015,0.999741852583934,1.0
0.1472204295318329,0.9997644260126932,1.0
0.1349792642798642,0.9997864206355866,1.0
0.1227380990278955,0.9998084152584802,1.0
0.1104969337759268,0.9998309886872394,1.0
0.0982557685239582,0.9998529833101328,1.0
0.0860146032719895,0.999875556738892,1.0
0.0737734380200209,0.9998975513617856,1.0
0.0615322727680522,0.9999201247905446,1.0
0.0492911075160835,0.999942119413438,1.0
0.0370499422641149,0.9999646928421972,1.0
0.0262314818298368,0.9999837934357626,1.0
0.0175187171346794,1.0,1.0
0.0256930267468545,0.0001713596459414,1.0
0.0418381490782721,0.0005280417527825,1.0
0.016205317820825033,0.02307954545781467,0.0
0.029217092975022025,0.02179898736482747,0.0
0.044047092135371425,0.023322085308337494,0.0
0.036875822202600175,0.05924721951322338,0.0
0.03763434631674354,0.041017948660686185,0.0
0.05508906557318145,0.04405777051772912,0.0
0.07227122736709297,0.04961825359029159,0.0
0.018547327499810095,0.06482740879732835,0.0
0.054747476228904746,0.06422062567843866,0.0
0.07381307585784452,0.06890109479417661,0.0
0.09072307825181061,0.07337138117992326,0.0
0.03593644432238851,0.07785952176197473,0.0
0.055878434118396894,0.08445318806467952,0.0
0.0737261902895011,0.08880161830783168,0.0
0.09432806950834303,0.09184658700080665,0.0
0.11153486391788935,0.08215332442833138,0.0
0.1327710997928997,0.0767175849977623,1.0
0.02212321610990801,0.10422200756384517,0.0
0.040411637101894514,0.09638120801534708,0.0
0.06054676968897485,0.10565268615609918,0.0
0.08207865716574617,0.10840930981022658,0.0
0.10323019033400405,0.10528100668815557,0.0
0.12123857633452532,0.10225507041248544,0.0
0.040646090521560485,0.1157830555626425,0.0
0.05547730975762522,0.12458668259403342,0.0
0.0743629356484608,0.12483142285993323,0.0
0.09606100607674296,0.12318576429066172,0.0
0.11635211213215481,0.12228976532533485,0.0
0.13509335477690687,0.1171503876380937,0.0
0.15352117560839423,0.12103379869183742,0.0
0.02257343902659954,0.12495865496313943,0.0
0.0399286891431798,0.13915231977229564,0.0
0.06188150000282502,0.14438449407066462,0.0
0.08403817545498583,0.1422695172714423,0.0
0.1046975732916235,0.14248378377291093,0.0
0.12524651026758998,0.1392552527092593,0.0
0.14367543650444675,0.14047412211261429,0.0
0.16633896319095362,0.13893552386934005,0.0
0.03299081935800008,0.15787963848619413,0.0
0.051596169042146006,0.1588703283374766,0.0
0.07418600004648486,0.1603530307012197,0.0
0.09549199503903158,0.16080869115035637,0.0
0.11590309047646201,0.15902385490735596,0.0
0.13580307855380258,0.15961782352408965,0.0
0.1549086050025482,0.15781594076944191,0.0
0.17811943932724272,0.156731297005912,0.0
0.014875116710903762,0.16136854449054788,0.0
0.04097930267313496,0.17636564420890433,0.0
0.06250044310353577,0.17803713471042537,0.0
0.08410340876257097,0.17893210700536785,0.0
0.10483341225676722,0.17818662123575837,0.0
0.12613258891832843,0.17861868731697245,0.0
0.14857910959192683,0.17799434087605448,0.0
0.16962665510709843,0.1749895909429861,0.0
0.19054805786530674,0.17270907961992743,0.0
0.21272882419402092,0.17805610828525076,0.0
0.23264608260445782,0.17993339063918118,0.0
0.022142480528384814,0.17832400767905476,0.0
0.0495156602023261,0.19303210054491718,0.0
0.0728468211920854,0.1931219388850511,0.0
0.09337387725912792,0.19397348653805468,0.0
0.11628452453860191,0.19371736151512667,0.0
0.1377688739496635,0.19590727154445403,0.0
0.15917132056983999,0.19343350175213309,0.0
0.17937686941252942,0.19246358895879562,0.0
0.20079299832979755,0.19554473956964272,0.0
0.22220423345997303,0.198875233634289,0.0
0.24839479849279059,0.1933558622151275,0.0
0.2645453930614306,0.20060147517217145,0.0
0.289136722554157,0.20496199222419925,0.0
0.025230922056562785,0.19608520895183634,0.0
0.03976156114801632,0.20879518087934199,0.0
0.061736403598949115,0.2125713354876495,0.0
0.08248628820698571,0.21261543961010487,0.0
0.10494996364591914,0.2114419028919016,0.0
0.12735918023203652,0.21340182388479967,0.0
0.14949177284623424,0.2115432226097577,0.0
0.16955399437505891,0.20971016073748755,0.0
0.19162869916206177,0.21342400154872893,0.0
0.21199963209631129,0.21210437912661045,0.0
0.23290608723636982,0.21056704025752643,0.0
0.25233509453908537,0.21283425119656393,0.0
0.273650796555182,0.21700529843472377,0.0
0.3018240309669119,0.20893819422843343,0.0
0.3265445663877946,0.210374204913558,0.0
0.3439196171725206,0.21961230668432116,0.0
0.36682218223808133,0.22409621874148264,0.0
0.03147101894021031,0.2279323455520926,0.0
0.05169100927205435,0.2279096110385743,0.0
0.07226475495398595,0.23038987577525677,0.0
0.09375292601535631,0.2330982429392775,0.0
0.11649423018082554,0.22976837298193636,0.0
0.13797020343436453,0.23095749226163398,0.0
0.15702386152556935,0.23227752066386534,0.0
0.18113160223975064,0.22887633237159855,0.0
0.19990287890340072,0.22885184109077145,0.0
0.22094155631229487,0.23208693800491656,0.0
0.24357576991315766,0.23029126063980987,0.0
0.26267686200001744,0.23229440965292522,0.0
0.29145890675774044,0.22880884494722822,0.0
0.3091001302381301,0.23127420849414673,0.0
0.32969693521456833,0.2343686009080041,0.0
0.3522447573166374,0.2406018103197471,0.0
0.3833148387975273,0.2257192371688355,0.0
0.4053224663668925,0.22560865581149825,0.0
0.4211298308431854,0.2239746715120882,0.0
0.4380933689955413,0.23479885583710894,0.0
0.4602332647942427,0.2392497942319171,0.0
0.4853157932408845,0.2354235958354591,0.0
0.5010975683875161,0.23181981791895775,0.0
0.5193618566931067,0.2193731891289899,1.0
0.016301840350619583,0.23501002345077374,0.0
0.03954018100057442,0.24742876154155816,0.0
0.060227225291324744,0.24850501031130967,0.0
0.08160275768366607,0.2493530875232769,0.0
0.10479550337510435,0.24779125930279847,0.0
0.1270465653085729,0.25087516402068744,0.0
0.1487319754148391,0.2497314375198358,0.0
0.17016215096463985,0.2494912959309478,0.0
0.18998004178859113,0.25028969947034124,0.0
0.21172551875669496,0.24935198105546552,0.0
0.23185227376825163,0.24778095698466732,0.0
0.25382445863528813,0.251761432293769,0.0
0.2751467414728152,0.24831430195461435,0.0
0.30077171251977025,0.24652657268383193,0.0
0.3150373132119061,0.2496518386471828,0.0
0.33699901994919723,0.25263186482469985,0.0
0.370560197431004,0.24525553540131678,0.0
0.3862516022712542,0.24386890709309095,0.0
0.40629388990701665,0.24587858078988126,0.0
0.4284780051990047,0.2480569211144586,0.0
0.4479510326529109,0.25321742157159394,0.0
0.47675619786481344,0.25297682599935617,0.0
0.4996594077709546,0.25264474435377837,0.0
0.519755161481685,0.24722720583086763,0.0
0.5376957619478779,0.24708877398996934,0.0
0.5502470715064753,0.236401629017552,1.0
0.023452828244655426,0.2564836495989386,0.0
0.046386383370381666,0.264802570969065,0.0
0.07005635542750409,0.26303332383313704,0.0
0.09151121316411674,0.265367394366346,0.0
0.11518112108813391,0.2677047338372982,0.0
0.13669723424179553,0.2679754107211558,0.0
0.15932298165106126,0.26912001810398883,0.0
0.1779093184256731,0.2679625146281787,0.0
0.20192928326296009,0.26493201407114,0.0
0.22438680724583876,0.26706922418005236,0.0
0.24317061648026989,0.26552134362420815,0.0
0.2671616216459359,0.26816098022082796,0.0
0.2901983875983718,0.2684900956197904,0.0
0.31237447917471045,0.2694589283477929,0.0
0.3339465119899167,0.2671973237385737,0.0
0.35425089484559097,0.26293134208868835,0.0
0.3741147514322304,0.26194095149472113,0.0
0.3956894205372442,0.2656271315704699,0.0
0.4194126843086773,0.26893614054099635,0.0
0.436075742504649,0.27059500340131604,0.0
0.4597179284730424,0.2689907581857026,0.0
0.48751908083154477,0.26975819540054474,0.0
0.5049266278516955,0.26875400796909504,0.0
0.5314295961311509,0.26482497217614515,0.0
0.5578426688331612,0.26003381762953776,0.0
0.5798293755711575,0.263540960047512,0.0
0.5890870117353637,0.2453115012995775,1.0
0.5988046312341861,0.26685135671849003,0.0
0.6306362230174523,0.2484865987402264,1.0
0.6361761536344704,0.26780532444982186,0.0
0.655427498686165,0.265179828152665,0.0
0.6744425892348669,0.2534137643077379,1.0
0.02367339023349298,0.2735800215284087,0.0
0.0397853286645356,0.2847754938361233,0.0
0.06064626113379885,0.28298987062273917,0.0
0.08189128697164445,0.28483113924392744,0.0
0.10289274276360215,0.2820480231385935,0.0
0.12617231745576818,0.2838773237902473,0.0
0.1459621543545854,0.2843852330840389,0.0
0.16911094848782446,0.28737989846535794,0.0
0.18889048853907991,0.28596402368698687,0.0
0.21072883211536686,0.285784026242889,0.0
0.2360157416264605,0.28787690524909765,0.0
0.25384046104714353,0.28657054939076543,0.0
0.27562881160667735,0.28288865400820395,0.0
0.3013775324853773,0.2849424027203642,0.0
0.3202344836214385,0.2829836824193616,0.0
0.34123704221652684,0.2804124473103803,0.0
0.3619791252216896,0.2850982361659061,0.0
0.38923041023209803,0.2803997373968967,0.0
0.40916521655555427,0.2824247450375295,0.0
0.42944287444919504,0.28536124011880837,0.0
0.4464569816800122,0.2848288249676,0.0
0.47748725166744155,0.2867292509756969,0.0
0.5005539303278359,0.28723482655366206,0.0
0.5168924191918652,0.2826988786694069,0.0
0.5388637778772993,0.2822103467507314,0.0
0.5667096991244993,0.2785559742271081,0.0
0.5797114837250172,0.283435319693772,0.0
0.6111596885987947,0.2823141044181248,0.0
0.6147364483112714,0.26722713333118936,0.0
0.6342902452463595,0.2815361183544905,0.0
0.6560264837647988,0.2833631118854382,0.0
0.6837642747918912,0.2758279153816258,0.0
0.6949859113874574,0.27865030747452757,0.0
0.7144995877642053,0.2675744113951276,1.0
0.03148837038966349,0.3008918003774402,0.0
0.052170963925804156,0.3007917406243696,0.0
0.07209046637811385,0.3032125650200325,0.0
0.09334159964207236,0.30213620062538965,0.0
0.11436839146124085,0.3029666462737528,0.0
0.1351755236572708,0.30510754285408737,0.0
0.15670541682288183,0.30316096899787387,0.0
0.18071053761062325,0.30374581214500146,0.0
0.20008525093481608,0.30290155018796394,0.0
0.22368207384737343,0.3011180798037874,0.0
0.24281925718411068,0.3039275489290312,0.0
0.26826106701567515,0.299910189728693,0.0
0.29031646476514456,0.3017329096741677,0.0
0.3082885787706872,0.3013523825745783,0.0
0.33157828785674415,0.3019218103014339,0.0
0.35377300905199394,0.30209183352519137,0.0
0.3747040281199547,0.3040229895441925,0.0
0.39249585847278357,0.3032760179155827,0.0
0.4145306711491699,0.30183690633280913,0.0
0.4413337757562317,0.30632093434528246,0.0
0.4661618504477832,0.30503801735340935,0.0
0.4804808933108773,0.30103817868488075,0.0
0.5062446447474422,0.3020893353252963,0.0
0.5289981815921632,0.2989072184429916,0.0
0.5489392209939967,0.29971969804374293,0.0
0.5635991670220439,0.297656403640983,0.0
0.5947123308691435,0.29839984624090277,0.0
0.613345706116522,0.30550519159184636,0.0
0.6323026734022424,0.302595339340279,0.0
0.6428666024669787,0.2984354922349671,0.0
0.6715191122630467,0.2995821176010193,0.0
0.6898212161977159,0.295612429975978,0.0
0.7073570982807755,0.2945368783193481,0.0
0.7284440650931714,0.29342815315682835,0.0
0.7495731254270539,0.2894122821024335,1.0
0.016292103523235645,0.31444763858133346,0.0
0.039615007676323345,0.32195758403211483,0.0
0.059749631168306346,0.3206234145408451,0.0
0.08178500521274198,0.31806571916595733,0.0
0.1029225513981734,0.32026630614480134,0.0
0.12415208774279991,0.31837264407094934,0.0
0.1482579474386246,0.31739941984807973,0.0
0.16766052499137823,0.3200421988052355,0.0
0.18890151342761843,0.32148324856607013,0.0
0.2105948294402053,0.3188991761135849,0.0
0.2357155514520989,0.32001963118012133,0.0
0.2564184714647307,0.32082940935934673,0.0
0.2775991214229185,0.3213789403011462,0.0
0.2974788483395037,0.3225605750609792,0.0
0.3217338967126797,0.3203341296883221,0.0
0.343988418545799,0.3217262613472443,0.0
0.36303786023499035,0.3213888921945893,0.0
0.3861229732216495,0.3228409468178593,0.0
0.4040897494585527,0.31846812846320166,0.0
0.43164484129437264,0.3229329991350053,0.0
0.4522833974377348,0.322864952845901,0.0
0.47342943020959133,0.32178871990803465,0.0
0.4925159366699427,0.3201178003459392,0.0
0.5143605596823825,0.31919538585489865,0.0
0.5391563619530823,0.3177660228200784,0.0
0.5599945568614836,0.3167909739424682,0.0
0.5721909012317015,0.31603368833391926,0.0
0.5974028672166395,0.32401638092099727,0.0
0.6140512225185139,0.3235638553374577,0.0
0.6403752838695419,0.3168985318054202,0.0
0.660270851050597,0.3145604000119053,0.0
0.6847753897594039,0.31360855318237163,0.0
0.6972940231010115,0.3117351545411282,0.0
0.7226821428753959,0.31232838695383963,0.0
0.7449244116447177,0.3113378132932546,0.0
0.7742419404957538,0.3190325004379386,1.0
0.02354822416117957,0.3270902795649543,0.0
0.04600022396497986,0.33543722372888435,0.0
0.06962656074601817,0.3384111266981961,0.0
0.09229171864757803,0.33702062869484817,0.0
0.11343066276656928,0.3370889134325306,0.0
0.13706178616470685,0.34121903668165704,0.0
0.15719846237470528,0.3403843210753602,0.0
0.17959493116435915,0.339836933675663,0.0
0.20292720635883446,0.3351264893536797,0.0
0.22196903464330628,0.33928426228066594,0.0
0.24712804063883603,0.3407372440443969,0.0
0.2670864858981276,0.33898042644984466,0.0
0.289162081220545,0.3358386693505514,0.0
0.30808193053483957,0.3385459442970681,0.0
0.3310405396137133,0.33545213608969754,0.0
0.3540591941383511,0.33972349931065127,0.0
0.3739076518893567,0.33683668905927555,0.0
0.39836114799387085,0.33998676637289765,0.0
0.4180021961742304,0.33821811602406854,0.0
0.43791911021126934,0.3421441455382097,0.0
0.464974224078678,0.3406738249127554,0.0
0.47928372409085396,0.3374166613235305,0.0
0.5077237199799504,0.34161556965529155,0.0
0.527275106651615,0.3372421050194567,0.0
0.5477007658511832,0.33569135737965533,0.0
0.5636004524994548,0.3395110435636505,0.0
0.5834295063531674,0.34004800209754743,0.0
0.608446066565244,0.3392006155455079,0.0
0.6261599031491786,0.33884367641587626,0.0
0.6518759828080556,0.3335625663067299,0.0
0.6715600772672564,0.33487439655789303,0.0
0.6973838905862935,0.33457176458826027,0.0
0.7149400823060112,0.33350085970168436,0.0
0.732103791695877,0.3320234585639764,0.0
0.7566610871100602,0.319867257718794,0.0
0.7624512057538128,0.3397193783512634,0.0
0.02349022087251262,0.34887572832301195,0.0
0.03909016357914555,0.35371595183796284,0.0
0.06017539121976176,0.3553140728476077,0.0
0.08116035886825004,0.358026414641864,0.0
0.1034052877286198,0.3530514043982509,0.0
0.1247950544009975,0.3570237719022904,0.0
0.14707133461507377,0.35717239070989926,0.0
0.16962317594740828,0.35254573670860423,0.0
0.19232807468432944,0.3556318632118271,0.0
0.21434303140420918,0.35797203255207505,0.0
0.2357857987127844,0.3577780265764444,0.0
0.2559196946926986,0.3526851745171015,0.0
0.2776573095591514,0.35815122337151384,0.0
0.30149322478371277,0.35819386858480434,0.0
0.32092393163200716,0.35688661605374533,0.0
0.34564315975002785,0.35789711253371553,0.0
0.36236434126519085,0.3584734999088414,0.0
0.3872026652223133,0.3555501221803586,0.0
0.4097643665012887,0.3600640571387206,0.0
0.42535099184425673,0.35615962980154076,0.0
0.45083276260803645,0.3597681987109488,0.0
0.4731133423486664,0.3561753247980625,0.0
0.4968357442615473,0.35881505126900204,0.0
0.5091356359019303,0.3540803782881196,0.0
0.5386278173836334,0.35635087909423746,0.0
0.5593358984422867,0.36025197771773193,0.0
0.5755860786895073,0.35503637048988973,0.0
0.5931335781389856,0.3557958564934597,0.0
0.6206234297501003,0.35895558135647837,0.0
0.63501424548718,0.3573401811749989,0.0
0.6670098761222848,0.35303291746872184,0.0
0.6805181547707191,0.3549788295456867,0.0
0.7069972299870833,0.3530866670703381,0.0
0.7322260147826849,0.3520199787760872,0.0
0.7509697224848001,0.3498848025612613,0.0
0.7694682619771479,0.3566685419005849,0.0
0.7873085120342653,0.3547472149398059,0.0
0.8016041260664526,0.3415170921273792,1.0
0.03120462063528707,0.3724634625568563,0.0
0.05210914821279759,0.3772915259728883,0.0
0.07217388619833792,0.37049540066949166,0.0
0.09375239298620949,0.3761844597730177,0.0
0.11477110292566649,0.37305925916327876,0.0
0.1352127338554491,0.3722525627712616,0.0
0.15865712813438035,0.37523930920370946,0.0
0.18155808031660176,0.37285343690073997,0.0
0.20024500302331993,0.3738515185182075,0.0
0.22542129964341484,0.37238682536514633,0.0
0.24349211700643145,0.3722872121725715,0.0
0.26939325716187323,0.3768286090098061,0.0
0.2906279162115535,0.37279490978022667,0.0
0.30994895919954846,0.37578680182399243,0.0
0.3333081667543018,0.3736572679547778,0.0
0.35608595056550857,0.3778216799983879,0.0
0.37690654417140423,0.3787347105792899,0.0
0.3981417595955557,0.3779327205257597,0.0
0.4203810834891066,0.3784861299765589,0.0
0.44175917997320074,0.37586472981827196,0.0
0.4590211614633261,0.3739967776574935,0.0
0.483864012630728,0.3736845534553233,0.0
0.4977625303528123,0.3791674847929141,0.0
0.5214996264081952,0.3757148689302458,0.0
0.5450149448254398,0.37381525601720855,0.0
0.5665739272381636,0.3727790819876252,0.0
0.5872036967378005,0.37335916125269725,0.0
0.611246871184704,0.37435270733191334,0.0
0.6277265433727913,0.3757647102239442,0.0
0.652344243544931,0.37230843913038736,0.0
0.6686064226564308,0.3694199484784548,0.0
0.6963842753991506,0.37411451213217467,0.0
0.7087776254055713,0.3668204058842898,0.0
0.7315582961910244,0.36996993597151606,0.0
0.7556887339055387,0.37265028029625263,0.0
0.7727659872913727,0.37592282188401327,0.0
0.8000996428863743,0.3773186296914484,0.0
0.812573422976926,0.36404530055978707,0.0
0.8347952299870873,0.3630279252778973,1.0
0.016423144968884775,0.38734022168470755,0.0
0.03922545488408639,0.39428955007998706,0.0
0.060808935172161724,0.38877400123356604,0.0
0.08253255926332835,0.39521076919876263,0.0
0.10434170619966993,0.3902452459259472,0.0
0.12617208752284131,0.3921125248996122,0.0
0.1488235705526603,0.3903202882321099,0.0
0.16995086929401523,0.3951633996888356,0.0
0.1907193811419655,0.3884086548505156,0.0
0.2129058997585267,0.3933510083430827,0.0
0.23586725566992334,0.3943503717016073,0.0
0.2546560460777285,0.39495592988892053,0.0
0.28024655822599254,0.3895390043673145,0.0
0.30226798027637386,0.3916440573534524,0.0
0.321529699036826,0.3901754873492412,0.0
0.3445377368413152,0.39334353298998787,0.0
0.3675929658694299,0.3971509777231116,0.0
0.38490762634628006,0.3935651209051499,0.0
0.40312741135453806,0.3916387526856325,0.0
0.43112657209701033,0.39493573236617946,0.0
0.4508545149974125,0.3942521206675866,0.0
0.46598275891862134,0.39024320530233186,0.0
0.49004647633331255,0.3911827894253514,0.0
0.5158675389685445,0.39343784024576306,0.0
0.5374365846558647,0.3968606695481668,0.0
0.5484754754950172,0.3948812967394889,0.0
0.5714790868753677,0.3945947762537365,0.0
0.6018598860025237,0.3933818445336561,0.0
0.6174512272291254,0.39480335636448144,0.0
0.6375590249412538,0.3956973501580372,0.0
0.6673791415576223,0.3898046861486143,0.0
0.6761905553192743,0.3918530622815259,0.0
0.7036698208824552,0.3912640107732768,0.0
0.727700077827098,0.3909254783107792,0.0
0.7480106334565927,0.3898703941181936,0.0
0.7727654046201377,0.39270890308787354,0.0
0.792922957060961,0.3943609461814919,0.0
0.8054472464249861,0.39460216288482336,0.0
0.8231964858342685,0.3808127162482398,0.0
0.8342848230903734,0.3943860135086547,0.0
0.024420868303311954,0.4071344201450033,0.0
0.04829220249827142,0.4108851565708104,0.0
0.07114899152323796,0.4077451773687311,0.0
0.09286608210709928,0.41116469803889194,0.0
0.11616521299753188,0.40663707381209985,0.0
0.13819985248505326,0.4067121824720714,0.0
0.15991031224149777,0.40590669326645684,0.0
0.18119442971719485,0.40764306437618286,0.0
0.20053249875177032,0.410354666318202,0.0
0.22521214432940886,0.4079263888546515,0.0
0.24317353972319575,0.41268982510186714,0.0
0.2656458786821232,0.41135801687562423,0.0
0.28632255157863845,0.4080454741523398,0.0
0.31251776158171596,0.4075113630417374,0.0
0.332649322433512,0.41337686293288894,0.0
0.3500499618510451,0.4112715536065173,0.0
0.3741547030489402,0.41066668504091147,0.0
0.3999830550581462,0.41333849608775214,0.0
0.4151646421131254,0.4181917724853569,0.0
0.4335063578479298,0.41286518211844875,0.0
0.45803334475204527,0.41594151855670525,0.0
0.4836398869185199,0.4151036990541191,0.0
0.5041018380817791,0.41194834370696953,0.0
0.5183163410654347,0.41641617043292034,0.0
0.5456603426377485,0.4159588739523752,0.0
0.5619439889494873,0.4151590223441893,0.0
0.5848864241483785,0.4099500168696344,0.0
0.6022752407493438,0.4130712793138249,0.0
0.6291293482564075,0.41027223357948167,0.0
0.6500076883319559,0.4102120568762087,0.0
0.6681785958290712,0.4098201882321082,0.0
0.6867540186766475,0.41036211702020264,0.0
0.7165959256199363,0.40856786199787415,0.0
0.7284868479525843,0.4108158552533945,0.0
0.7587404228981394,0.411258170899102,0.0
0.7745616166808479,0.40873341099805627,0.0
0.7971875816287038,0.41068626444453465,0.0
0.8258653070178787,0.4107479807173531,0.0
0.8468760553345898,0.4124005487119329,0.0
0.8568246151807215,0.3978215370711822,1.0
0.02166298667423353,0.4274285292286213,0.0
0.04054749036244886,0.4271482911524559,0.0
0.06246721693244193,0.4296763932723274,0.0
0.08413919895288785,0.4254719116937417,0.0
0.10448963127822823,0.4291876277693278,0.0
0.1270126393832928,0.4270512184735223,0.0
0.14668118825972837,0.430485981956784,0.0
0.16854952222773756,0.4292841387143899,0.0
0.1914554372599077,0.42388033412979365,0.0
0.21257958215497727,0.4253410568332345,0.0
0.23207033420374712,0.42460576170391895,0.0
0.25534693759472393,0.4314732341036754,0.0
0.27421621081339015,0.4314763122157795,0.0
0.30080377765033844,0.4300295398208733,0.0
0.32278626244277225,0.43155357419941437,0.0
0.3396541299896925,0.4326174130719302,0.0
0.3631810698983537,0.4304622932578623,0.0
0.38506883284882637,0.43372667135150167,0.0
0.4096519629055037,0.4343311328293874,0.0
0.42721064764340355,0.4355751181672148,0.0
0.44430808255947307,0.4295358627481422,0.0
0.4691043093455288,0.4313099053148508,0.0
0.4921753702102981,0.42915369501892614,0.0
0.5105411496450063,0.43022711200720215,0.0
0.5286640954781205,0.42838136949070316,0.0
0.5467268393011234,0.4325953203427756,0.0
0.5719868989349469,0.4330481970102869,0.0
0.590103345227487,0.4262872609302751,0.0
0.6124790846411136,0.4288359811363418,0.0
0.6350884206810052,0.4288951362931032,0.0
0.663269498218504,0.42615749546004916,0.0
0.6859189968411736,0.42527902057456296,0.0
0.7048111818899053,0.42713512483099497,0.0
0.7264773620386409,0.4277992575584547,0.0
0.7491680978126819,0.4283073587116196,0.0
0.7591341091098315,0.4295175574059976,0.0
0.7845090168252481,0.4258896899425262,0.0
0.8030847775546602,0.4314364349510963,0.0
0.8352043667782563,0.42621389442734403,0.0
0.8450839829222774,0.43407304267556795,0.0
0.032827955801235084,0.449363184721422,0.0
0.05267849918302718,0.4464844501805687,0.0
0.07419691813818464,0.44634012369220133,0.0
0.09497924634669408,0.44355606856434027,0.0
0.11671039467631984,0.4434313947462266,0.0
0.13816516432993275,0.4415482929544793,0.0
0.15996642123381316,0.4501538170695882,0.0
0.179142150334305,0.4448935765775334,0.0
0.20172901428719492,0.4441321997490153,0.0
0.22470522646597688,0.44405509588546654,0.0
0.24469672545935986,0.4484919386236654,0.0
0.26588276784982146,0.4420009374644825,0.0
0.2865548909583622,0.4420145561680281,0.0
0.30977053544818156,0.44604652332371725,0.0
0.32756754218152095,0.44411186091783594,0.0
0.3537350535151289,0.44345349418515184,0.0
0.3738737599156111,0.44608237417778207,0.0
0.3944795388208948,0.450802336747503,0.0
0.4183779962016087,0.4557133663008711,2.0
0.4382475238366879,0.4501116978932981,2.0
0.4587723241586812,0.453045858003047,2.0
0.4728317122582306,0.4436527810185173,0.0
0.4945723738768407,0.4504381440638365,0.0
0.5180787416014679,0.44671390161422286,0.0
0.5396212687058926,0.44905597230623384,0.0
0.5607464391126096,0.4514748619964694,0.0
0.5842290135483007,0.4524813454650817,0.0
0.6010395172528504,0.44501480002591864,0.0
0.6260639087304593,0.445165276465156,0.0
0.6463989686526643,0.44916066343960775,0.0
0.6687185099659618,0.4447794689077979,0.0
0.6917096211373959,0.4469676351890886,0.0
0.7118722030878847,0.4492361079334507,0.0
0.7284832302086024,0.44533001434178626,0.0
0.7508559860283316,0.44966237122265185,0.0
0.7719705840454577,0.44774570912163336,0.0
0.7981725527251365,0.445735655493651,0.0
0.8202094609357282,0.4497068721844156,0.0
0.8288034684035771,0.45103009572689695,0.0
0.8700331871451792,0.4381634558352132,1.0
0.019415989561081728,0.46298576936047026,0.0
0.0419392950963871,0.46094636042471887,0.0
0.06365340957892941,0.46556352177159294,0.0
0.08531942914576574,0.4674408675801328,0.0
0.106079429217435,0.4614648347145959,0.0
0.12829564286699968,0.46459928008742557,0.0
0.1473779479911015,0.45969462586874854,0.0
0.16900393668609826,0.4599496786962161,0.0
0.1927114106916825,0.46441392626867656,0.0
0.21218550717280818,0.46794950863478785,0.0
0.23362175632721763,0.4654639458024571,0.0
0.2556061876654152,0.46482724139634063,0.0
0.278401705045594,0.46030485551139555,0.0
0.2952171202794484,0.46415407179171747,0.0
0.31551641137148023,0.46134689385432637,0.0
0.3399419503479927,0.46673780206179893,0.0
0.363083125672595,0.4621492893288806,0.0
0.38412285116272793,0.46527316990267414,0.0
0.4023420686265577,0.4690197785817264,2.0
0.4783749171419986,0.4661369440343768,2.0
0.5075650140671966,0.46581391647416187,0.0
0.5203734117914143,0.4696805967499795,0.0
0.5522139835746567,0.46697419533936646,0.0
0.5681250188211777,0.46979702007454743,0.0
0.5914945873451657,0.4705497985942926,0.0
0.6096344635023792,0.4698928887117669,0.0
0.6367048040922205,0.4641622380243184,0.0
0.6610170991924406,0.466350997266826,0.0
0.6800616689112597,0.4608368087104668,0.0
0.6979446387460135,0.4600881846919448,0.0
0.7233374221708344,0.4669084979460162,0.0
0.7359499308279921,0.4612219808280052,0.0
0.7559950810175765,0.4681694655032877,0.0
0.7792791054566194,0.4659609740236141,0.0
0.7975376685816051,0.46671343223368916,0.0
0.8241525161430266,0.4695822927404943,0.0
0.8358565279895764,0.46968445636113937,0.0
0.8600670606092806,0.45575841020853186,0.0
0.03391835905462889,0.4802285732697168,0.0
0.054433981878158955,0.48607189335547213,0.0
0.075181464117393,0.48465087080953273,0.0
0.0961623065429556,0.4835177810269846,0.0
0.11606138637869845,0.48275602716396926,0.0
0.1374306064005966,0.4780776422841632,0.0
0.15863379288819737,0.48497201962211944,0.0
0.18207726287368495,0.4803834108569671,0.0
0.20198609028772757,0.4817605488834766,0.0
0.2239597269877209,0.4825584979824663,0.0
0.2456727713891869,0.4856665853234193,0.0
0.26273264589294354,0.48013242176237275,0.0
0.2864784480900494,0.4809416826662662,0.0
0.30960055124344155,0.4837598665145533,0.0
0.3303204762495597,0.48512765533016977,0.0
0.35155584525218775,0.48499552727756234,0.0
0.3696867682544672,0.48633332280886327,0.0
0.3930686656592383,0.4879212782433855,2.0
0.4884642270442087,0.4826046346401492,2.0
0.5140207154364075,0.4891922322512007,0.0
0.5343887583067662,0.48789324936153095,0.0
0.5592475502214052,0.4876807435673923,0.0
0.5753424086307473,0.4825382367190502,0.0
0.5970910317973066,0.48723962261930087,0.0
0.6310858409307074,0.4833199818371429,0.0
0.6529670927344416,0.48598089007897005,0.0
0.662238913708132,0.4790697181162476,0.0
0.6853549124895297,0.4804252846606836,0.0
0.7159776751205484,0.48039336715071296,0.0
0.734838074378013,0.4811695642817123,0.0
0.7489537396439102,0.4831898618557354,0.0
0.7701076856625445,0.4880382978084711,0.0
0.8015494001198323,0.48257432027094804,0.0
0.8111747480081134,0.4829331145812859,0.0
0.8442848485230556,0.48738158335207454,0.0
0.8573051925525198,0.48107600930462957,0.0
0.8795190322090508,0.4798354824015457,1.0
0.02450794225999647,0.502196355612785,0.0
0.0442164588335629,0.4977456841414487,0.0
0.06523799648960943,0.4982638908961211,0.0
0.08587688769406294,0.5001452725926606,0.0
0.10655226588742335,0.5028487252471894,0.0
0.1267725486604334,0.5055370294593098,0.0
0.15029036041340313,0.505595370189281,0.0
0.16931903565219195,0.49592085926386037,0.0
0.1903949321244864,0.49994132295540067,0.0
0.21199290340828914,0.4981887424453126,0.0
0.23357598358961984,0.5040924571061126,0.0
0.25456309074607786,0.503716654625976,0.0
0.2757315596432729,0.4984780700633065,0.0
0.2988560806534916,0.5043761828119868,0.0
0.31906997105514684,0.49864883114211034,0.0
0.34050859178709714,0.49810466817065696,0.0
0.36152763720439063,0.5006590484898749,0.0
0.3769625886169788,0.49865541966511284,0.0
0.4915817371920378,0.5007773476276183,2.0
0.5302498605547964,0.49703630282498706,0.0
0.5518566388413538,0.5010802172854968,0.0
0.5713010425146471,0.5060017910575838,0.0
0.5884701428037377,0.49680065463961803,0.0
0.60947565290248,0.5018609694556831,0.0
0.63633608956718,0.5036687680124389,0.0
0.6627273240360633,0.49962152622167416,0.0
0.6746299721162664,0.49860982256597897,0.0
0.706276754222037,0.49806918171991565,0.0
0.7258263527739872,0.5040561670440489,0.0
0.7477476290126596,0.5065713202153025,0.0
0.7624676217812307,0.5009773200773345,0.0
0.7811757732476505,0.5054069357410335,0.0
0.8024204212542043,0.5042838906471568,0.0
0.8272424012028781,0.5068837503787533,0.0
0.8478783959438,0.49456921973373874,0.0
0.864646807988708,0.4999788180037521,0.0
0.03359986929818467,0.5167650503370588,0.0
0.0544420428560355,0.5166796704679449,0.0
0.07588134287571363,0.5217482825366533,0.0
0.09545269672307552,0.5184411941222288,0.0
0.1174669553853229,0.5222830337044182,0.0
0.137774268634475,0.523973464586016,0.0
0.16034692398622644,0.5204261752440222,0.0
0.18128272006819948,0.5161365838655553,0.0
0.20081889486804894,0.519398452171687,0.0
0.22352495555038193,0.5198133564922551,0.0
0.24595850492675114,0.5163743428426081,0.0
0.2645503803013002,0.5182520195587806,0.0
0.2868182027778779,0.5143344030027753,0.0
0.308830932858485,0.5154006080731175,0.0
0.32643244185675024,0.5148054659148448,0.0
0.34903792813496787,0.5166640273123498,0.0
0.36761065762023426,0.514175828807568,0.0
0.3931582318476377,0.5124329739599388,2.0
0.4879008967962585,0.5188439708083252,2.0
0.5124391536382822,0.5105221358124327,0.0
0.5330637292688819,0.5195661392829171,0.0
0.5629889525962598,0.5201544127444063,0.0
0.5796439156442953,0.5165239563099738,0.0
0.6073488427022533,0.5203871726689291,0.0
0.62868913930883,0.5159048000292659,0.0
0.6479405390334183,0.5166533866382104,0.0
0.6700680209831544,0.5241851558145543,0.0
0.6829809870513222,0.5195878835695951,0.0
0.7052587102779175,0.5168658861178775,0.0
0.7298157047389938,0.5168288847553889,0.0
0.7558901717936697,0.5228881438121639,0.0
0.7799039391031234,0.5164648476991845,0.0
0.7943087261372437,0.5284993586051971,0.0
0.8148608257287955,0.5284748299382448,0.0
0.8402067224988351,0.5202441644880019,0.0
0.8747423857949026,0.5191466335635723,1.0
0.019757828588585127,0.533298772348769,0.0
0.04284366967280191,0.5329629882297717,0.0
0.06398179149288732,0.5362079854555547,0.0
0.08534089463994167,0.5361162958847452,0.0
0.10562704672208761,0.5388580482244607,0.0
0.12793619100956233,0.5368858419000521,0.0
0.1477767028646084,0.5334162887503778,0.0
0.17111050543678522,0.5410383874848856,0.0
0.18979111603498147,0.5389180546974317,0.0
0.21243443066871598,0.5421696600700671,0.0
0.23391339016397933,0.5424615260377804,0.0
0.2540135096500063,0.5354567882453644,0.0
0.2773803957933924,0.5379536039402563,0.0
0.2975567686558354,0.5405917746843052,0.0
0.3195474424683201,0.5398329401115345,0.0
0.3364702371831992,0.5330347074429804,0.0
0.36339077787889634,0.5378587194988848,0.0
0.38468601738447805,0.5384226500541377,0.0
0.4023345853225322,0.5309707392217535,2.0
0.4773087058392291,0.5349859325313635,2.0
0.5029058142827787,0.5293044126863772,0.0
0.51982561695863,0.5283415072696267,0.0
0.5454693729231433,0.5327644956943968,0.0
0.5742248774805079,0.5352364633683627,0.0
0.5883889555092598,0.5412858703661112,0.0
0.6143028408914916,0.5395901988268478,0.0
0.6292251415846678,0.5340820960648627,0.0
0.6617911442555986,0.5389874424277409,0.0
0.680741477598376,0.5383456380014566,0.0
0.6943847253615255,0.5431843907006053,0.0
0.7211559325744132,0.5357210528784903,0.0
0.7435781307843661,0.5366616695645865,0.0
0.7647866444124264,0.5371717712456904,0.0
0.7777105278435196,0.536699181742648,0.0
0.8014781599105542,0.544895367836834,0.0
0.8412689037738142,0.5400525050121779,0.0
0.8556685868261656,0.5172728689740002,0.0
0.03376057295453539,0.5554232786978591,0.0
0.05443314041754839,0.5603680987602728,0.0
0.07534099563763054,0.5510802802183432,0.0
0.09676123560321599,0.5594086551049492,0.0
0.11668003144107755,0.5512737807583279,0.0
0.1395408909061861,0.5532578661443426,0.0
0.15815338616941238,0.560859314570347,0.0
0.18106593239902638,0.5586786700262559,0.0
0.20235029149463835,0.5510722550862268,0.0
0.22285267528148126,0.5536848190102986,0.0
0.24280111544862487,0.5593069679639772,0.0
0.26391392694472315,0.5580846593227077,0.0
0.2872132104686437,0.559469765936302,0.0
0.3059758910875365,0.5556690305809461,0.0
0.32933246750848233,0.5576302266723043,0.0
0.35521346249676583,0.5532926609023998,0.0
0.37159543649185495,0.5581222299435331,0.0
0.39727386019173283,0.5556211552184477,0.0
0.4179892343558795,0.5440807058888174,2.0
0.4373834597283326,0.5498229233279857,2.0
0.457565853568878,0.5473782774384487,2.0
0.47979400066527766,0.5556922973658334,0.0
0.4919798324460351,0.5524977456924958,0.0
0.5136172847711115,0.5564022908164082,0.0
0.5334451400935151,0.553870931209467,0.0
0.5634592083249688,0.5543923703227339,0.0
0.5780097610225837,0.5539998411910294,0.0
0.6060486334658151,0.5559924754475455,0.0
0.6182545072005765,0.5557959294556878,0.0
0.6414585623687602,0.5617459965088843,0.0
0.6660182366428166,0.5605609432656732,0.0
0.6905599664314551,0.5598710319315295,0.0
0.706981018484271,0.559449393299202,0.0
0.7314592997586123,0.5577638728670044,0.0
0.7575408124219439,0.5620120201523161,0.0
0.7650487062886464,0.5579628511196967,0.0
0.7895344006703101,0.5562078361194082,0.0
0.8345374798132588,0.5469894652262436,0.0
0.8510476082784304,0.5553357727567348,1.0
0.02431946075428028,0.5698836849611496,0.0
0.04387230972326844,0.5705572021133003,0.0
0.0645230804688548,0.5715010805241526,0.0
0.08609898501319499,0.5732500064465166,0.0
0.10726948588612059,0.569132134612629,0.0
0.1276444578662378,0.5749712663573683,0.0
0.14803831880213664,0.5734173526433447,0.0
0.17001592843454116,0.569355378958429,0.0
0.19196443312477576,0.5762284766192066,0.0
0.21483086773412813,0.570855192521909,0.0
0.2357666810326295,0.5728362458571993,0.0
0.25606600047420564,0.5762006164569118,0.0
0.27448855514701764,0.5752709829593609,0.0
0.2957944689488268,0.5752047687899783,0.0
0.3229000663538431,0.5728261161269619,0.0
0.3448581341862901,0.5679492874820815,0.0
0.3632478894714166,0.5669746349959963,0.0
0.38342385499805764,0.5745312716569188,0.0
0.4034219735019598,0.570947302903408,0.0
0.4236596527091993,0.5670451345062968,0.0
0.4455000139945786,0.5623164125072386,0.0
0.4682759461813605,0.5719665181399418,0.0
0.48514564361957596,0.5694701319605041,0.0
0.502961339499558,0.5687044702470184,0.0
0.5252471546811023,0.567582198285458,0.0
0.544658925167777,0.566918811806246,0.0
0.5725625417325758,0.5693358017835888,0.0
0.5920460334268278,0.571272266531121,0.0
0.612288478514745,0.5752002398912835,0.0
0.6400685629824103,0.5793174059776398,0.0
0.6583612784515301,0.5791417906548253,0.0
0.6742181758776492,0.5710243983010674,0.0
0.6982364233959758,0.5693928633655616,0.0
0.7244515120196952,0.5738433764488347,0.0
0.7462784005996231,0.5737549247663134,0.0
0.764145148615139,0.5853507185659999,0.0
0.7859498582017569,0.5699126177183281,0.0
0.8075537297250954,0.5680146737241191,0.0
0.8186744536937461,0.5777045008698624,1.0
0.03405980353283467,0.5968883728668046,0.0
0.053894097255632226,0.5930751773688476,0.0
0.07570769378984538,0.5931163950211995,0.0
0.09583688183912532,0.5938802376593603,0.0
0.11657473262469102,0.5926160721245807,0.0
0.13874173631426545,0.5943718571630554,0.0
0.16071775584308776,0.5888367948622136,0.0
0.1804848413463255,0.5947924971520606,0.0
0.2016733307063092,0.5888554812646243,0.0
0.22225714860489257,0.5932296742762159,0.0
0.24342406218346804,0.5881678734874732,0.0
0.2677603930035644,0.5956976944578125,0.0
0.28729277478674325,0.5914537798322312,0.0
0.30992186019860485,0.5936179616473565,0.0
0.33177458716962716,0.5971252272767095,0.0
0.3548948980816085,0.5869809053085602,0.0
0.37417317752865353,0.5938721390870922,0.0
0.39870533869171676,0.5858161859918918,0.0
0.4160995089890958,0.5818220183769316,0.0
0.4387929889851903,0.5907840218608477,0.0
0.45183112970866657,0.5836950747027585,0.0
0.47987040807136067,0.5874218180897484,0.0
0.4936557827582691,0.5880565437172759,0.0
0.5156788529890309,0.5861641898727443,0.0
0.5348573356621482,0.5926943822600658,0.0
0.554336818874065,0.5928518005223082,0.0
0.5821095399319054,0.594267766446147,0.0
0.6088235244457222,0.593566107408456,0.0
0.6202541226624093,0.588387889717621,0.0
0.6499061612066823,0.5973681391276598,0.0
0.6600978870413211,0.5982606714675803,0.0
0.6835464284869156,0.596558563572391,0.0
0.7118990488584089,0.5890035620444922,0.0
0.7329639151062799,0.5840504925071053,0.0
0.7588004145675405,0.598827745053827,0.0
0.7831777566602021,0.5973719825582932,1.0
0.019397033689371592,0.6150891706085442,0.0
0.04254956591895849,0.613180905262969,0.0
0.06431961186749444,0.6158636141131,0.0
0.08547690028625547,0.6097575441480466,0.0
0.10593890803275266,0.6153551156410116,0.0
0.12650374046523716,0.610078408133353,0.0
0.1488056018136253,0.6121909540165438,0.0
0.1698102331022268,0.6052560171011772,0.0
0.19248890040438307,0.6098496909812641,0.0
0.2133039139134532,0.6103498747657882,0.0
0.23271841125161866,0.6083689411693176,0.0
0.2572449729393448,0.6116079164026301,0.0
0.27886767332566886,0.6124769604719711,0.0
0.29743900104712867,0.6124912802680982,0.0
0.3222638958711497,0.6155087378232577,0.0
0.3427286951749594,0.6140552666691736,0.0
0.3632409269382385,0.6075449150032837,0.0
0.38397434129189545,0.6081716766727184,0.0
0.40027096967348214,0.6097828202468426,0.0
0.42784339276912714,0.6067508612771427,0.0
0.4412690735369243,0.6096116270861395,0.0
0.46400266638222554,0.606981010955228,0.0
0.49192362168612774,0.6052357235674961,0.0
0.5130195036487909,0.6051374617847818,0.0
0.5240750087363091,0.6107649648388701,0.0
0.5552172887799564,0.6074405214430366,0.0
0.5675109773436907,0.6089143250733947,0.0
0.5928443111853913,0.6133025281991576,0.0
0.6176474524306518,0.6106313451808109,0.0
0.6348792057114124,0.6117613191608426,0.0
0.6621517921292319,0.61350225644798,0.0
0.6779031878139692,0.6107751768211532,0.0
0.6993568145839887,0.6125503830157576,0.0
0.7184252396958394,0.6093675903378282,0.0
0.7313875248453021,0.6090451914681432,0.0
0.7518799799231575,0.6088010256601826,0.0
0.03342027778377868,0.6236844684862642,0.0
0.05370263823749694,0.6333899362155205,0.0
0.07550291155629751,0.6241726907373022,0.0
0.09627750117533432,0.6328926257082641,0.0
0.11735467880577684,0.6267154527651281,0.0
0.13869836878135466,0.6324733491290807,0.0
0.16057010827330978,0.6339559261405342,0.0
0.18053759134942704,0.6224687479934063,0.0
0.20019733300739004,0.6283768506647217,0.0
0.2246435779582513,0.6255909198371048,0.0
0.24291869656467951,0.6334729174078677,0.0
0.2642904676658838,0.6337215566291785,0.0
0.28667911613098945,0.6324878525052691,0.0
0.3095702507243785,0.6310206161537518,0.0
0.32973509244835764,0.6339949816061096,0.0
0.3500097137016242,0.6247587449957528,0.0
0.3722531638224829,0.63178923018986,0.0
0.3944591339699646,0.6271454654345605,0.0
0.41229132948957276,0.6284950994869656,0.0
0.43889819977603517,0.6256626347380689,0.0
0.4571407620157022,0.6216678426607878,0.0
0.4731469623477916,0.6288981566629465,0.0
0.5010528906232409,0.6264852418837664,0.0
0.5141879119496618,0.63210094260417,0.0
0.5434310189506475,0.629383410568625,0.0
0.5621995679791482,0.6247555539527214,0.0
0.5849609274182148,0.6292385861692013,0.0
0.6081583515044632,0.6266003197393191,0.0
0.6293673568603069,0.633673837712657,0.0
0.641804796234067,0.6308336189422337,0.0
0.6641009513488343,0.62711152074525,0.0
0.6887841843184396,0.6274207794861282,0.0
0.7181149063329902,0.6347790254551559,0.0
0.7337414387983411,0.6214967124804089,0.0
0.7576452448922872,0.6280997609170664,1.0
0.02455155419450871,0.6502854830932739,0.0
0.044348140943596924,0.6489804493651307,0.0
0.06447715168569573,0.6433349049720789,0.0
0.08537774566643248,0.6535413002847429,0.0
0.10628082750719776,0.6506268410724168,0.0
0.12697683075393013,0.6454320627569524,0.0
0.1473840719700697,0.6466882200496323,0.0
0.17098748973546135,0.6426108148312774,0.0
0.19250924618533174,0.6526944760506185,0.0
0.21456664363755887,0.6506197320594636,0.0
0.2354347915981055,0.6412284370010215,0.0
0.25604475154369916,0.643844473578881,0.0
0.2766553525248365,0.6443427558606648,0.0
0.2969537886010252,0.6475056866172282,0.0
0.3184133889590218,0.6495356816464064,0.0
0.3418485588966095,0.644782804724721,0.0
0.3629344091529952,0.6486458914736516,0.0
0.38595867285156393,0.63930157470318,0.0
0.4051505738415811,0.6432879704887774,0.0
0.42677599499383345,0.6429493034026241,0.0
0.44813452189719016,0.6435414709866524,0.0
0.46917494668225856,0.6384004896924526,0.0
0.4898796662508591,0.6460088614427375,0.0
0.5080862742396409,0.6459588103874081,0.0
0.5337579475954933,0.6482766608383472,0.0
0.5455200822923956,0.6473929496513813,0.0
0.5687398105615226,0.6470464314913141,0.0
0.5914212950344802,0.6465139120341573,0.0
0.6193546683947082,0.6516903149681377,0.0
0.6343634897519627,0.6544832595662126,0.0
0.6619116544982365,0.6463315833168162,0.0
0.6752063240152546,0.6474255468188986,0.0
0.6986464441359638,0.6608144357564378,0.0
0.7057720960351899,0.6445062637602424,0.0
0.7329629370791421,0.6423867010087311,0.0
0.033957706932306785,0.6661766343668711,0.0
0.05423527611760175,0.6661231968679509,0.0
0.07469639022009791,0.67138702259103,0.0
0.09593868090791396,0.6636376998277567,0.0
0.1159212730704338,0.6643424998226107,0.0
0.13925101641646312,0.6673978824997255,0.0
0.15770434770668185,0.6660909852833357,0.0
0.18118220355699022,0.6699208531332294,0.0
0.20347848520256379,0.6647243258306802,0.0
0.2214946998830899,0.6642598860126206,0.0
0.2432892315889145,0.6582990629630244,0.0
0.2640774403098879,0.6655475820800596,0.0
0.2871080136658678,0.6633550812320061,0.0
0.307028523670847,0.6597509463462226,0.0
0.32790673143415316,0.6710078017106309,0.0
0.348265256143523,0.6675968011715294,0.0
0.3722696150484773,0.666186539837619,0.0
0.39210355002049413,0.6659099874239522,0.0
0.4093118050122683,0.656791538474295,0.0
0.4327009222303211,0.6627390732423346,0.0
0.4566853105024162,0.6688162395225732,0.0
0.4738588282475016,0.6597651525863071,0.0
0.4984759553521745,0.6630986446416456,0.0
0.5140109168302499,0.6658996673024224,0.0
0.5350219109675581,0.6622035212000954,0.0
0.5620978420457046,0.6697283398761991,0.0
0.5859764912160587,0.6611528109627329,0.0
0.6067394382344347,0.6662972671169756,0.0
0.6252358575853619,0.6687136057366498,0.0
0.6495109086482886,0.6674705034793729,0.0
0.6679572545711974,0.6676175510146585,0.0
0.6894164250308624,0.6764073000399387,0.0
0.7135752104363318,0.6687919169258206,0.0
0.738560808869823,0.6632627041918349,1.0
0.01932246907261886,0.6806757949997619,0.0
0.0426578949477035,0.688247717005466,0.0
0.06393468612699521,0.6923052892951728,0.0
0.08508835710798328,0.6837032067706122,0.0
0.10664856180570384,0.6825235724448419,0.0
0.12644481278060796,0.6879399054552302,0.0
0.1475977006405759,0.6787384417214926,0.0
0.17073260580584557,0.6773714771311717,0.0
0.19012556166527278,0.675921423106889,0.0
0.211787308651436,0.676234197310841,0.0
0.2349307947555874,0.6757812618171954,0.0
0.2557703602421749,0.685063282075129,0.0
0.27570196615816417,0.6787931532237113,0.0
0.2951410359976515,0.6893106905270403,0.0
0.32274850672417094,0.6813860036254498,0.0
0.34262513868466626,0.6818688976039994,0.0
0.3643033788744697,0.685302899425778,0.0
0.38180781172960715,0.6771332366034057,0.0
0.40629167729100335,0.6844277721544672,0.0
0.4196107513600065,0.6728612021639384,0.0
0.4467008198776516,0.6847772460350945,0.0
0.46674097648548796,0.6888804885799401,0.0
0.4905507473881387,0.6763487087047659,0.0
0.512327910650124,0.6839299067648452,0.0
0.533147172914938,0.6827307630402498,0.0
0.5531780408944661,0.677381831115787,0.0
0.5704867443424242,0.6824063041892595,0.0
0.5923697817585389,0.689018498238901,0.0
0.6123533810381702,0.6813492988567601,0.0
0.6368046030306949,0.6854674995271508,0.0
0.654750162264546,0.693393328216838,0.0
0.6734756094721963,0.6841459825010044,0.0
0.7009296524577607,0.6954518513534967,0.0
0.7138308737092476,0.6780530021779867,0.0
0.03351419466996096,0.7013958346497068,0.0
0.05381787360908656,0.7087601558443476,0.0
0.0746389991269565,0.6983200155629621,0.0
0.09477532335108059,0.7099819784306113,0.0
0.11730312507097582,0.7004999414481516,0.0
0.13685799474979168,0.705803117293316,0.0
0.15856832715956837,0.7057866791728103,0.0
0.17952707987419847,0.6974476311347935,0.0
0.20058540630658447,0.7027225345934258,0.0
0.22180706243174236,0.7039875479760497,0.0
0.2452785560309703,0.6971428991889622,0.0
0.2635428811633791,0.703288641925747,0.0
0.28520343101252305,0.6991283458811841,0.0
0.30787490439372034,0.7026814290160102,0.0
0.3325869421430981,0.7054247589143349,0.0
0.34965640162768263,0.6986966183424336,0.0
0.37523993035968345,0.7042305327801429,0.0
0.39421162252025777,0.694960182947348,0.0
0.41089560465352953,0.7031596781400921,0.0
0.4374897088428085,0.6901264632740642,0.0
0.45220706676044736,0.7062087651740574,0.0
0.47415498389211513,0.6942965948284296,0.0
0.49248215958059094,0.6969266121487303,0.0
0.5080078423437069,0.7103412435341836,1.0
0.5402494962649463,0.7046587203314087,1.0
0.5534710838327224,0.7040944763700059,1.0
0.5837197072673385,0.6939791203629678,0.0
0.5994428957322778,0.7080531925548519,0.0
0.6249787621729254,0.6959465805529507,0.0
0.6437544323403769,0.7127303722166763,0.0
0.6578304582304215,0.7033188343195965,0.0
0.6758590025901591,0.7131324175456792,0.0
0.7155705350545143,0.6994051632302443,1.0
0.02411329907582402,0.7263655434644858,0.0
0.043312036888791657,0.7203714661679991,0.0
0.06416621754808402,0.7272696299404205,0.0
0.08452313458545004,0.7256160222929455,0.0
0.1051445030787341,0.7235576041664996,0.0
0.12712722920860864,0.7236329075883915,0.0
0.14780036312902728,0.7177507009212017,0.0
0.16857767028242948,0.7153247872566706,0.0
0.19068879337553002,0.7170405239472677,0.0
0.20886235128575842,0.7249326376052303,0.0
0.23022855451492832,0.7166629433703118,0.0
0.2530725741890727,0.7170479497785422,0.0
0.2718525224388684,0.722836181305364,0.0
0.2933204759843591,0.7156799231061003,0.0
0.3120745831790608,0.7143270069777129,0.0
0.34371848731365107,0.7243483013830871,0.0
0.3604500370067824,0.7236121950612846,0.0
0.3855461660888562,0.7162778811005907,0.0
0.40842383384784897,0.7114176808541507,0.0
0.4240861793612247,0.7292951574517663,1.0
0.43121254477373594,0.7179926797925282,0.0
0.4657154174689379,0.7213113262908584,1.0
0.5839697364363725,0.7168795375076593,1.0
0.6177984329582524,0.7187163948281309,0.0
0.6338473577851038,0.7340642393143356,0.0
0.6635363769270405,0.7238791385600521,0.0
0.6874773163067962,0.7298195261722215,1.0
0.03339760845692567,0.7433864251848985,0.0
0.0533277294792979,0.74534551246447,0.0
0.07505656117607667,0.7395017917552021,0.0
0.09575774754331412,0.7370073995920018,0.0
0.11708771563985433,0.7386510006478845,0.0
0.13838422707204576,0.7332060253008478,0.0
0.158875134429931,0.7379697387063736,0.0
0.1780196406363488,0.7311094119109427,0.0
0.1989494581672144,0.7403700441606215,0.0
0.21876378026853985,0.7445453046889217,0.0
0.24344021575612954,0.7323328859635702,0.0
0.26229385177050096,0.7301981530533083,0.0
0.27995356828963447,0.7320814599916073,0.0
0.32257868900249315,0.7318783207134101,0.0
0.3467906883308403,0.7502486952442411,1.0
0.3668047168957036,0.7362214093742959,0.0
0.3855218944966504,0.7423873948295996,1.0
0.6155815059496959,0.7413141639064865,1.0
0.6511264144971982,0.7494375414933194,1.0
0.6557898614586143,0.7239446424492638,0.0
0.01899320002329151,0.7590872381245791,0.0
0.042014101713949,0.7660293735835579,0.0
0.06315222600901974,0.7606405200322072,0.0
0.0844175885728969,0.7561203839162278,0.0
0.10615374984459812,0.759977632505494,0.0
0.12717851784304868,0.762328009973939,0.0
0.14709056848845678,0.7546511128785197,0.0
0.16890882426775125,0.7556870604173315,0.0
0.1909358340321243,0.7500600318726521,0.0
0.21193400956582784,0.7506244973005827,0.0
0.2289513956851633,0.7539312221650145,0.0
0.2512501737972066,0.7589086995650297,0.0
0.271454295962942,0.7492607227670974,0.0
0.3059083757181239,0.7593372196893649,1.0
0.03336921141371869,0.7723709258300533,0.0
0.05400008422681475,0.7717431215439924,0.0
0.07404356602053978,0.7803323909290181,0.0
0.096270721210369,0.7743152419826194,0.0
0.11618381434331194,0.7762671828809726,0.0
0.13740282379679544,0.7709063796427112,0.0
0.15828021779196208,0.7783380642344041,0.0
0.18094701065696436,0.7723235134692048,0.0
0.2000363600664635,0.7682630896554659,0.0
0.22287617964712364,0.7797666997899726,0.0
0.24350250840426216,0.7713270364357027,0.0
0.26598419233929205,0.7668967528773027,0.0
0.28381717272725593,0.7678193074641854,0.0
0.29077617382042537,0.7486896282196578,0.0
0.024138351103560135,0.7984459332999433,0.0
0.04398245613736351,0.8040236526775443,0.0
0.06436671211461509,0.7996567017239157,0.0
0.0852445165138832,0.7944328984745113,0.0
0.10512250346011467,0.7990761506258147,0.0
0.12668958501059435,0.7952799650997597,0.0
0.1480876280275475,0.7979197869179933,0.0
0.17055876149799132,0.8012474824701944,0.0
0.19045816693398912,0.7963732085898434,0.0
0.20955679823562567,0.7863371175331944,0.0
0.23256414732112535,0.7874610114697151,0.0
0.2534615405859551,0.794013090456065,0.0
0.2758798860964587,0.7972373782467442,0.0
0.2919039159553648,0.785984377806112,0.0
0.31212450330831226,0.7927370545112458,0.0
0.3263142652948196,0.7851757017727465,1.0
0.3587653293850755,0.7926202440148322,1.0
0.033224772073147474,0.8256942575936557,0.0
0.05352797757868222,0.8224864720310412,0.0
0.07483874819612518,0.8149570264710195,0.0
0.09650520425258999,0.8149542562434655,0.0
0.11680278910962327,0.806264417222504,0.0
0.1367775114834768,0.8051171080117346,0.0
0.15784890836667315,0.8172100883253413,0.0
0.18020529597146948,0.8158862471586731,0.0
0.19877296397163793,0.8082900308581473,0.0
0.22145865987063082,0.8082381677228907,0.0
0.2438607904732045,0.803715710934,0.0
0.2642265164331266,0.8028134134487592,0.0
0.283497052044724,0.808534045733873,0.0
0.3072533243507734,0.8094018036954851,0.0
0.3257039390215383,0.8085044530368745,0.0
0.3496330484739657,0.8081002086858946,0.0
0.36486573737734573,0.8071023559857712,0.0
0.3875229021621154,0.8117831542749049,1.0
0.018883530480478528,0.8423846231103749,0.0
0.04186855852643989,0.840862996058561,0.0
0.0633637461551239,0.8285735815308289,0.0
0.08505355907605952,0.8357411439789767,0.0
0.10595704034317706,0.8241535010471605,0.0
0.12849452096884884,0.8268910269516657,0.0
0.1490650101155712,0.8222136762505107,0.0
0.16948066524989386,0.8261443284276412,0.0
0.1919261838563898,0.8286130839970108,0.0
0.21102907540267837,0.8289756236495043,0.0
0.23101015476990874,0.8253291582493695,0.0
0.25578852535475527,0.8219068955239403,0.0
0.27144017088649985,0.8241260423983767,0.0
0.29493481369215047,0.8293073786003439,0.0
0.31872151186894027,0.833323022871752,0.0
0.3382994428187366,0.822742679438169,0.0
0.35470650061202214,0.8309148110187763,0.0
0.3797655254849389,0.8220993951660434,0.0
0.4062489503008212,0.849200730129674,1.0
0.03340556190666998,0.857384937664102,0.0
0.05387845010981958,0.858090369988916,0.0
0.0753901367528089,0.8547606156430503,0.0
0.09622448233151779,0.8468944593502982,0.0
0.11796182743754427,0.849902909470556,0.0
0.13733930670245706,0.8548917454596514,0.0
0.15946930435603643,0.8426249215616797,0.0
0.1791356402861043,0.8436812952288122,0.0
0.20038246966267176,0.8472106514934025,0.0
0.22149736315098212,0.8479670164323522,0.0
0.24163640096626254,0.8445193225168356,0.0
0.2634475235745855,0.856305383206141,0.0
0.2843957846581941,0.8534526648762961,0.0
0.3085477995699211,0.8439066218780777,0.0
0.32814622437817054,0.8405059970541833,0.0
0.3461735349438942,0.8500906816245266,0.0
0.36877863559768853,0.8429718728425013,0.0
0.38859695238493874,0.852150088934122,0.0
0.024243624354731902,0.8651924082293323,0.0
0.04439972102755798,0.8629455188218972,0.0
0.0644828823963436,0.8658065990958499,0.0
0.08551930669785088,0.8693811584000746,0.0
0.10706964713097569,0.8733033215929357,0.0
0.12806441049383466,0.8757589684428841,0.0
0.1506437230906177,0.870869756996888,0.0
0.16913327785109444,0.8619398087851861,0.0
0.19097027330481153,0.8747801607190069,0.0
0.2126068039140668,0.8658590813336076,0.0
0.23399956458614227,0.8636277558209369,0.0
0.2561862124058273,0.8588867647842796,0.0
0.2752082114501407,0.8670099456163624,0.0
0.2966657476327613,0.8677616063655155,0.0
0.3171105063608176,0.866749669951071,0.0
0.3385830755224129,0.8686652104713171,0.0
0.3600063913071661,0.8699512382099247,0.0
0.37490479319811526,0.8662634870738071,0.0
0.396242749704519,0.8621196941957012,0.0
0.033524826516667924,0.8912921895076386,0.0
0.055053517286246904,0.8883185893010487,0.0
0.07660912294526058,0.8845489250245807,0.0
0.09649544010427148,0.8796125868836895,0.0
0.11845920474956702,0.8830485397465704,0.0
0.140472445600806,0.8883105376573739,0.0
0.1613046229136725,0.8767813261807998,0.0
0.18308491262037607,0.8830079417686383,0.0
0.20039208482219617,0.8858626715954199,0.0
0.22366539830862273,0.8825927382194814,0.0
0.24380055906267092,0.8843716670479352,0.0
0.2637902354823632,0.8926868131098623,0.0
0.28472581716673684,0.8759593985656595,0.0
0.3076046747369452,0.8935846034247752,0.0
0.3250373186331856,0.8932215763975184,0.0
0.3489447759200163,0.8826124521529366,0.0
0.3743864330105071,0.8779697713194372,0.0
0.39264647904136507,0.8802616341543822,0.0
0.4197964228825632,0.8871552329505545,1.0
0.019799325376971575,0.9167029003515462,0.0
0.04324749972315678,0.9158189830564628,0.0
0.06502363170742483,0.9064890179239152,0.0
0.08633650355566624,0.9021108011336979,0.0
0.10834976400815352,0.8966848304721319,0.0
0.13007588892249275,0.9035172325412811,0.0
0.15003022123905552,0.9033065847030812,0.0
0.1720486537596254,0.898641412618853,0.0
0.19098387092197872,0.9099950136674424,0.0
0.21210850823719093,0.9024314874262187,0.0
0.23631659383924122,0.905310049799598,0.0
0.25497918766337363,0.8973818874799546,0.0
0.27828956194293075,0.9039056880905098,0.0
0.29443739374127087,0.9018883370635054,0.0
0.31720535596780197,0.8987265665040952,0.0
0.33707231333315585,0.9008831369422191,0.0
0.3589736169322504,0.9025690215949492,0.0
0.3756296178362392,0.8951484921030449,0.0
0.39658861135546475,0.9060865393154632,0.0
0.4116847883196228,0.9027380452372452,0.0
0.035232782636092044,0.9336981700756674,0.0
0.05661714167837862,0.9328369542974743,0.0
0.07714739154606633,0.922535694631957,0.0
0.09915279403868951,0.9259668083752197,0.0
0.11887635912249353,0.9191544724208637,0.0
0.14157141431811793,0.9306283777062648,0.0
0.16319102241985517,0.9279305440578405,0.0
0.18241971598787612,0.9209712533069716,0.0
0.20221310150497693,0.9144199518920997,0.0
0.22358129193186063,0.923486442458283,0.0
0.24553332546726786,0.9198379711900322,0.0
0.26577709636261687,0.9181373555723986,0.0
0.2893888146790883,0.9131615784093906,0.0
0.30742572847036176,0.9280742564239228,0.0
0.3281982716054051,0.9136989504080184,0.0
0.3503531587039651,0.9195612496756803,0.0
0.3664614328606293,0.9197985533068824,0.0
0.38573023605562756,0.9187395976660633,0.0
0.40688825655919947,0.929121969326145,0.0
0.432201423914925,0.9292341292221108,1.0
0.024955715247870828,0.9384675152684003,0.0
0.0462158061499433,0.9485861139501882,0.0
0.06783905416729934,0.9394608865322375,0.0
0.08922259941037879,0.9325879753823303,0.0
0.11007538482078635,0.9369534392974633,0.0
0.1310758051169637,0.9318629303279328,0.0
0.1508666511078231,0.9378946550839667,0.0
0.1728188717065688,0.9412632041445633,0.0
0.19269696904408598,0.9475013292523096,0.0
0.2148893454778913,0.9461366250708959,0.0
0.2375929030572562,0.9464846525301407,0.0
0.2586434368762878,0.9455082791133629,0.0
0.2776768889357943,0.9443298288738573,0.0
0.2951838097048257,0.9317232172042801,0.0
0.3169812834275517,0.9376768914861359,0.0
0.338294706037484,0.9469620494777351,0.0
0.3607365134214258,0.9487078169448258,0.0
0.37979024874428113,0.9455743164527184,0.0
0.40146758311473396,0.9379888515714286,0.0
0.4165816989689071,0.9356372365468837,0.0
0.039536636251018234,0.9529188177536932,0.0
0.059401207435504096,0.951776617653197,0.0
0.07895676902211068,0.969210852576426,0.0
0.118994985423804,0.9541410705722215,0.0
0.13869349236472314,0.9633481155978801,0.0
0.156612076498318,0.9578180857607732,0.0
0.1747062399160929,0.9674985684255053,0.0
0.19199466656234818,0.9568168015596232,0.0
0.207891960347562,0.9631695592032873,0.0
0.2288327270995519,0.9640480673666374,0.0
0.24765875305921084,0.9507631162851741,0.0
0.26838287541777756,0.9548728691558531,0.0
0.28658452914221927,0.950383309978923,0.0
0.31031714536692373,0.9626331861030104,0.0
0.3284087170518707,0.9568020555324536,0.0
0.34861304746587646,0.9690710780427714,0.0
0.37012383644934804,0.9548129507049748,0.0
0.38931701978094113,0.9534954931838211,0.0
0.41994754353764036,0.9576190944543572,0.0
0.4357446837042244,0.9668697304451171,0.0
0.4529186146092865,0.957207370449188,1.0
0.0001987642494062,0.9800828469366976,1.0
0.018498434674371338,0.9826574044364237,0.0
0.05310555208814372,0.9743318748960675,0.0
0.09861698140480518,0.9539414858575206,0.0
0.10996452287551886,0.9797606907579638,0.0
0.12737608012070573,0.9812039280591542,0.0
0.16628661009204104,0.9737524863843853,0.0
0.1848302373030924,0.9858975480386087,0.0
0.2045256028701735,0.9819346615174218,0.0
0.2207711952483853,0.9730208320231265,0.0
0.23903561265589593,0.9705025241836592,0.0
0.2615396177304049,0.975014128555601,0.0
0.2812651859156229,0.9778976037947559,0.0
0.29566363328509665,0.9686536235022569,0.0
0.31813083187559843,0.982006251744304,0.0
0.3367311940284649,0.9710708785233582,0.0
0.3615336758612667,0.9762680269050327,0.0
0.38014470623993635,0.9775191983648549,0.0
0.39940427441326254,0.9737050780553216,0.0
0.42077629297063196,0.9840277982324441,0.0
0.45448823642359254,0.9830804447281328,0.0
0.4787694508887,0.9802746241166624,1.0
0.03554680971090746,0.9819089786076991,0.0
0.07239866577580338,0.9694214882578239,0.0
0.08984925502032307,0.972586852975306,0.0
0.14567860776631045,0.9776537262555048,0.0
0.1534833028117795,0.999752876905978,1.0
0.1775879222035277,0.9997090053758336,1.0
0.2143892127608085,0.9996420023870628,1.0
0.2389351335937743,0.999597613927138,1.0
0.2638005871338546,0.9995523393740712,1.0
0.300372039827278,0.9994857741529014,1.0
0.3251181183075411,0.9994407322054096,1.0
0.3491344776643433,0.999397293883992,1.0
0.3863320550399711,0.9993295869065144,1.0
0.4102449269798438,0.999286042043922,1.0
0.4348776950819857,0.999241493571056,1.0
0.0017923271071463,0.0172144339753999,1.0
0.02040262929605015,0.04418715564744795,0.0
0.01816763651879199,0.0860579911747324,0.0
0.0013800288789159,0.1127472641445666,1.0
0.018368875256460495,0.1411318736905789,0.0
0.0012581652198297,0.1879127690689546,1.0
0.016916986336545838,0.2116441097311364,0.0
0.0011366260349329,0.262520552049497,1.0
0.016505906816667023,0.2908423678245168,0.0
0.0010151909007187,0.3374214529357434,1.0
0.01624332615866908,0.3618587538369543,0.0
0.0008940813004407,0.4121215654784398,1.0
0.014950684252555451,0.44283668743944044,0.0
0.014751449936758657,0.48441227514483537,0.0
0.014766126165053867,0.5185418424610416,0.0
0.014683242834689891,0.5583564791818857,0.0
0.014771524585853743,0.5921583147663185,0.0
0.01448585740569635,0.6293585666279443,0.0
0.01456828790652994,0.6717610265880082,0.0
0.014335895372182153,0.7075224525751846,0.0
0.014310400899646164,0.7383940126579901,0.0
0.014171092207914291,0.7821701309440742,0.0
0.014091427546823552,0.8075528958955182,0.0
0.014140146154898708,0.8517104803277118,0.0
0.014201030423757168,0.8973394672557965,0.0
0.015684573598127978,0.9338167401313122,0.0
0.019025989134051676,0.9584542368404534,0.0
0.009422065649738,0.9997839211105044,1.0
