0.0,0.6422446661300782,1.0
0.0,0.6258041795371755,1.0
0.0,0.6093636831432113,1.0
0.0,0.5929231867492472,1.0
0.0,0.5764827099574059,1.0
0.0,0.5600422331655647,1.0
0.0,0.5436017465726619,1.0
0.0,0.5271612599797593,1.0
0.0,0.5107207635857952,1.0
0.0,0.4942802671918311,1.0
0.0,0.477839770797867,1.0
0.0,0.4613992744039028,1.0
0.0,0.4449587878110001,1.0
0.0,0.4285183012180974,1.0
0.0,0.4120778048241333,1.0
0.0,0.3956373084301692,1.0
0.0,0.3791968218372665,1.0
0.0,0.3627563352443638,1.0
0.0,0.3463158486514611,1.0
0.0,0.3298753620585584,1.0
0.0,0.3134348754656557,1.0
0.0,0.2969943888727531,1.0
0.0,0.280553892478789,1.0
0.0,0.2641133960848248,1.0
0.0,0.2476728996908607,1.0
0.0,0.2312324032968966,1.0
0.0,0.2147919167039939,1.0
0.0,0.1983514301110912,1.0
0.0,0.1819109435181886,1.0
0.0,0.1654704569252859,1.0
0.0,0.1490299605313217,1.0
0.0,0.1325894641373577,1.0
0.0,0.116148977544455,1.0
0.0,0.0997084909515523,1.0
0.0,0.0832680043586496,1.0
0.0,0.0668275177657469,1.0
0.0,0.0503870213717828,1.0
0.0,0.0339465249778187,1.0
0.0,0.017506038384916,1.0
0.0,0.0010655517920133,1.0
0.0338311664852784,0.0007991687445406,1.0
0.0676623329705568,0.000532785697068,1.0
0.1014934896547738,0.000266392848534,1.0
0.1353246463389909,0.0,1.0
0.151817519605014,0.023485577728366,1.0
0.1683103928710372,0.0469711554567321,1.0
0.1994363291982851,0.054677445795573,1.0
0.230562265525533,0.0623837361344139,1.0
0.2642113282902167,0.05886816402186,1.0
0.2978603910549006,0.0553525919093061,1.0
0.3235408086695014,0.0557775267268573,1.0
0.3492212262841022,0.0562024615444085,1.0
0.371477162850692,0.0788652793734722,1.0
0.3937330994172818,0.1015280972025359,1.0
0.4248441087280353,0.1064521602450798,1.0
0.4559551180387888,0.1113762232876237,1.0
0.488446165798322,0.111704892080219,1.0
0.5209372135578553,0.1120335608728143,1.0
0.5511941681802935,0.1221702890115419,1.0
0.5814511228027318,0.1323070171502696,1.0
0.6050159911177293,0.1552624554681425,1.0
0.6285808594327267,0.1782178937860153,1.0
0.6522855006841826,0.1976538395667789,1.0
0.6759901419356386,0.2170897853475425,1.0
0.7065930152187156,0.2213900304348438,1.0
0.7371958885017926,0.2256902755221451,1.0
0.7651883568957709,0.2186070288546971,1.0
0.7931808252897492,0.2115237821872491,1.0
0.7968160879639771,0.1790043015486284,1.0
0.8004513506382049,0.1464848209100077,1.0
0.7990953443919493,0.1128623778280546,1.0
0.7977393381456936,0.0792399347461014,1.0
0.8016051707890812,0.045677356547108,1.0
0.8054710034324688,0.0121147783481146,1.0
0.8350725708809329,0.0073836491989994,1.0
0.864674138329397,0.0026525200498842,1.0
0.8985056086475784,0.0028767781355099,1.0
0.9323370789657598,0.0031010362211357,1.0
0.9661685394828798,0.0033253041078228,1.0
1.0,0.0035495719945099,1.0
0.999967695701664,0.0200465225020706,1.0
0.9999353914033284,0.0365434730096313,1.0
0.9999030479007468,0.0530404333182534,1.0
0.9998707043981656,0.0695373936268755,1.0
0.999838409900891,0.0860343539354976,1.0
0.9998061154036164,0.1025313142441197,1.0
0.9997737719010352,0.1190282647516804,1.0
0.9997414283984538,0.1355252152592411,1.0
0.999709124100118,0.1520221657668018,1.0
0.999676819801782,0.1685191162743625,1.0
0.999644515503446,0.1850160765829845,1.0
0.9996122112051103,0.2015130368916066,1.0
0.999579867702529,0.2180099873991673,1.0
0.9995475241999476,0.234506937906728,1.0
0.9995152199016116,0.2510038982153502,1.0
0.9994829156032758,0.2675008585239723,1.0
0.9994505819017558,0.283997809031533,1.0
0.999418248200236,0.3004947595390937,1.0
0.9993859439019002,0.3169917100466544,1.0
0.9993536396035644,0.3334886605542151,1.0
0.999321296100983,0.3499856208628372,1.0
0.9992889525984016,0.3664825811714593,1.0
0.9992566483000656,0.38297953167902,1.0
0.9992243440017298,0.3994764821865807,1.0
0.9991920103002098,0.4159734424952028,1.0
0.9991596765986898,0.4324704028038248,1.0
0.999127372300354,0.4489673533113856,1.0
0.999095068002018,0.4654643038189462,1.0
0.9990627244994368,0.4819612543265069,1.0
0.9990303809968551,0.4984582048340676,1.0
0.9989980766985194,0.5149551651426898,1.0
0.9989657724001836,0.5314521254513118,1.0
0.9989334288976022,0.5479490759588725,1.0
0.9989010853950208,0.5644460264664333,1.0
0.998868781096685,0.5809429965761168,1.0
0.9988364767983492,0.5974399666858002,1.0
0.9988041430968292,0.613936917193361,1.0
0.9987718093953092,0.6304338677009217,1.0
0.9987395050969732,0.6469308182084823,1.0
0.9987072007986376,0.663427768716043,1.0
0.9629921625028524,0.6634456948573222,1.0
0.9272771242070672,0.6634636209986015,1.0
0.8915620663091592,0.6634815667420035,1.0
0.8558470084112513,0.6634995124854055,1.0
0.8377960016099615,0.6346886064601971,1.0
0.8197449948086718,0.6058777004349887,1.0
0.7975316340527527,0.5822219664798602,1.0
0.7753182732968337,0.5585662325247319,1.0
0.7446410295599422,0.5633463179754817,1.0
0.7139637858230508,0.5681264034262316,1.0
0.707748501550028,0.5369907052418409,1.0
0.7015332172770051,0.5058550070574502,1.0
0.7023765300020388,0.4783834258720145,1.0
0.7032198427270724,0.4509118446865789,1.0
0.6945043959034465,0.427426217952906,1.0
0.6857889490798205,0.403940591219233,1.0
0.6537153187237535,0.3952508721817513,1.0
0.6216416883676866,0.3865611531442696,1.0
0.5903052840481864,0.3718872490602398,1.0
0.5589688797286861,0.3572133449762101,1.0
0.4731590485074717,0.3939241221037398,1.0
0.4459267896390156,0.4140198459339796,1.0
0.416174315248356,0.4178163458691064,1.0
0.3864218408576963,0.4216128458042332,1.0
0.3561906140214023,0.4362607770755839,1.0
0.3259593871851082,0.4509087083469348,1.0
0.3065831004650152,0.469520531880863,1.0
0.2872068137449222,0.4881323554147913,1.0
0.2644255598900423,0.5093064018200335,1.0
0.2416443060351623,0.5304804482252757,1.0
0.2145906421073238,0.553462123984485,1.0
0.1875369781794854,0.5764437997436943,1.0
0.1527530995219571,0.5777401665314021,1.0
0.1179692208644289,0.57903653331911,1.0
0.0875662794326118,0.5974446319910212,1.0
0.0571633380007947,0.6158527306629322,1.0
0.0285816690003973,0.6372689416929566,1.0
0.490810942334544,0.3808981155156322,1.0
0.5391664289380508,0.362830149532773,1.0
0.02726704541374236,0.014825168599213866,0.0
0.0496051822633952,0.0006749658029812,1.0
0.060126878219520265,0.013261690897711717,0.0
0.0828025224328591,0.0004135690165431,1.0
0.09005059079888494,0.012684523186212894,0.0
0.117867715423466,0.000137459135573,1.0
0.1436589453123787,0.0118679033782533,1.0
0.849609182657576,0.0050603064292091,1.0
0.8507317816498612,0.020707535076104757,0.0
0.8815502990015274,0.0027643867659757,1.0
0.9154983833125481,0.018971392421290055,0.0
0.9154444865895088,0.0029890605844895,1.0
0.9471947079730711,0.01854079065233607,0.0
0.9496233811424156,0.0032156266762486,1.0
0.9771921150113216,0.0033983791081246,1.0
0.9889132615923766,0.003476078289097,1.0
0.014224051077466531,0.021422862403047815,0.0
0.04301626506086591,0.018254282303286178,0.0
0.05765277544155902,0.028179458384107424,0.0
0.07591677163663044,0.01992145107193378,0.0
0.09323055462966044,0.027101230277273364,0.0
0.10888677379324974,0.017679824932331084,0.0
0.12578293079771014,0.015462990196013522,0.0
0.13524816538948317,0.02883056722574654,0.0
0.8204500915071464,0.0097207159275805,1.0
0.8272085690022731,0.02437688199296482,0.0
0.8352285633524329,0.022744285624379294,0.0
0.8774257353085122,0.018790999975610196,0.0
0.886794344145387,0.019112794022326015,0.0
0.9061549242711358,0.034701551598235,0.0
0.9320852066107697,0.019137608996026224,0.0
0.9520310785932621,0.033246999238749374,0.0
0.9567929028324984,0.0189449294714314,0.0
0.9800441612312178,0.0193288926754938,0.0
0.03045282173696203,0.0325777773020417,0.0
0.04596874329374153,0.03828881557507032,0.0
0.06675386041535268,0.038417111060752886,0.0
0.08195710318020735,0.038151724357772136,0.0
0.10187387455483102,0.037966148287473,0.0
0.11787892092473987,0.032813814809500554,0.0
0.14488902335607698,0.041595573057443394,0.0
0.160114493747646,0.0353003311672623,1.0
0.8036369065770926,0.0280381316878878,1.0
0.814710541292177,0.0398514980276581,0.0
0.830332521511833,0.0401008284804228,0.0
0.8449456232314191,0.037787840449516386,0.0
0.8571497537383587,0.036325507747477614,0.0
0.8775193966555189,0.03526903384410267,0.0
0.913571523762356,0.03493009696193146,0.0
0.9275981040226902,0.034682689172513444,0.0
0.9469337753680498,0.048776714436686866,0.0
0.9753791452844024,0.035299877557431775,0.0
0.9930489252742855,0.03175895740535555,0.0
0.016786666397918162,0.055324892591755034,0.0
0.03440356553301101,0.051055117804412055,0.0
0.05512021274516572,0.05193029021049897,0.0
0.07337469126172168,0.054217349004712805,0.0
0.09264419043605356,0.05228483901703121,0.0
0.11164436045103923,0.05190944079790041,0.0
0.12548130793623213,0.0470109674892895,0.0
0.13820348026644944,0.05782640063188725,0.0
0.1550521093609763,0.05457110173271626,0.0
0.1833666179536827,0.0506988390410563,1.0
0.7997934357858342,0.0614065676463884,1.0
0.8173916083869522,0.05501936221167813,0.0
0.8316631085857331,0.054856806543537286,0.0
0.8614671922703453,0.052657832693382846,0.0
0.8788691103031105,0.05149852703482454,0.0
0.8899517382998238,0.051233337288068004,0.0
0.9002489690060936,0.051520154965581884,0.0
0.9213137969970754,0.051312084576973664,0.0
0.9444897575232097,0.05107209768213874,0.0
0.9697634439940884,0.054141819438793315,0.0
0.9898993215323131,0.04719282333101501,0.0
0.030427009745097454,0.06822027221123118,0.0
0.046572201608364096,0.0665851670103811,0.0
0.06404893766682491,0.06789714068037048,0.0
0.08324693781607782,0.06899905480167101,0.0
0.10069272451901053,0.06815096986999755,0.0
0.12072083290602348,0.06607527864481272,0.0
0.13604944559566426,0.07388667568947709,0.0
0.1527923349983016,0.07031349053851019,0.0
0.16811877381834217,0.0661712557788865,0.0
0.18768243270893403,0.06817358278544125,0.0
0.20409760160935708,0.07057233040971529,0.0
0.2161218648146797,0.0588085209403372,1.0
0.2477193080529304,0.0605912101236589,1.0
0.2624893317480524,0.07661313800283179,0.0
0.2809393990518347,0.0571204559362697,1.0
0.2956516995480337,0.07097398348998522,0.0
0.31291163977022296,0.06244595233940228,0.0
0.3393522375178636,0.06723541333718965,0.0
0.3598384726867024,0.0670138116014364,1.0
0.8151737348704081,0.07060053254346,0.0
0.8303109932027775,0.07054138954502626,0.0
0.8494156572670322,0.06942479058030546,0.0
0.8725322267101961,0.06830030413565365,0.0
0.8838076489604215,0.06732405403148417,0.0
0.8948288091865751,0.06661763634477015,0.0
0.9193134363206729,0.066332334019588,0.0
0.926164596810299,0.0672197731680998,0.0
0.9584313332430254,0.06585013283603852,0.0
0.9689613101082195,0.06904029380975649,0.0
0.9902638816536996,0.06438926125679603,0.0
0.020263358742971485,0.08499213436692128,0.0
0.03821365698311855,0.0829798347293615,0.0
0.055559919352625775,0.0822808737744845,0.0
0.07373583990845374,0.08409777640985103,0.0
0.09134053359478383,0.08286965472328797,0.0
0.11050437374649424,0.08292667954654366,0.0
0.1258196538642831,0.08586412284808945,0.0
0.14570707312159772,0.08732339495781913,0.0
0.16167396228065442,0.08458604797987573,0.0
0.179680385151269,0.08303690601775107,0.0
0.19714465164165557,0.0845373605249377,0.0
0.21604790069874766,0.07883179580242435,0.0
0.23105293223741752,0.07931397686873147,0.0
0.24337623353501983,0.07761090086077146,0.0
0.27873660617236173,0.07382068873480999,0.0
0.2895171432193338,0.08801364510164801,0.0
0.3039025891916011,0.08146084907153135,0.0
0.32043954694699983,0.0759448560131823,0.0
0.33830986340238983,0.08514629604020056,0.0
0.34981038711658125,0.08161644527269589,0.0
0.3823672364187136,0.0899544444004639,1.0
0.7983796654477664,0.0951169768520715,1.0
0.8166655013056457,0.08731956059614589,0.0
0.8402476785262729,0.08314875305500846,0.0
0.8548250021577853,0.08297717207490396,0.0
0.875837895567494,0.08243292703975573,0.0
0.8884218514206127,0.08308694917474375,0.0
0.9033586488558576,0.08274679963101779,0.0
0.9256537839161024,0.08266596920960806,0.0
0.9421615334254215,0.08225401933916822,0.0
0.9544571001714606,0.08382924219865798,0.0
0.9868718176808968,0.08139929499703838,0.0
0.03101944611605085,0.09855549714562467,0.0
0.04850014779592649,0.09841805265505882,0.0
0.06614161775495953,0.09872526006609379,0.0
0.08255597990827393,0.09825104167654869,0.0
0.10092397034005361,0.09818684191761236,0.0
0.11721126501446809,0.10027662141258921,0.0
0.13658974691501166,0.10185511100026709,0.0
0.15483934983575945,0.10137128812557969,0.0
0.1705536048289853,0.09991633824618493,0.0
0.18750468427317987,0.09870342109859401,0.0
0.20875120341802342,0.0970554157500706,0.0
0.22511151133915225,0.09558990924717098,0.0
0.24289875803616745,0.09566466547782061,0.0
0.25735266407661334,0.09306888375482313,0.0
0.27594000764841353,0.09256279796302541,0.0
0.3022163679914329,0.09644184300186073,0.0
0.3210502285885561,0.09400601647838161,0.0
0.33062655042997235,0.10065121135087657,0.0
0.3507885834023784,0.09866578279795914,0.0
0.3614046546226135,0.09585009688075165,0.0
0.3751206194555809,0.10544776672265994,0.0
0.8088932635070075,0.10376705012652136,0.0
0.8259407004752509,0.09860101646677599,0.0
0.8502067802526059,0.09972735247599077,0.0
0.8664961828628122,0.09937307146604374,0.0
0.8855351099879265,0.09913269344518294,0.0
0.8927489107470359,0.09893576319551352,0.0
0.9122339133248661,0.09925993130533345,0.0
0.9344897554043411,0.09773179847249537,0.0
0.9605719077411571,0.09868853417510284,0.0
0.9698960469304224,0.09762978337145745,0.0
0.9872876043705814,0.09710528644003671,0.0
0.019926903711179444,0.1131959149272747,0.0
0.038519835666090636,0.11568198663657482,0.0
0.05660358586796999,0.11351447529140267,0.0
0.07446498043305405,0.11456705695375452,0.0
0.09105008970089465,0.1140999052952161,0.0
0.10940382078786991,0.11636870982071337,0.0
0.1259589930508234,0.11741604360435705,0.0
0.1446782120342256,0.11640435199399063,0.0
0.1617744925208308,0.11570666737343635,0.0
0.18149045736638222,0.11526431587587428,0.0
0.1971623636387971,0.11403081046877726,0.0
0.21813844700865329,0.11254522193087153,0.0
0.23454392852471842,0.1120122035508787,0.0
0.2497204672740064,0.11151613278583745,0.0
0.26659387496915443,0.10961570654491087,0.0
0.2851405201658932,0.10759573787783396,0.0
0.3037467592215949,0.11107412274756157,0.0
0.32129634321064077,0.11343102034723045,0.0
0.34392393679596683,0.11570612546680781,0.0
0.3573935496248532,0.11356682402323666,0.0
0.37677987509005095,0.12126048354477169,0.0
0.3927401532036674,0.11692921855427621,0.0
0.4091415551680715,0.1039668547094777,1.0
0.4314077368222099,0.12671537610573164,0.0
0.4400669224375148,0.1088615354486181,1.0
0.4670939601726519,0.1114889001647174,1.0
0.4776594990176293,0.1115957776935985,1.0
0.5046795004089367,0.111869103173864,1.0
0.5101153057107953,0.12912643786430583,0.0
0.7997743755849227,0.1296990905641981,1.0
0.8345007819192968,0.1140171519183096,0.0
0.8453699130566492,0.11540374500540794,0.0
0.8637396050099565,0.11571522628574919,0.0
0.875629105229591,0.11518704243692598,0.0
0.8918086757316707,0.11488134982027393,0.0
0.9192623217565804,0.11418345274364877,0.0
0.9338467496816257,0.11463397635622458,0.0
0.9500371497188443,0.11369012907422736,0.0
0.9539397763348555,0.11338654408784474,0.0
0.9728712222903705,0.1130606086489646,0.0
0.030457565678869227,0.13085269364593313,0.0
0.047582448473961,0.13060161531050374,0.0
0.06549278214469116,0.1314015538835125,0.0
0.08246304358599052,0.13075834570329456,0.0
0.09964265320027925,0.13233347614956875,0.0
0.11720229453222886,0.1327242894091797,0.0
0.1365518843034754,0.13141298696157308,0.0
0.15349992845175794,0.130531540717511,0.0
0.17343068533227662,0.13230793013465522,0.0
0.18987779586213993,0.1302961804692867,0.0
0.20693500764635864,0.12834369755588976,0.0
0.22675510452108363,0.1281178759122969,0.0
0.24375622283533374,0.1264111329413678,0.0
0.26101862031949935,0.12473789496552773,0.0
0.2769953617714983,0.12425191587889856,0.0
0.2983419505702209,0.12428502296769593,0.0
0.31220234048886863,0.12832147597629845,0.0
0.3323894530233922,0.12978623337738543,0.0
0.3480766862651456,0.13001709351118482,0.0
0.37015646612034525,0.13336591002419948,0.0
0.38277094395462485,0.13405845516914436,0.0
0.4074116214408646,0.1336447703927718,0.0
0.4094407793409169,0.12169601512983877,0.0
0.4445006567165126,0.12549852754600269,0.0
0.4583876115367911,0.13030582319282094,0.0
0.47699672294267453,0.12816109241649992,0.0
0.496614156825443,0.12821975760786794,0.0
0.5256786631961528,0.14711401429977386,0.0
0.5247752263999064,0.1325300595123306,0.0
0.5361306451081771,0.1171236860041044,1.0
0.5662735670510016,0.1272222107516911,1.0
0.8215666519885004,0.1226733504586712,0.0
0.8253499823334416,0.13067336089234902,0.0
0.8468427832042384,0.13142544957867128,0.0
0.8591138418607694,0.13131311655563235,0.0
0.8860165204833431,0.13131456030497282,0.0
0.8953720442330881,0.13077927065833647,0.0
0.9137098525562302,0.12911746627824847,0.0
0.9393625772179471,0.13090768817651582,0.0
0.9475248619668876,0.12999800008515158,0.0
0.9769526016845822,0.12930043494882776,0.0
0.9774330551198788,0.12812850983276788,0.0
0.018442265143778808,0.1446496237663119,0.0
0.037090903590038825,0.1464748739044569,0.0
0.05529420271789241,0.14717053612423267,0.0
0.07303157391938725,0.14550303776223059,0.0
0.09176855151867139,0.14723066882658647,0.0
0.10988463588084538,0.14605768298066485,0.0
0.12849854537087457,0.1469866484172887,0.0
0.14686982694637557,0.14644941446915918,0.0
0.16241776524968982,0.14649143416986032,0.0
0.1812144444941867,0.14709186459344317,0.0
0.19975781738460288,0.14371100109565568,0.0
0.21821401406320662,0.1456030532794836,0.0
0.2363621467237558,0.14429515958899558,0.0
0.2509450167222232,0.14127087950057893,0.0
0.27210472437925803,0.1424360001928083,0.0
0.289250275608922,0.14256198980533116,0.0
0.3074166547808896,0.141733327264175,0.0
0.32386500826409403,0.14448777364680543,0.0
0.34297705890492397,0.14670506150687015,0.0
0.35749027370281644,0.1473056209445612,0.0
0.3745430689972582,0.14650730871768144,0.0
0.3958413967476112,0.14775653311053336,0.0
0.41508311633496847,0.1408612180174499,0.0
0.43374459802385873,0.14224643881303956,0.0
0.449167994013243,0.14469598639401185,0.0
0.4719606851505369,0.14462417352909626,0.0
0.4849406763657692,0.14632538388212069,0.0
0.5089617259008482,0.1438442098091414,0.0
0.5356905830448925,0.14859611723623364,0.0
0.5429290848036229,0.1340821407844274,0.0
0.5564932423738022,0.14660317779456897,0.0
0.5796187770751038,0.14607477189343268,0.0
0.5935327711995577,0.14407621232863,1.0
0.8231813999867292,0.1372056937395157,0.0
0.8228091464957412,0.14824158061738632,0.0
0.8401593132494977,0.14657634762070854,0.0
0.8557455801620454,0.1472009368513845,0.0
0.8828768833868387,0.1459932300672341,0.0
0.8927992336445368,0.14731267248272353,0.0
0.9152702787077333,0.14586245074240214,0.0
0.9258311878630651,0.14575496702494142,0.0
0.947829408924034,0.1459805460793191,0.0
0.9660808923947201,0.14540956345877468,0.0
0.9800177026969731,0.14409906258274316,0.0
0.030385841832979273,0.15915186362954525,0.0
0.047083819769816335,0.1621703885865294,0.0
0.0650019680912561,0.1633147389519225,0.0
0.08198546682280612,0.16186724104785374,0.0
0.10013886663261791,0.16289618040463738,0.0
0.11776526138733573,0.1617727613455764,0.0
0.13639893838577077,0.1636977165176681,0.0
0.15638238146076372,0.1621835731181188,0.0
0.17368994213416372,0.16150689308480418,0.0
0.19054842524688986,0.16119140057198997,0.0
0.20861351912355056,0.15919679512754736,0.0
0.2265307092648008,0.1598236683458507,0.0
0.24461372144327623,0.15893845811013138,0.0
0.26280551634289007,0.15652757731142541,0.0
0.2810432633691238,0.15857559113485425,0.0
0.29972144255647487,0.1581776455300709,0.0
0.31416999812707136,0.15815951082855328,0.0
0.33190917565923306,0.16124362568496664,0.0
0.34838467352393554,0.16241402422639747,0.0
0.3670578579098314,0.16180585173812098,0.0
0.3870823711377459,0.1610216953902928,0.0
0.4084523647073787,0.16136498242462743,0.0
0.4287536869866903,0.15739153112914647,0.0
0.44579348911727235,0.16116009252270627,0.0
0.45742996268436814,0.15908104078545474,0.0
0.474175922142169,0.1616210815517077,0.0
0.49105278414924813,0.16043962471799242,0.0
0.5104828695315393,0.16058812462698438,0.0
0.5302505857783661,0.16249921170024795,0.0
0.5512800239676668,0.16185161365160064,0.0
0.5677513155877063,0.160842331178667,0.0
0.584141701686862,0.16016911668273962,0.0
0.6039972155833764,0.1709461508365874,0.0
0.819950487977665,0.15665806413607458,0.0
0.8341575975257769,0.16200225682288044,0.0
0.8553467831741545,0.1629320029574774,0.0
0.8570335094170728,0.16142658063421983,0.0
0.8839416820133581,0.16272713031870495,0.0
0.9059845574009369,0.16085830863455192,0.0
0.9167964767585621,0.1623635796562864,0.0
0.9292636721685368,0.16189447887078134,0.0
0.9474938509003002,0.16031187436007027,0.0
0.9682267759402904,0.1599742588854027,0.0
0.9905829347202775,0.16026821799894864,0.0
0.01831219398845649,0.17710312983240695,0.0
0.0371163783125576,0.1757926740866471,0.0
0.054887820549409716,0.17675543468143043,0.0
0.07289018613830213,0.17835933541606655,0.0
0.09134160784407512,0.17844080011516283,0.0
0.10898176096363774,0.17933390617261957,0.0
0.12786609183241054,0.17752628944712892,0.0
0.1464453253521531,0.17923749593180094,0.0
0.1656536944918751,0.17659488327255776,0.0
0.18169926239800802,0.17800242643860498,0.0
0.20134038248716657,0.17718702927594615,0.0
0.2180998514683454,0.17479821119686334,0.0
0.23775330193505342,0.17469599342098313,0.0
0.25394418715989747,0.1740294605399707,0.0
0.2727492704155177,0.1734485123133013,0.0
0.28647395331052855,0.17562278909175005,0.0
0.30402182563826147,0.17489523948507085,0.0
0.3246663788290244,0.17444051521437115,0.0
0.3412180669935132,0.17513750711747042,0.0
0.3609436427486002,0.17719414269376146,0.0
0.38097675184525837,0.17871115270286317,0.0
0.4003964408114569,0.17578289965592309,0.0
0.41429435397095304,0.17747160517099606,0.0
0.4361909816312156,0.17608077597107796,0.0
0.4506319639959206,0.1758679307291878,0.0
0.4663073222466975,0.17545021912825484,0.0
0.48253544911282137,0.178277230764692,0.0
0.5020534281927693,0.17628798199043372,0.0
0.5262974660061176,0.17963016933763223,0.0
0.5354492844931473,0.17811544495919468,0.0
0.5542834728463167,0.17968501847335613,0.0
0.5761478124783317,0.17907165617529083,0.0
0.5857497699094125,0.18223494418457428,0.0
0.6055790340878809,0.1832915281212539,0.0
0.6169972515061648,0.1669338588530731,1.0
0.7985249527484022,0.1637175395588807,1.0
0.8214668733477523,0.17307072595068193,0.0
0.8416637746308306,0.1785684375952449,0.0
0.8512694171999008,0.17702925998135133,0.0
0.8752479584099662,0.17705562231090163,0.0
0.8897550892232127,0.17712277893758666,0.0
0.9035704340404015,0.1772323785146546,0.0
0.9271134146457625,0.1758770060665346,0.0
0.9441668088381492,0.17736228422311015,0.0
0.9568511673083892,0.17578569774887778,0.0
0.9794323930675274,0.17687552392783457,0.0
0.03002072066290298,0.19037766578884047,0.0
0.04738827773927977,0.19085074338098357,0.0
0.06423906459721856,0.19277603178144623,0.0
0.08192294430019821,0.19423207598103337,0.0
0.10013966808874081,0.19258039431380228,0.0
0.1187944848087727,0.19198112640366652,0.0
0.13696030552683702,0.19233207861684257,0.0
0.1554097689400423,0.19236428850400855,0.0
0.17461522448484365,0.19379789542885728,0.0
0.18964395530290282,0.19190386815412397,0.0
0.2080844850632574,0.1905857159071353,0.0
0.2254788613654054,0.1913214524356717,0.0
0.2464333994381226,0.18955248387498502,0.0
0.2633804107003628,0.18874014184558022,0.0
0.2788219243409637,0.19186898909992542,0.0
0.298347990021616,0.1891444428318089,0.0
0.3134781265927732,0.19091363625637356,0.0
0.3375121162498608,0.1923201122933977,0.0
0.35010466729075856,0.19126320921802833,0.0
0.3742518559648506,0.19402013071092925,0.0
0.39192265808360094,0.19091168527019214,0.0
0.405332917894456,0.19109591709246362,0.0
0.4211494548823188,0.19310713963850126,0.0
0.4441519374486237,0.193656643980039,0.0
0.46154145237163735,0.19167158464044323,0.0
0.47688492689998496,0.19360629795233175,0.0
0.49605914712071597,0.191386506842657,0.0
0.5144793755828899,0.19574486639532337,0.0
0.5272168786230892,0.19452815127922823,0.0
0.546268026285028,0.1955925785715021,0.0
0.5692791102007067,0.1922409953992689,0.0
0.5804331050577564,0.19480268082948238,0.0
0.5995209434240766,0.19451657576879777,0.0
0.6263671664707243,0.19583759898996903,0.0
0.6398213272280913,0.1874341953660996,1.0
0.8146963936090184,0.1888482088826727,0.0
0.8207793162654685,0.19248236644027714,0.0
0.8410391653119716,0.1947886470818173,0.0
0.8649506086730314,0.19163522970743707,0.0
0.8735563575439527,0.1914898342010821,0.0
0.9071749550174909,0.191374464665132,0.0
0.9249373764785347,0.19115780082112183,0.0
0.9292533369017483,0.19414410230596582,0.0
0.9467396986554156,0.1919052181895585,0.0
0.9692484888657085,0.1948102791799346,0.0
0.9782861112055189,0.19191663156275524,0.0
0.01820791679708321,0.2058434067800149,0.0
0.03649605437723844,0.20819755498689632,0.0
0.05488794811563505,0.20656348705743077,0.0
0.07396399775086683,0.21049035676159478,0.0
0.09057080912355457,0.2076045822140886,0.0
0.1094143349704943,0.20954913450353405,0.0
0.1286602682334914,0.20840364194568534,0.0
0.146082652778296,0.2080555375947618,0.0
0.164364568841391,0.20773681656804688,0.0
0.18327373732591054,0.20707471798427146,0.0
0.1993309905758022,0.20914881617640962,0.0
0.21969743367710778,0.20847139548904042,0.0
0.23530192129739705,0.20701533593039853,0.0
0.253542308763101,0.20758192615236792,0.0
0.272708505174551,0.2059549799902104,0.0
0.2874046838594987,0.20505116844310964,0.0
0.30632211106981594,0.20557883801752128,0.0
0.3289186475584824,0.20503060997337022,0.0
0.34560028839167645,0.2078475009234758,0.0
0.36499634744237025,0.20730334041576917,0.0
0.38055339898356766,0.20680706052943543,0.0
0.3996666889575686,0.20815177503895407,0.0
0.41772571373432904,0.20873157556226365,0.0
0.4367160701002416,0.20838824158690253,0.0
0.4514619183782963,0.20960182100899316,0.0
0.4686628686563072,0.20869700095544994,0.0
0.4846815802027389,0.20957619966840219,0.0
0.5081244056669469,0.2110815695249473,0.0
0.5200542175307439,0.21182874412760827,0.0
0.5319167341111954,0.2100559443763998,0.0
0.5487828715578009,0.20971579397816853,0.0
0.5697901999768382,0.210183586864484,0.0
0.5878247134865372,0.20903942034674064,0.0
0.601250334249086,0.21124854831459855,0.0
0.6259886267641728,0.21355557715788318,0.0
0.6347401941473267,0.20620001164483776,0.0
0.6639865764298774,0.2072478035233506,1.0
0.79487569322475,0.1963622299318854,1.0
0.8071859671268045,0.20817740424360262,0.0
0.8274600196665757,0.20495880847663314,0.0
0.8510268285095804,0.2062821269243207,0.0
0.8747840433166622,0.2075739953483119,0.0
0.8813549857114306,0.20902136078687297,0.0
0.9132358576006248,0.20963650911450168,0.0
0.9253102884082204,0.20760191146840257,0.0
0.9388397904988813,0.20737722543667486,0.0
0.9688109806045251,0.20806473423987368,0.0
0.9813414579566309,0.2081940479497114,0.0
0.030069136932074123,0.22411810543570573,0.0
0.047045528440614104,0.22489552007491262,0.0
0.06428179827882008,0.22450814585704557,0.0
0.08289941402655981,0.22389757504913732,0.0
0.100948707251931,0.22550309081615622,0.0
0.11817748538852728,0.2261745495477655,0.0
0.13646519542708738,0.22349572714138294,0.0
0.15564554707209757,0.22244711066090628,0.0
0.17392964835682662,0.2225623120201109,0.0
0.1932866526734497,0.22157239589983804,0.0
0.20995347559944394,0.22416269616603285,0.0
0.22881748112431055,0.22083693251614286,0.0
0.24524497236511025,0.22331384820409325,0.0
0.2627857659084639,0.21957310304622069,0.0
0.2805241879174777,0.22145510871623172,0.0
0.30238952431528815,0.2208257459395066,0.0
0.3147463780751469,0.22421402526209366,0.0
0.3374908601689111,0.2207742221842212,0.0
0.35548199967291805,0.2240254061868415,0.0
0.36946890404380134,0.22560013371434276,0.0
0.3870675036173163,0.22372869833900036,0.0
0.40737193959014645,0.2259616662159154,0.0
0.42975252783888107,0.22629740159423523,0.0
0.44280962364976084,0.22450342054031078,0.0
0.45694366629147626,0.22636593668124663,0.0
0.47448787057736813,0.22528587327895086,0.0
0.48970457243158,0.22444771881077474,0.0
0.5148937099922631,0.227943451834514,0.0
0.5324933173129067,0.2289050136208683,0.0
0.5482450183581838,0.2272424453082028,0.0
0.5644066697492575,0.22534804540168077,0.0
0.5809594230335036,0.22420744411181795,0.0
0.6029580713006709,0.22562303723022148,0.0
0.6152034984259781,0.22594682258282503,0.0
0.6345494933227094,0.22602246676886617,0.0
0.6473622232611128,0.21695659540457046,0.0
0.6631130940003169,0.22520197561928337,0.0
0.6908346544311814,0.2191757019653014,1.0
0.7103054162892914,0.23892527338174702,0.0
0.7511814255262601,0.2221513590133623,1.0
0.7788373867833762,0.2151532625020993,1.0
0.7932683512773567,0.22761127527032382,0.0
0.8110118857778403,0.22271083800931415,0.0
0.8279595128309846,0.22092966717295534,0.0
0.8388525693200183,0.22074989672304496,0.0
0.85906399622545,0.22338283716338736,0.0
0.8730680945667685,0.2217156529787745,0.0
0.9042217723396319,0.22554059258309425,0.0
0.9185194655991763,0.22264070937101388,0.0
0.9381793893249698,0.223835994039003,0.0
0.9433064408257552,0.22348703184596366,0.0
0.9613742662764415,0.2227253063076878,0.0
0.9790399097680265,0.2238845683171854,0.0
0.018253386154472095,0.2394017372824289,0.0
0.03648775827848117,0.2409770531478954,0.0
0.05509205348991456,0.2385307150579834,0.0
0.0729301289124282,0.24080773768838443,0.0
0.09143897456688244,0.24115230785643146,0.0
0.1087548572871137,0.24153107561708828,0.0
0.1273084659797434,0.240738497779037,0.0
0.14602179174464838,0.23770833425309268,0.0
0.16569330176591102,0.23757057563567868,0.0
0.18111628263753032,0.23618425982873398,0.0
0.1995085011623418,0.2366843049828572,0.0
0.21841963413047355,0.2384104585905956,0.0
0.23511736324434684,0.23692600000244524,0.0
0.25372425856300684,0.23884889449365557,0.0
0.27145836812174196,0.2395224475339931,0.0
0.2901559978066536,0.2381881631439131,0.0
0.30984824702984276,0.23646077697890905,0.0
0.32744855873106465,0.23754833139474862,0.0
0.34284735842380826,0.23956834292665263,0.0
0.3652942474881516,0.23922152728037827,0.0
0.3836123704363983,0.2400636067864416,0.0
0.4034784592624311,0.2406655351599779,0.0
0.4185764478989769,0.24198042129194955,0.0
0.43803165085039,0.24030338692283473,0.0
0.4474762748473686,0.2437081649634551,0.0
0.46989507887082743,0.2399492274105886,0.0
0.48538426922840117,0.24297341246562096,0.0
0.5035628503646686,0.23680088037210634,0.0
0.5198239206903901,0.24602774399982633,0.0
0.5355462443863171,0.24664772401172272,0.0
0.5557743820936812,0.24505657019228458,0.0
0.5724579532894472,0.24296899361655908,0.0
0.5929496443325358,0.2396937484772439,0.0
0.6032883369917893,0.2390914824551797,0.0
0.6317166249813162,0.2387585822187023,0.0
0.6498969621508538,0.23846861103514894,0.0
0.6643023292653157,0.23890889534830434,0.0
0.6768032170102918,0.23518127858111404,0.0
0.6887562714546188,0.2365742325079927,0.0
0.7218180451160788,0.223529416479237,1.0
0.7282877032075216,0.24162877215508188,0.0
0.7511496928906191,0.23911803606008844,0.0
0.7667622513505767,0.23491054665430014,0.0
0.7824788372629468,0.23687147937911554,0.0
0.7996827377664874,0.24171776151694677,0.0
0.8166490006186109,0.23808879952423234,0.0
0.8331214293238832,0.23734670474694472,0.0
0.8547536591686471,0.23598796700974387,0.0
0.8782916470637051,0.23991843819559805,0.0
0.8820064677121138,0.2373295714932334,0.0
0.9094679592549609,0.24118183469888024,0.0
0.9279518117835122,0.2394016375078343,0.0
0.9441641250345786,0.24080535836156314,0.0
0.9645587815915478,0.24235638396858789,0.0
0.9861280848683526,0.2404424920233352,0.0
0.03004646552505325,0.2579864754256586,0.0
0.04737592514269397,0.2570906149817607,0.0
0.06471216118908595,0.2535694650675496,0.0
0.08237072635502879,0.2540946704016465,0.0
0.10145802595157474,0.25622764776134227,0.0
0.11844661921717418,0.2543825321294196,0.0
0.13594742685281086,0.25446475819798686,0.0
0.15459082718252973,0.2530574108208201,0.0
0.17345761989933595,0.2546086004589728,0.0
0.19123515178813286,0.25624251713844187,0.0
0.2106073970406599,0.25112356592932894,0.0
0.225909326585884,0.2529518010910133,0.0
0.24523315632869896,0.25083106325236243,0.0
0.2626888440062498,0.251420988280876,0.0
0.28069333204806757,0.25338299245287654,0.0
0.29808892661249814,0.25136037736325656,0.0
0.31670819045587284,0.2528267801763406,0.0
0.3346655131197573,0.25549970130746824,0.0
0.3539668887582286,0.254561900240408,0.0
0.37574895628894817,0.25654115397974464,0.0
0.3903483185147762,0.2570861620640566,0.0
0.4137181183445504,0.25746165985157304,0.0
0.43165660404128803,0.2593935315806082,0.0
0.4455913521790136,0.2563315867175082,0.0
0.46492466890334216,0.26028105547553737,0.0
0.4837945459202365,0.2589094942714709,0.0
0.49764097171776017,0.25389019666915463,0.0
0.5089138766470392,0.26622169953295477,0.0
0.5267272463453981,0.2638369888351145,0.0
0.5415966970861501,0.26234885303190647,0.0
0.5641854864877037,0.25896562909913856,0.0
0.5777224321514648,0.256398617844143,0.0
0.6016210693972085,0.25649739682229394,0.0
0.6221130617072274,0.2531931280248243,0.0
0.6340979735272579,0.2525747784507093,0.0
0.6544329477093265,0.253457653911164,0.0
0.6731931774436452,0.25381971710995455,0.0
0.68527274428586,0.2521036801473549,0.0
0.6952316560936347,0.25214269855410343,0.0
0.7259871699229781,0.2557344281579603,0.0
0.7363158749160136,0.2564985597587868,0.0
0.752479512473847,0.2563854330027983,0.0
0.7752423851180711,0.25275581036734096,0.0
0.793318619243243,0.24791711476502676,0.0
0.8073733095469913,0.25252808766565793,0.0
0.8320790223654588,0.25323946959505167,0.0
0.8437845844448822,0.2513556003197021,0.0
0.8572996410513212,0.25583317923916765,0.0
0.8815366217292119,0.25219284966351235,0.0
0.8984853809284894,0.25361128821382384,0.0
0.9221510850525649,0.25575289216290853,0.0
0.9424529210711945,0.2553209541258608,0.0
0.9475556718983301,0.2554956151216437,0.0
0.9705126156755706,0.2545904305039043,0.0
0.986623021332887,0.25868593723268557,0.0
0.01839603123065446,0.2737648656738432,0.0
0.03697796350448676,0.2690869315569083,0.0
0.05548503770487539,0.27151272648630087,0.0
0.07290082034678162,0.2717411449564755,0.0
0.09232730170175878,0.27274400778079055,0.0
0.11034251603150254,0.27165445889849826,0.0
0.12864802664346717,0.2722403330169571,0.0
0.14551692216769158,0.26950998072548504,0.0
0.1632616818329192,0.2700672382974887,0.0
0.1837922551163309,0.26926168101356657,0.0
0.19959278831100594,0.2673228319325951,0.0
0.21822816151984975,0.2667893927379874,0.0
0.23722664720322606,0.2693319408930212,0.0
0.25324755772885754,0.26926169233549335,0.0
0.2707145082572153,0.26878545041886825,0.0
0.2920434444811422,0.2703918618501534,0.0
0.3116735633895496,0.26738426159942824,0.0
0.32911969907897826,0.26769334983228904,0.0
0.34665071141369264,0.2708960462348474,0.0
0.36347145702893036,0.27183852765424515,0.0
0.3842845213180392,0.26902474039747953,0.0
0.40312544419569285,0.269409200313668,0.0
0.41600094402619187,0.2723468809210529,0.0
0.43975956819671147,0.27326936715298633,0.0
0.4519499990744795,0.2744546229963151,0.0
0.47059532223287714,0.2716885218393304,0.0
0.48725677705376946,0.2703913060496044,0.0
0.5011539923325506,0.2817630749996315,2.0
0.517752965422664,0.2850075673904282,2.0
0.5312605079696977,0.2771372621867207,0.0
0.5522887572172579,0.27246343206687124,0.0
0.5710058400279776,0.2726479308719336,0.0
0.5860607120918968,0.26969060534675104,0.0
0.6021896049354878,0.2698574663311427,0.0
0.6299342426492159,0.2687957930549978,0.0
0.6395990468843238,0.27201972073976205,0.0
0.6596185975697373,0.26846723554446217,0.0
0.6809977688551855,0.26783176942638204,0.0
0.6939299863300943,0.26740054275583064,0.0
0.7167913856988261,0.2720566683695654,0.0
0.7328322005006259,0.272088670069631,0.0
0.7430315141859762,0.27087348143221435,0.0
0.7683196595058038,0.2673396464339156,0.0
0.7858043764368161,0.2651473770311807,0.0
0.7938014061799576,0.2654104158903116,0.0
0.8240141592686747,0.26985475703769823,0.0
0.8331894998754571,0.27097690692332455,0.0
0.8467733835469828,0.2700426595115721,0.0
0.8738001722312583,0.26926373895219224,0.0
0.8867272569666228,0.26734574945402817,0.0
0.8986863257992906,0.27018518920171575,0.0
0.9161082159335212,0.2691791578056649,0.0
0.944316666103994,0.26898663969061576,0.0
0.9597798126352604,0.2709793816726656,0.0
0.9716551858640928,0.2745862175181222,0.0
0.03013155136791987,0.2888308168645089,0.0
0.047017232554204175,0.2867887864299691,0.0
0.06412615078384006,0.2882280312024393,0.0
0.08290244356850489,0.28599805705273984,0.0
0.10049172207181128,0.2845748882157922,0.0
0.11867508454922601,0.28580876655556564,0.0
0.13684735803868037,0.2876635055592419,0.0
0.15476790400569848,0.28465539778593973,0.0
0.1733417748497064,0.2841478252713356,0.0
0.19272013789238393,0.28635106493286705,0.0
0.20863231225679563,0.2828678080914815,0.0
0.22817860776650112,0.2847749047136999,0.0
0.24344277064444445,0.2845114663471649,0.0
0.2637935681666428,0.2825664665387043,0.0
0.2801091787747833,0.28208456384887276,0.0
0.29790416089253513,0.28556445237318334,0.0
0.3167488887582897,0.28459907268633977,0.0
0.33765075053680665,0.2833018641343246,0.0
0.3547508067423445,0.2829925435849219,0.0
0.3712278906918663,0.28379555783923116,0.0
0.3944038122957642,0.2856717416205833,0.0
0.4107930206079273,0.28901004775525885,0.0
0.4259413278960103,0.2860417519335138,0.0
0.45210251215374025,0.29336345388607815,0.0
0.4676263029391875,0.2936453767225643,2.0
0.4831379592238011,0.2846788354862335,2.0
0.5326242567780557,0.2938596801055466,2.0
0.552273574848405,0.2912589391882951,0.0
0.5585153824797078,0.28702894885912145,0.0
0.5867776650997151,0.28855229857190673,0.0
0.5969608472724465,0.28544386828294743,0.0
0.6115808704765386,0.28626084389606854,0.0
0.6341905874867675,0.2853767505155615,0.0
0.6527503647831527,0.2856283636744646,0.0
0.6674533193672464,0.2854808142062352,0.0
0.6889865593341488,0.28842598242504297,0.0
0.69597480425837,0.2848698663347925,0.0
0.7201962399608787,0.2882160313948991,0.0
0.7339606399250774,0.28609123151536353,0.0
0.7509089598030299,0.285746951002403,0.0
0.7811550622780666,0.2865419528873624,0.0
0.7832505419841318,0.2813681578721324,0.0
0.8020672774294225,0.2825499688562687,0.0
0.8320232966461008,0.2853270482021377,0.0
0.8445041043075366,0.2874707900727776,0.0
0.8669910302717285,0.283221188374205,0.0
0.8770083466445299,0.2857110485811466,0.0
0.8990484388604985,0.2851072222464811,0.0
0.9084529186523177,0.28746041714613174,0.0
0.926841105574748,0.2827800456933306,0.0
0.9519631333176981,0.2849965949087834,0.0
0.9640703711027597,0.2886163436698603,0.0
0.9933433631147706,0.2912499230392744,0.0
0.018277547612351865,0.3025507610393879,0.0
0.037249552503805815,0.3053721787483101,0.0
0.05582750166919555,0.3011058048335585,0.0
0.07382905141801979,0.302854705102688,0.0
0.09089957183601893,0.3045383745681827,0.0
0.10896137416765002,0.30208543621669,0.0
0.1270001653052681,0.3026894851375229,0.0
0.1453391826805309,0.29814876318001554,0.0
0.1653535002272608,0.3012735497581797,0.0
0.1837638192105921,0.3005873454641208,0.0
0.20039202098502903,0.2993558292845038,0.0
0.21713931443020823,0.29892937636422695,0.0
0.23425678082298873,0.29883604812534226,0.0
0.25223322454984226,0.29957669715056734,0.0
0.27457012469043135,0.2968269779995579,0.0
0.2878332444950654,0.2989788200327046,0.0
0.30576542356676,0.2986919726234552,0.0
0.32909709561591216,0.2978797977659852,0.0
0.3424795948407366,0.3007077593219087,0.0
0.3655121279804402,0.2979772917942001,0.0
0.3843765300761435,0.30013030112894673,0.0
0.39900398310405577,0.3022370571436802,0.0
0.42171825023265164,0.30271272575452957,0.0
0.4398613023747951,0.29970068473639794,0.0
0.4558760838391557,0.3082321028174397,2.0
0.5441324908214933,0.3082481977009633,2.0
0.5729882000563392,0.30434350876333466,0.0
0.5917664547114395,0.30340970157530434,0.0
0.6091456149329832,0.30181898781781996,0.0
0.6259618961916699,0.3021808409150604,0.0
0.6437451243389982,0.3026298706036861,0.0
0.6540265271300891,0.3046307218255403,0.0
0.676582228197094,0.30506376493557646,0.0
0.6925637589473301,0.2996747284492538,0.0
0.7082703368602702,0.3033986050067696,0.0
0.7295073206981272,0.2995368369995428,0.0
0.7413281779337358,0.30304274811229315,0.0
0.7587312824649818,0.29926560537315094,0.0
0.7829758265336667,0.30136486658330086,0.0
0.7941727613503786,0.297899575197529,0.0
0.8170512157461991,0.2979497249499421,0.0
0.8326764982339678,0.2980278510508367,0.0
0.8511582209737559,0.30225096242268085,0.0
0.8678934787057448,0.2982357250441966,0.0
0.8865968106883673,0.2999813977731874,0.0
0.9101306018157226,0.3025422383317454,0.0
0.9277540504104125,0.2983286156308242,0.0
0.9374161347430912,0.3000007866560972,0.0
0.9609811898424224,0.30199922303500876,0.0
0.9731951024283052,0.3004980374736436,0.0
0.030217788876255865,0.32112923144904004,0.0
0.046967420718274984,0.3164519618204901,0.0
0.06553324803703851,0.3203421731348651,0.0
0.08254580044091163,0.31708019846747626,0.0
0.10183339532989265,0.31907678459347705,0.0
0.1188667350410351,0.31684856853638427,0.0
0.13828965931334244,0.31497631982787405,0.0
0.15409319697488022,0.3194717810822725,0.0
0.17333399530404694,0.31344283790607225,0.0
0.1921636133640267,0.3143995885881051,0.0
0.20773019796889672,0.3174877916889277,0.0
0.22792198948428452,0.3142177994151093,0.0
0.24306017179121606,0.3172943239019079,0.0
0.26561075660417555,0.3172665377443295,0.0
0.27915491075817245,0.31684905943935815,0.0
0.29934479264649905,0.3172436289726379,0.0
0.3173048812509943,0.31389140974703444,0.0
0.3341870774178315,0.3121537096424616,0.0
0.35425518365301545,0.3150965407670818,0.0
0.37440702071601323,0.31693931909315964,0.0
0.3900144296486077,0.3152262647439407,0.0
0.40570105289824543,0.31743456356639826,0.0
0.42782895957558026,0.3222750598200982,0.0
0.4414291793907728,0.3175067832309479,0.0
0.5598444084465758,0.31181182146488884,0.0
0.5823224522372158,0.3205908372714458,0.0
0.5993146271376476,0.3191799706176998,0.0
0.6191405394660565,0.3199556190128207,0.0
0.6330760150579198,0.3176111429642248,0.0
0.6500875631468539,0.3179573491529147,0.0
0.6613324856865784,0.31620450426692254,0.0
0.6870020311003119,0.3204729442694871,0.0
0.7074924214345384,0.31436008536292626,0.0
0.7235079003654332,0.31767927779440697,0.0
0.7453849448287738,0.31762128130613554,0.0
0.7595618401403648,0.3172436023991172,0.0
0.766790379631949,0.3133466000189584,0.0
0.7902273002664377,0.3154473113984101,0.0
0.8056076368969837,0.3161986808614129,0.0
0.8268887536154632,0.31584221528281964,0.0
0.839126484075589,0.3188038639868522,0.0
0.8554041853902513,0.31585252908591616,0.0
0.8809302208291677,0.3190991664182855,0.0
0.8980281655222946,0.31347891276222956,0.0
0.9115446386422073,0.31455980484821733,0.0
0.9351182442867534,0.3183654075807459,0.0
0.953348765291826,0.3190792396167797,0.0
0.9753989630055524,0.318098491429919,0.0
0.978916581242976,0.3184459461480318,0.0
0.018151305366709863,0.3358437895931969,0.0
0.03717801502664563,0.33710368078258707,0.0
0.055514546922665796,0.33469619637494064,0.0
0.07443921539769331,0.33050815906016484,0.0
0.0924002977991938,0.33187631009799423,0.0
0.1095265574365106,0.334478622867855,0.0
0.12781076660697954,0.3291985591011442,0.0
0.14689913431049878,0.32948792435056706,0.0
0.1647504734116386,0.3309759998279958,0.0
0.18304427615934837,0.332122083360697,0.0
0.20129708802786372,0.32979373478144003,0.0
0.2190007851383684,0.33120352910813433,0.0
0.23437560962460793,0.33027035727887666,0.0
0.25270347676008814,0.3331488728832978,0.0
0.27359307771141994,0.33023873280099403,0.0
0.29082789438352197,0.3275610346139399,0.0
0.3108350789936244,0.3311664998882606,0.0
0.32817780358511317,0.33219314447502574,0.0
0.3434217755910793,0.3336471831505815,0.0
0.3595591783732071,0.3340083879008584,0.0
0.38419786248425225,0.3329476319978731,0.0
0.3959280585147907,0.3324612437947407,0.0
0.4165789722885521,0.3370200635180386,0.0
0.4378567533606088,0.3352963156929527,0.0
0.450146967053624,0.3279189461394017,2.0
0.549619019275494,0.3255891616173308,2.0
0.5647825831495381,0.32954983797553183,0.0
0.5899678908853113,0.3314526776427815,0.0
0.6099687508404427,0.3334086373020948,0.0
0.6190644958110006,0.33328990499178773,0.0
0.6362911028295306,0.33326717955100454,0.0
0.657296245085505,0.3339536863936377,0.0
0.6772746898767439,0.3362397802355792,0.0
0.6973794454958243,0.33234288915559673,0.0
0.7128078385542181,0.33536276346803157,0.0
0.7256247426856577,0.3291315745822181,0.0
0.7428441683492832,0.3334540179843093,0.0
0.7647037339045354,0.3302552226818788,0.0
0.7842116012458578,0.3289144901178517,0.0
0.8028820232029454,0.3332806493986498,0.0
0.8109813616406499,0.33043209673782314,0.0
0.8296535255333322,0.3315008230730221,0.0
0.8503785120402149,0.33218539358765503,0.0
0.8751245195053685,0.3295382930514112,0.0
0.8858322279446253,0.3299236345334568,0.0
0.9137759900015747,0.3303629132409984,0.0
0.916003568073009,0.32932437192497027,0.0
0.9508494931454305,0.33046553993994165,0.0
0.9548652370005547,0.3318913014355935,0.0
0.983739095331397,0.32860218623972953,0.0
0.030277070341134107,0.35248940134209944,0.0
0.04752687751322963,0.3488795234835569,0.0
0.06522419256234609,0.3509369316193032,0.0
0.08292064814324944,0.34727567833120937,0.0
0.10143485595981686,0.34724805074498993,0.0
0.12006997584636793,0.34712242252362124,0.0
0.1379551500954573,0.3484750324071962,0.0
0.15395383175995,0.3473209337927344,0.0
0.1734410451409713,0.347385841353359,0.0
0.1907403160656166,0.34948182500105496,0.0
0.20841419537113692,0.34783008117211367,0.0
0.22734565341684088,0.3438612633129329,0.0
0.24636083201279826,0.34592730767768465,0.0
0.2652851788929182,0.3438108901925913,0.0
0.281579706304001,0.3474595538098038,0.0
0.29713568395133655,0.3487641534009324,0.0
0.31523820049065254,0.3459837662178628,0.0
0.3322176930880585,0.3428342576454257,0.0
0.3500284297714458,0.3452226995686541,0.0
0.37311299533743153,0.34658564715406653,0.0
0.38976962423141776,0.3449392912510521,0.0
0.40535684853529125,0.34676922298837787,0.0
0.42412843304680947,0.34769130125713377,0.0
0.4519920391038836,0.3457224328151049,2.0
0.5484837411320651,0.3439696926516575,2.0
0.5662841595623722,0.3429696855143745,0.0
0.6014169588530528,0.3477860023603017,0.0
0.62014929774531,0.34813428068578567,0.0
0.6341789128996065,0.35140109025736893,0.0
0.6512615220124801,0.3543193855238489,0.0
0.6652645626770246,0.3531268582725609,0.0
0.677847446300392,0.34951679413127995,0.0
0.6967016379492206,0.3503442870343535,0.0
0.7223690152377672,0.3455299666724511,0.0
0.7392510594751018,0.34747326577532295,0.0
0.758511795339666,0.34677283004215603,0.0
0.7703008693626654,0.34668085330861675,0.0
0.797206162334874,0.34712020935555804,0.0
0.8101318892167254,0.3477660051926079,0.0
0.8316740626739333,0.3450878688347059,0.0
0.8373138078249506,0.3440335660110192,0.0
0.8654684163150221,0.34683241985211355,0.0
0.8837608258657421,0.3457508024586385,0.0
0.8925679997385304,0.34878138328408,0.0
0.9087840152994565,0.350733176084519,0.0
0.9286129653676254,0.34813601898041113,0.0
0.9548209248295205,0.3444547910802283,0.0
0.9616240049117555,0.34974118289514056,0.0
0.9771124070360626,0.34453280813514797,0.0
0.018752074425285984,0.3688286510042021,0.0
0.038135235256615885,0.3691623917966431,0.0
0.056683074529418204,0.36734023854813186,0.0
0.07409316421332757,0.36471802619991595,0.0
0.09289109115101296,0.36232780764045075,0.0
0.10961774333285924,0.36620950303390953,0.0
0.12947749839143968,0.36668932898014456,0.0
0.14490935104760855,0.3658242236086775,0.0
0.16305362391246694,0.3653038478731446,0.0
0.18276050947235906,0.36618651588154744,0.0
0.2014158371187864,0.35991357079589253,0.0
0.21902354571151364,0.36533405125065016,0.0
0.23451643009461273,0.3623112786633527,0.0
0.2547510894725173,0.35989054138314724,0.0
0.27423339385408185,0.36217564734059354,0.0
0.2921537810538009,0.3587224378511278,0.0
0.3103601000363626,0.3578877975463164,0.0
0.32893285289182167,0.36088707575355805,0.0
0.3473022498774206,0.363207627631244,0.0
0.36022493282766405,0.36346254516611287,0.0
0.37946243967724014,0.3613274412289021,0.0
0.39694883175679924,0.36411124894213404,0.0
0.4136119711967745,0.3638284931691809,0.0
0.4444516184070401,0.3551828812012688,0.0
0.4608074525919859,0.3627972074693424,2.0
0.5740820063831535,0.364290371704495,1.0
0.5814978377788429,0.357036463040219,0.0
0.6043315840695315,0.3586957988193738,0.0
0.6182272725669425,0.3704687779351286,0.0
0.6424464328775397,0.3689727486712238,0.0
0.6617821015155636,0.36281047869365235,0.0
0.673599011201266,0.3634062971188196,0.0
0.6912857227067423,0.3588878786175561,0.0
0.7185190306317016,0.36329928316678106,0.0
0.7283240761048971,0.3602347747922203,0.0
0.7492662120698171,0.36225655561426645,0.0
0.7656918502880095,0.3625426009814346,0.0
0.7792289670919824,0.36642745462958975,0.0
0.7962986645866025,0.365891173187129,0.0
0.8171622350163031,0.3646974348070338,0.0
0.8293908886236212,0.36625451642983914,0.0
0.8611223023351843,0.3650294861308799,0.0
0.8671916992413921,0.36655191760517214,0.0
0.8861965239783841,0.3640287527936781,0.0
0.9120149653125205,0.3655636556797709,0.0
0.9284387743764988,0.36252403933791466,0.0
0.9412314103255148,0.3612805216781778,0.0
0.9666751142040174,0.3617592605996994,0.0
0.9885999714149517,0.3613331628473614,0.0
0.03101557269459781,0.3837741998830582,0.0
0.048213015609257996,0.3801545308857802,0.0
0.06554877924940829,0.381258276856758,0.0
0.08331511360489452,0.3769990564192859,0.0
0.10129922824075897,0.3788020776914046,0.0
0.1201601234461021,0.37664905144687105,0.0
0.13811980326425188,0.3774234296352563,0.0
0.1542865742941878,0.3822665068292944,0.0
0.17287154988370834,0.37648871990531846,0.0
0.19228272159678633,0.38126036071823816,0.0
0.2073328790684649,0.3793065819757813,0.0
0.22696165241016142,0.37487068953417013,0.0
0.2426490472297879,0.3753113845984898,0.0
0.2640286795362344,0.37588837642848866,0.0
0.2778304021038678,0.3764344448959104,0.0
0.30024494422334447,0.3728976112930763,0.0
0.31817971157937086,0.3774107131270607,0.0
0.3322519755536256,0.37275393054661277,0.0
0.3538329310587679,0.3782123853018868,0.0
0.37124811985215284,0.3789010861286611,0.0
0.38963862347275474,0.3771550908460186,0.0
0.41224798700131393,0.3795690251218821,0.0
0.43321650686321733,0.371010396710785,0.0
0.4446367875040095,0.3786771621101601,0.0
0.4562564912112491,0.38124794167002224,0.0
0.4746619437689854,0.3748540820863341,2.0
0.6062489439021885,0.3793531897297772,1.0
0.6366011075410705,0.3906141134152928,1.0
0.6443848770487312,0.3760101275814611,0.0
0.6705331936733075,0.3791327458436001,0.0
0.6937448433087495,0.37314235548896535,0.0
0.7031415780818098,0.37476056628488974,0.0
0.7167762125366303,0.3772740940916414,0.0
0.7350348134488359,0.37958104242638613,0.0
0.7519234169786531,0.382842431418502,0.0
0.7675732917350874,0.37871804391790376,0.0
0.793318396558407,0.3772236933528684,0.0
0.8152208285748397,0.3768952008546731,0.0
0.8200531255784528,0.3779028363587826,0.0
0.8523137705820951,0.3821826773315554,0.0
0.8569736320832985,0.3790772074675518,0.0
0.8835498858805905,0.3824521706319889,0.0
0.8904702940010649,0.3817266198996557,0.0
0.9073149958081193,0.37901639991660113,0.0
0.9381000547488975,0.38003815821192344,0.0
0.9525851095181646,0.3792137809598986,0.0
0.9744663589852078,0.37558055114895444,0.0
0.9832391714315705,0.3746075286801474,0.0
0.019995990044742416,0.39674316766220474,0.0
0.03848881523910476,0.39691629720495314,0.0
0.05702412989518545,0.3955825553402983,0.0
0.07524638936686878,0.39771849354375993,0.0
0.09257814783620043,0.3949491801067409,0.0
0.11050717314075931,0.3960457219876894,0.0
0.1292914312202708,0.39638204411930145,0.0
0.1452894538081017,0.396892415652508,0.0
0.16510673841895687,0.39380132032349086,0.0
0.18341453858254173,0.3947816842094586,0.0
0.20066682768808394,0.3905095915160738,0.0
0.21915291644565882,0.3937882901092555,0.0
0.23444062797567716,0.39063343403891193,0.0
0.25373687351477314,0.39368435047034767,0.0
0.2718083328659972,0.39177195180514257,0.0
0.289474145450742,0.3961691006279164,0.0
0.3075598156622427,0.3916840627554116,0.0
0.3267734842663628,0.39155345803959324,0.0
0.34325787883371217,0.38779212776889066,0.0
0.35962359268183935,0.3901606417233215,0.0
0.37852700328712036,0.3962051936006291,0.0
0.4006894620302677,0.3898036725882917,0.0
0.41597276353601914,0.4014195910438641,0.0
0.42331225442720727,0.38740542374128667,0.0
0.4428437353737947,0.39614896839750907,0.0
0.4598639660184226,0.4037350712170967,1.0
0.6688367986284341,0.3993477396190772,1.0
0.6772680326210485,0.38561704802874014,0.0
0.6912353522618675,0.3907738300937064,0.0
0.715865484251566,0.3975683023499988,0.0
0.7282370466566069,0.3924846618937493,0.0
0.742337528181008,0.393659702898508,0.0
0.7736271135095987,0.39698592125276927,0.0
0.7812721502714499,0.39606004907179243,0.0
0.8049276281375203,0.3939064773586627,0.0
0.8221148501326606,0.392368788040258,0.0
0.8296447250284418,0.395537303543075,0.0
0.8550552410185506,0.39754902855963753,0.0
0.8738171031865136,0.392713135596903,0.0
0.8920629426343398,0.3931873350148111,0.0
0.9130369867224589,0.3962273531826246,0.0
0.9247617879682958,0.39105232397534573,0.0
0.9388488442916423,0.3920385453041023,0.0
0.9591094461553976,0.3954630646734277,0.0
0.9786442607830448,0.3942005939569842,0.0
0.030884708985969452,0.41237468471274435,0.0
0.04860017079224564,0.4099521003631728,0.0
0.06692020447549166,0.4075572065454618,0.0
0.08371899502131562,0.41290678615173415,0.0
0.10128699428603448,0.41465407610533395,0.0
0.11892010864283478,0.40960375157699924,0.0
0.1370105002923785,0.408284735063447,0.0
0.15639789889746042,0.41106151890189957,0.0
0.1736917867337035,0.4078883536309046,0.0
0.18931574167048407,0.4053758440854395,0.0
0.2080150650946792,0.40801414361865646,0.0
0.2254448040340725,0.4077420738993572,0.0
0.24297102094687503,0.4111811804943897,0.0
0.26148127643833613,0.4119975348519019,0.0
0.2792137590565668,0.4086644369132833,0.0
0.298448835582149,0.4037295045075964,0.0
0.3159503213982191,0.4025256078179789,0.0
0.3342491874742232,0.405763894217865,0.0
0.3529549975672695,0.40351029690233986,0.0
0.36969605994278176,0.4115120275377064,0.0
0.39285175933479904,0.4082693230084827,0.0
0.4023366146137122,0.4195820756323499,1.0
0.42987650689852996,0.4047074790103584,0.0
0.4309790172271763,0.4159272239976224,1.0
0.7118498147208623,0.4089201745490766,0.0
0.7185508087304552,0.41385129699215956,0.0
0.7345852459785596,0.40796721522901597,0.0
0.7600638740112196,0.41542502069383425,0.0
0.7751278196326988,0.4093617516384928,0.0
0.7996896277040336,0.41206982677317094,0.0
0.8021156373569269,0.4084523156398511,0.0
0.8278283165022775,0.4098345166158766,0.0
0.8377213094806051,0.40690235149898296,0.0
0.8549901853654777,0.40716510527662125,0.0
0.8834849651469905,0.4061823579834011,0.0
0.9077337775889133,0.4090595589903551,0.0
0.925359924588852,0.4082069382814701,0.0
0.9351753998917266,0.408825087589004,0.0
0.9583917253304721,0.4105243935058947,0.0
0.9683159225073209,0.40622826454155453,0.0
0.9795559389500054,0.4069153644398645,0.0
0.019999185556502926,0.42895636523612213,0.0
0.03894077799763339,0.42331131761134777,0.0
0.05725460493762534,0.42354694198033765,0.0
0.07550542400445488,0.4261477477215192,0.0
0.09228457365418462,0.4268173674222183,0.0
0.10958169333701061,0.42977414298258054,0.0
0.12728870699501899,0.42272901114638156,0.0
0.14498810721803648,0.428686668502344,0.0
0.165155074512751,0.4214124436522469,0.0
0.18364835118058,0.4242011130291331,0.0
0.1981141908989677,0.4273783735591704,0.0
0.21545625711585448,0.42122398220687,0.0
0.23465729600562274,0.4257560910395918,0.0
0.2560055845452162,0.42535439896491645,0.0
0.26998867061273285,0.42113855812808776,0.0
0.28659234243567566,0.42542417213269995,0.0
0.3083853725056178,0.42667798711308547,0.0
0.32456107865380185,0.4218660831905565,0.0
0.3425153224922576,0.4270375817730457,0.0
0.35780231986497363,0.4169205460897239,0.0
0.3721714189044642,0.4285176003644447,1.0
0.6901628059408431,0.4157268795993112,1.0
0.71192701923939,0.4286587778036244,0.0
0.7338071395413677,0.4236334938780534,0.0
0.7423241540785456,0.4252901152288834,0.0
0.7587361501686942,0.42676548004578807,0.0
0.7800529885622011,0.42342449949297045,0.0
0.7978248257375113,0.4257332189911351,0.0
0.8143246655800587,0.4273632343562926,0.0
0.8430124025501665,0.4279764092026609,0.0
0.8467642589076754,0.4233334714060192,0.0
0.8728010620588469,0.4222509553922454,0.0
0.8865763549262794,0.42695273362111397,0.0
0.9055190583771768,0.42226248130850214,0.0
0.9224264680813176,0.4278534052020098,0.0
0.9448896249701917,0.42898125066817455,0.0
0.9664995303284207,0.424192009699913,0.0
0.9826085803109945,0.4242237758949967,0.0
0.031215261702652427,0.4444132956459829,0.0
0.04843502322521836,0.44619999548813977,0.0
0.0658910723192491,0.4436600430098097,0.0
0.08394620026282953,0.44663666457219353,0.0
0.10092452635775839,0.44508726698990725,0.0
0.11893923999622837,0.4425385816837203,0.0
0.1362423100889404,0.44369551861720635,0.0
0.15467118447534114,0.44538471989188505,0.0
0.17147722932754103,0.444059086136555,0.0
0.19172798350125517,0.4424061498786452,0.0
0.20706981525961482,0.4443502424218518,0.0
0.22492435472556196,0.4377423819050807,0.0
0.2448607042865919,0.43744329243130614,0.0
0.2620885490634873,0.44165122651546745,0.0
0.2789598852100342,0.44504971244937297,0.0
0.2968550210185157,0.43682199039706754,0.0
0.3128480664852203,0.44159632994136266,0.0
0.3273697106615436,0.4314061154879664,0.0
0.3420386043663571,0.4431178479414518,1.0
0.6990158256150174,0.4395832256640808,1.0
0.7129682208894326,0.44550407782953544,0.0
0.7348499179021917,0.4417051795331562,0.0
0.7580398227827672,0.4465269404882458,0.0
0.7675612712462936,0.4392711409622218,0.0
0.7880631125382119,0.4443346156109066,0.0
0.8060072284487533,0.4416831155528272,0.0
0.8289689505894721,0.4444446199933146,0.0
0.8497064542581483,0.44138224827877026,0.0
0.8548980278989975,0.44416284600133105,0.0
0.8821805464977491,0.4446081096637998,0.0
0.8996839326777046,0.44373277275812906,0.0
0.9181123364980501,0.4404658020555432,0.0
0.9264438043078582,0.44126214540499803,0.0
0.9603645878056245,0.44128276700863467,0.0
0.9685649076120445,0.44139989946837643,0.0
0.984158344403,0.4369194872196086,0.0
0.01874276877591493,0.45867247593326405,0.0
0.037781265761789945,0.457949652169326,0.0
0.05637616845106037,0.46187100268280884,0.0
0.07450886772888782,0.45903686464409565,0.0
0.0929699549152583,0.45727266715063286,0.0
0.11057306947513178,0.45392556898108705,0.0
0.12860827208909523,0.4525946114243055,0.0
0.14537592878493974,0.45543956763848237,0.0
0.16447818373558054,0.45422891768556417,0.0
0.18342502847557707,0.45859963780262153,0.0
0.19789366644835785,0.45334305775554284,0.0
0.2152385926711375,0.45981119854221103,0.0
0.2346063955744725,0.45152895712123686,0.0
0.2539891182027985,0.45119266798351476,0.0
0.270703218415065,0.45152003652772593,0.0
0.2942822063440217,0.4576913873488444,0.0
0.3118914180419339,0.4566811441591998,0.0
0.7212295821612585,0.4638009633041255,0.0
0.7322515291343547,0.45775885429375224,0.0
0.7500607402747395,0.455424027652122,0.0
0.7596704010159722,0.46115673201028623,0.0
0.7870799570109337,0.4599406877685633,0.0
0.8039532717256771,0.4572516011599665,0.0
0.8203899216863676,0.4622060669489148,0.0
0.8396095226365761,0.46170827507109524,0.0
0.8589777742171799,0.45342080627685316,0.0
0.8643035566357579,0.45611776652016717,0.0
0.8955745682079416,0.4575848670979936,0.0
0.9018068294611963,0.4566833367201869,0.0
0.9236623051209393,0.45531059751838093,0.0
0.949157867827381,0.4547667052441755,0.0
0.9542254655061305,0.45538196075129705,0.0
0.9881528263516004,0.45562878738220547,0.0
0.03062697980568007,0.4695863039876824,0.0
0.047959175751873154,0.47487829627018896,0.0
0.06607485770429022,0.4689971313129548,0.0
0.082548608662811,0.4700210078065959,0.0
0.1017649833944573,0.46881984544133287,0.0
0.11952466457094395,0.47744799904801166,0.0
0.13638074959120441,0.4763607585309159,0.0
0.15601157910982022,0.47031529324476473,0.0
0.1727999536449694,0.46922095448338585,0.0
0.19057780810918454,0.47288409956168864,0.0
0.2077146549571906,0.47067669160245224,0.0
0.22657297627910103,0.47394775264604994,0.0
0.24444528625831424,0.46553762315292246,0.0
0.2601791573240714,0.4713924180523423,0.0
0.2797234579077994,0.47402412811801464,0.0
0.2972873867063191,0.4784494967851318,1.0
0.7027724329836549,0.46548657209741,1.0
0.7197400851503729,0.4776289707332309,0.0
0.7325703676882267,0.4718690494155923,0.0
0.7557830180626304,0.4748152789547985,0.0
0.7679888869172076,0.4785689324711807,0.0
0.7870860570896472,0.47481833289730935,0.0
0.808697866592582,0.47461719552951825,0.0
0.8344098548279698,0.47074835409292987,0.0
0.8418722294326074,0.4763820547190976,0.0
0.8678878081601206,0.4730652598765613,0.0
0.8839949059528247,0.473690905401424,0.0
0.9017498712589405,0.4673835840087144,0.0
0.9208908199516436,0.4710015437532906,0.0
0.9345052615322639,0.4746437732750096,0.0
0.9565137702646124,0.47239751973965594,0.0
0.9729203758583446,0.47661711766417975,0.0
0.9889517127201309,0.47131587048836526,0.0
0.018292324092898327,0.4838291666741312,0.0
0.037392191799822436,0.4901726036422448,0.0
0.05592122023101858,0.49001406348741744,0.0
0.07444980138661761,0.4883122473512962,0.0
0.0923956654519864,0.48664914313691954,0.0
0.11034174827967251,0.49052872109234097,0.0
0.12780672195989776,0.48425931407449285,0.0
0.14459508026291326,0.48687343174882247,0.0
0.16374272003085064,0.4835742293635563,0.0
0.18168113326731278,0.4844227084288918,0.0
0.19834592747602417,0.48787648219675817,0.0
0.21445893219614415,0.48542220563417704,0.0
0.23411610979658468,0.4830285405575451,0.0
0.25178238182748325,0.4806647035047189,0.0
0.2759966141161792,0.4985516803853607,1.0
0.26691133133422307,0.4818932208328961,0.0
0.7234601549779961,0.4938851251138841,0.0
0.7360530779284936,0.4921919527724798,0.0
0.7455883281744998,0.4904969464135249,0.0
0.7629861989452126,0.48648497914058814,0.0
0.7774975811601409,0.48762629906427823,0.0
0.7950213715087557,0.48980480682359434,0.0
0.820285705144144,0.4898863090925214,0.0
0.8336598791341796,0.48721207762520086,0.0
0.8497305508975944,0.48574252981411176,0.0
0.8730606995353523,0.48463157079043656,0.0
0.8841063215039757,0.4892728380689979,0.0
0.90372945115035,0.48865551341441676,0.0
0.9347936300764121,0.48693833439703976,0.0
0.9458837507586364,0.4904993847766959,0.0
0.9614605254647205,0.48443404936713913,0.0
0.9756835619722828,0.48585705391868467,0.0
0.0301544205366078,0.5063116306797848,0.0
0.04775872601112944,0.5043550007540339,0.0
0.06546795146180923,0.5086291485473953,0.0
0.08350622487263085,0.5026746191225573,0.0
0.10123209230732767,0.5052657385564561,0.0
0.11807721469499,0.5047503237152406,0.0
0.13735345465442395,0.5050321551423627,0.0
0.15530286069377922,0.49928302517026746,0.0
0.1729361228768196,0.5015471551347642,0.0
0.18937720376747857,0.5038528375851881,0.0
0.20449877869071523,0.5069367080115704,0.0
0.22384248441438317,0.5042499108270874,0.0
0.24471675605538648,0.5050344260163535,0.0
0.2563883690321831,0.4931414322204539,0.0
0.7019583157781593,0.4920070860672931,1.0
0.7224275425135149,0.5080046083030786,0.0
0.7416277039837901,0.5019987443387989,0.0
0.7652999608549688,0.5086020806776347,0.0
0.7795905860323467,0.502949588256131,0.0
0.7950653079921322,0.5061798153298955,0.0
0.810490195794889,0.502348920250704,0.0
0.8349991252396245,0.501392547328879,0.0
0.8511140656523304,0.4999039013446382,0.0
0.8678315154566264,0.5087728006778881,0.0
0.878720817778345,0.5029052522379958,0.0
0.8964509717829897,0.5052561640415515,0.0
0.9249117842522335,0.503400743651212,0.0
0.9275494136235954,0.5040666417808465,0.0
0.9592673135049032,0.5042310166684343,0.0
0.9695558870554278,0.5030165287737222,0.0
0.9852464541940685,0.5046305410497441,0.0
0.018650831709226427,0.5153246411373024,0.0
0.03754233774604515,0.5248372382810231,0.0
0.05624796285551094,0.517649486375804,0.0
0.07509753044842928,0.5206151759652334,0.0
0.09309211268216296,0.5246235801856097,0.0
0.11188129779305889,0.525150645541695,0.0
0.12814085578119405,0.5236255409302673,0.0
0.1448135153394239,0.5173524030542493,0.0
0.16285784518209995,0.5179288122239266,0.0
0.17663112414916707,0.5289219245132405,0.0
0.19583374544608045,0.5212361800714106,0.0
0.21157371790345017,0.5191860108722587,0.0
0.23390092052518427,0.5175738417818231,0.0
0.253180516964224,0.5197581119083794,1.0
0.7045692808266294,0.5210642805511878,1.0
0.7341469730616232,0.5225766514193706,0.0
0.7504875075977386,0.5237421003703839,0.0
0.7676327857749357,0.518930745622773,0.0
0.7860263698324016,0.5168205201904288,0.0
0.7975389020161219,0.5247206157835042,0.0
0.8180080820705491,0.5155687322021776,0.0
0.8368093468339737,0.5251304476676811,0.0
0.8559394242904457,0.5165770756861776,0.0
0.8644086074364038,0.5211824585169972,0.0
0.8901677905088432,0.5150592303584576,0.0
0.9088617541571822,0.5147353132148176,0.0
0.9302019269567046,0.5197268040687334,0.0
0.94147163868037,0.5215026622744572,0.0
0.9543037720792378,0.516249431405116,0.0
0.9737554391292378,0.523923603714191,0.0
0.030612329965770235,0.5353901183928869,0.0
0.04847982329613778,0.5332339851741248,0.0
0.06666065756861354,0.5406782564814473,0.0
0.08484607534727186,0.5335110450883894,0.0
0.10268360871547527,0.5411354208104573,0.0
0.12229420406224538,0.5400467131231561,0.0
0.14158018889082036,0.532379273303101,0.0
0.15312322789592234,0.5514577994017938,0.0
0.1612649842177148,0.5316037808729942,0.0
0.18858274822531032,0.5371636625426671,0.0
0.20568662692841894,0.5336258253238345,0.0
0.22133663685870064,0.5330251522524561,0.0
0.7202113362270107,0.5244803314911486,0.0
0.7376704431243808,0.5327691607068973,0.0
0.7667207910383093,0.5447036497836127,0.0
0.7841085070606667,0.5402347732297332,0.0
0.799069244758679,0.5308264227034194,0.0
0.8066304345025297,0.530580243395641,0.0
0.835341710303564,0.5397245651890439,0.0
0.847605269625223,0.5379436631269988,0.0
0.8652948120562738,0.5310940136945437,0.0
0.8886852679686961,0.5357248384546158,0.0
0.9010311932866344,0.5392319177172994,0.0
0.9153943823498744,0.5321346671521381,0.0
0.9372806098205267,0.529835575441899,0.0
0.953975235087425,0.534572472581361,0.0
0.9646137245583117,0.5309918996057063,0.0
0.98017158075865,0.5401602594352211,0.0
0.018507718233772664,0.5518379781011162,0.0
0.03836376180820072,0.5507526653611864,0.0
0.05728646317846043,0.5560081648003228,0.0
0.07570658404646179,0.5544354168169133,0.0
0.09362717160867201,0.5542165807613685,0.0
0.11234219537526977,0.5510544305926879,0.0
0.13169055221696455,0.5499122399910806,0.0
0.14447263149950473,0.5603411868567482,0.0
0.17151145479116187,0.5476762437305097,0.0
0.17973324367633445,0.5570928282409346,0.0
0.19619952687602818,0.5488761671804724,0.0
0.22717876675484,0.5427687036833613,1.0
0.710769895264253,0.5521264896484606,1.0
0.7276015805600239,0.5483947149102195,0.0
0.7383048929415469,0.5467920585327666,0.0
0.7604657663319888,0.5608805295019548,1.0
0.7911768408273789,0.5486363330980146,0.0
0.8081314415801284,0.5432899297607257,0.0
0.8145936900455643,0.5513621663754464,0.0
0.842360785843603,0.5558484478580404,0.0
0.84948014045025,0.5566855512058582,0.0
0.8789344795031276,0.5457658670369258,0.0
0.8921810109399089,0.5476833441379386,0.0
0.9131126353028923,0.5524412164949837,0.0
0.9194899666213641,0.5489330765687608,0.0
0.9460509265841182,0.5507154891292331,0.0
0.9547292778594687,0.5499397174722389,0.0
0.9837177320592084,0.5489286017912183,0.0
0.03048165384877802,0.5642402975028326,0.0
0.04769462838475895,0.5602460070539985,0.0
0.06704516278782927,0.5660270571993791,0.0
0.08338810418725325,0.571565347350187,0.0
0.10433601811093532,0.5708338039244759,0.0
0.12449636639416937,0.568328421820283,0.0
0.1353231910980909,0.5783897650024628,1.0
0.16340408603363668,0.5565298597494448,0.0
0.1706342243844964,0.577073751591686,1.0
0.2004011601221199,0.5655158729718649,1.0
0.7243477252838634,0.5665083924222505,1.0
0.7342676853263492,0.5649626780458941,1.0
0.7864699860588293,0.5704420559600257,1.0
0.8087453097750551,0.5676675238145826,0.0
0.8239925811991005,0.5699592175856819,0.0
0.8477468274810985,0.5737394093444265,0.0
0.8594472753446536,0.5707020611818328,0.0
0.8895597332306227,0.5716296817425542,0.0
0.8913629350821006,0.5625521961357726,0.0
0.921404463689739,0.5597006702639856,0.0
0.9341639769189946,0.5692095536526635,0.0
0.9442577601885183,0.5691527848543053,0.0
0.9643291399860444,0.5624087995097565,0.0
0.9839053004764641,0.5654987531452519,0.0
0.018185640056154098,0.57792691492221,0.0
0.03549120939046087,0.5803143634802247,0.0
0.05597398586191619,0.5773523631714238,0.0
0.07301855143750058,0.5862453542059828,0.0
0.09030611839019179,0.5764897503947521,0.0
0.1036613405941031,0.5876995395743672,1.0
0.8090266024533408,0.574691850636632,0.0
0.8278368665271097,0.5898071195933184,0.0
0.8353896133713764,0.5824778414038353,0.0
0.8572760356059193,0.5827813834605252,0.0
0.8670809119106969,0.5838744198132098,0.0
0.8954706783514136,0.5833840686009288,0.0
0.8996528668733111,0.5832197981542412,0.0
0.9318027250838872,0.5841665135392603,0.0
0.935295875839624,0.5844000431682876,0.0
0.9588492341105702,0.5817985520101612,0.0
0.9696902097744118,0.576263494520714,0.0
0.029356502884957787,0.5928632241862857,0.0
0.0454762913820167,0.5893048756342127,0.0
0.060789067216873015,0.5924979718671836,0.0
0.0734121104324891,0.6060145705332338,1.0
0.8082993581404211,0.5936888678244592,1.0
0.8378676806347124,0.6021758953016577,0.0
0.8548545956938927,0.5996948042528621,0.0
0.8662366624799785,0.6000380358993673,0.0
0.8748104334092364,0.6056983800299038,0.0
0.9037302945695093,0.5950396015365553,0.0
0.9085089859544314,0.6020056567890958,0.0
0.9252104984218844,0.5997335225286257,0.0
0.949599389970729,0.5974593335598019,0.0
0.9744145024913341,0.5920499838394757,0.0
0.9822874830953023,0.5880797829983131,0.0
0.015329396038079264,0.6137839694029755,0.0
0.02974540215201975,0.6211727219023299,0.0
0.04401923858709191,0.6068804843365228,0.0
0.8292279438488528,0.6210132746800205,1.0
0.8413627162488068,0.6125960969884712,0.0
0.8674058382566439,0.6201992555346902,0.0
0.8849664239775376,0.6201478618917097,0.0
0.8980232012469327,0.607675977072199,0.0
0.930768355330601,0.6144599471878602,0.0
0.9411558494402471,0.6151013448265236,0.0
0.959550513111116,0.6083361039689431,0.0
0.9752203458826466,0.6036660536613268,0.0
0.0428631403839549,0.6265678519502522,1.0
0.860799861032597,0.6325467898046087,0.0
0.8720874837535885,0.6321357353815154,0.0
0.8827166953499438,0.636351972817262,0.0
0.9100096410569201,0.6237761126349122,0.0
0.9232777476428813,0.6205999005987372,0.0
0.935117437920243,0.6343226604546442,0.0
0.9581932879759308,0.627819403053973,0.0
0.9735057092823861,0.6190314930080861,0.0
0.9763931366153691,0.618342729856858,0.0
0.01467581885096,0.6476885788858757,1.0
0.8466554955915032,0.6488290946525156,1.0
0.8658791226554095,0.6506766098940723,0.0
0.8924895027589279,0.640890381360182,0.0
0.9135141347164378,0.6412681628475277,0.0
0.9346791845017679,0.6436569930080404,0.0
0.9458497625659599,0.6410610189462247,0.0
0.9626920619919895,0.6326779123905052,0.0
0.977256978219928,0.6358614582184828,0.0
0.8736930439600485,0.6634905453887927,1.0
0.883097165418572,0.6439444042909205,0.0
0.908010097194197,0.663473302100726,1.0
0.9084562975018325,0.6482357814303247,0.0
0.944741084636818,0.6634548554634965,1.0
0.9684791313161522,0.6542052727567865,0.0
0.9871864861168099,0.6451678912285203,0.0
0.9819016647405688,0.6634362037738792,1.0
0.0158475880129758,0.0009407695504129,1.0
0.01663391468777757,0.03959265846603821,0.0
0.014287715250735012,0.07235885174434892,0.0
0.013387152875162208,0.09955637381983778,0.0
0.014183663256405384,0.1280390677619842,0.0
0.014536830065741023,0.15780154422915016,0.0
0.014485388667221485,0.1909001898493855,0.0
0.014493592967956928,0.22548479047769618,0.0
0.01447956293131254,0.25554545811698426,0.0
0.01448149515327467,0.2881596504630902,0.0
0.014472938228090941,0.32121021535360944,0.0
0.014476939028081913,0.3537997445046812,0.0
0.014033291951506328,0.38611692957589194,0.0
0.013283804625212706,0.40917092074577854,0.0
0.014174893857252395,0.44333998085200366,0.0
0.014653046265220142,0.4731767387976428,0.0
0.014670286354448555,0.500210347986571,0.0
0.014638241536641717,0.5389695241264226,0.0
0.014595618555069668,0.5671358573554643,0.0
0.014213290003050492,0.5952460379699994,0.0
0.015019229962560646,0.6251592354222006,0.0
